[    2454ms] [LOG] Initializing Algolia client... @ http://localhost:4322/src/lib/algoliaClient.ts:24
[    2454ms] [LOG] Environment variables: {appId: undefined, apiKey: undefined, indexName: undefined} @ http://localhost:4322/src/lib/algoliaClient.ts:28
[    2455ms] [LOG] Using mock Algolia client @ http://localhost:4322/src/lib/algoliaClient.ts:37
[    2455ms] [LOG] Final searchClient type: object @ http://localhost:4322/src/lib/algoliaClient.ts:43
[    2455ms] [LOG] Final searchIndex: eu_zentala_io @ http://localhost:4322/src/lib/algoliaClient.ts:44
[    2455ms] [LOG] Final searchClient methods: [search] @ http://localhost:4322/src/lib/algoliaClient.ts:45
[    2520ms] [LOG] AlgoliaSearch component initializing... @ http://localhost:4322/src/components/AlgoliaSearch.astro?astro&type=script&index=0&lang.ts:2
[    2520ms] [LOG] searchClient type: object @ http://localhost:4322/src/components/AlgoliaSearch.astro?astro&type=script&index=0&lang.ts:3
[    2520ms] [LOG] searchClient methods: [search] @ http://localhost:4322/src/components/AlgoliaSearch.astro?astro&type=script&index=0&lang.ts:4
[    2520ms] [LOG] searchIndex: eu_zentala_io @ http://localhost:4322/src/components/AlgoliaSearch.astro?astro&type=script&index=0&lang.ts:5
[    2520ms] [LOG] AlgoliaSearch component initialized @ http://localhost:4322/src/components/AlgoliaSearch.astro?astro&type=script&index=0&lang.ts:123
[  505407ms] [LOG] [vite] server connection lost. Polling for restart... @ http://localhost:4322/@vite/client:1243
[  506918ms] [LOG] Initializing Algolia client... @ http://localhost:4322/src/lib/algoliaClient.ts:24
[  506918ms] [LOG] Environment variables: {appId: undefined, apiKey: undefined, indexName: undefined} @ http://localhost:4322/src/lib/algoliaClient.ts:28
[  506918ms] [LOG] Using mock Algolia client @ http://localhost:4322/src/lib/algoliaClient.ts:37
[  506918ms] [LOG] Final searchClient type: object @ http://localhost:4322/src/lib/algoliaClient.ts:43
[  506918ms] [LOG] Final searchIndex: eu_zentala_io @ http://localhost:4322/src/lib/algoliaClient.ts:44
[  506918ms] [LOG] Final searchClient methods: [search] @ http://localhost:4322/src/lib/algoliaClient.ts:45
[  506924ms] [LOG] AlgoliaSearch component initializing... @ http://localhost:4322/src/components/AlgoliaSearch.astro?astro&type=script&index=0&lang.ts:2
[  506924ms] [LOG] searchClient type: object @ http://localhost:4322/src/components/AlgoliaSearch.astro?astro&type=script&index=0&lang.ts:3
[  506924ms] [LOG] searchClient methods: [search] @ http://localhost:4322/src/components/AlgoliaSearch.astro?astro&type=script&index=0&lang.ts:4
[  506924ms] [LOG] searchIndex: eu_zentala_io @ http://localhost:4322/src/components/AlgoliaSearch.astro?astro&type=script&index=0&lang.ts:5
[  506924ms] [LOG] AlgoliaSearch component initialized @ http://localhost:4322/src/components/AlgoliaSearch.astro?astro&type=script&index=0&lang.ts:123
[  977601ms] [LOG] [vite] server connection lost. Polling for restart... @ http://localhost:4322/@vite/client:1243
[  978552ms] [LOG] Initializing Algolia client... @ http://localhost:4322/src/lib/algoliaClient.ts:24
[  978552ms] [LOG] Environment variables: {appId: undefined, apiKey: undefined, indexName: undefined} @ http://localhost:4322/src/lib/algoliaClient.ts:28
[  978552ms] [LOG] Using mock Algolia client @ http://localhost:4322/src/lib/algoliaClient.ts:37
[  978553ms] [LOG] Final searchClient type: object @ http://localhost:4322/src/lib/algoliaClient.ts:43
[  978553ms] [LOG] Final searchIndex: eu_zentala_io @ http://localhost:4322/src/lib/algoliaClient.ts:44
[  978553ms] [LOG] Final searchClient methods: [search] @ http://localhost:4322/src/lib/algoliaClient.ts:45
[  978555ms] [LOG] AlgoliaSearch component initializing... @ http://localhost:4322/src/components/AlgoliaSearch.astro?astro&type=script&index=0&lang.ts:2
[  978555ms] [LOG] searchClient type: object @ http://localhost:4322/src/components/AlgoliaSearch.astro?astro&type=script&index=0&lang.ts:3
[  978555ms] [LOG] searchClient methods: [search] @ http://localhost:4322/src/components/AlgoliaSearch.astro?astro&type=script&index=0&lang.ts:4
[  978556ms] [LOG] searchIndex: eu_zentala_io @ http://localhost:4322/src/components/AlgoliaSearch.astro?astro&type=script&index=0&lang.ts:5
[  978556ms] [LOG] AlgoliaSearch component initialized @ http://localhost:4322/src/components/AlgoliaSearch.astro?astro&type=script&index=0&lang.ts:123
[ 1047634ms] [LOG] Initializing Algolia client... @ http://localhost:4322/src/lib/algoliaClient.ts:24
[ 1047634ms] [LOG] Environment variables: {appId: undefined, apiKey: undefined, indexName: undefined} @ http://localhost:4322/src/lib/algoliaClient.ts:28
[ 1047634ms] [LOG] Using mock Algolia client @ http://localhost:4322/src/lib/algoliaClient.ts:37
[ 1047634ms] [LOG] Final searchClient type: object @ http://localhost:4322/src/lib/algoliaClient.ts:43
[ 1047634ms] [LOG] Final searchIndex: eu_zentala_io @ http://localhost:4322/src/lib/algoliaClient.ts:44
[ 1047634ms] [LOG] Final searchClient methods: [search] @ http://localhost:4322/src/lib/algoliaClient.ts:45
[ 1047735ms] [LOG] AlgoliaSearch component initializing... @ http://localhost:4322/src/components/AlgoliaSearch.astro?astro&type=script&index=0&lang.ts:2
[ 1047735ms] [LOG] searchClient type: object @ http://localhost:4322/src/components/AlgoliaSearch.astro?astro&type=script&index=0&lang.ts:3
[ 1047736ms] [LOG] searchClient methods: [search] @ http://localhost:4322/src/components/AlgoliaSearch.astro?astro&type=script&index=0&lang.ts:4
[ 1047736ms] [LOG] searchIndex: eu_zentala_io @ http://localhost:4322/src/components/AlgoliaSearch.astro?astro&type=script&index=0&lang.ts:5
[ 1047736ms] [LOG] AlgoliaSearch component initialized @ http://localhost:4322/src/components/AlgoliaSearch.astro?astro&type=script&index=0&lang.ts:123
[ 1051045ms] [LOG] Initializing Algolia client... @ http://localhost:4322/src/lib/algoliaClient.ts:24
[ 1051045ms] [LOG] Environment variables: {appId: undefined, apiKey: undefined, indexName: undefined} @ http://localhost:4322/src/lib/algoliaClient.ts:28
[ 1051045ms] [LOG] Using mock Algolia client @ http://localhost:4322/src/lib/algoliaClient.ts:37
[ 1051045ms] [LOG] Final searchClient type: object @ http://localhost:4322/src/lib/algoliaClient.ts:43
[ 1051045ms] [LOG] Final searchIndex: eu_zentala_io @ http://localhost:4322/src/lib/algoliaClient.ts:44
[ 1051045ms] [LOG] Final searchClient methods: [search] @ http://localhost:4322/src/lib/algoliaClient.ts:45
[ 1051120ms] [LOG] AlgoliaSearch component initializing... @ http://localhost:4322/src/components/AlgoliaSearch.astro?astro&type=script&index=0&lang.ts:2
[ 1051120ms] [LOG] searchClient type: object @ http://localhost:4322/src/components/AlgoliaSearch.astro?astro&type=script&index=0&lang.ts:3
[ 1051120ms] [LOG] searchClient methods: [search] @ http://localhost:4322/src/components/AlgoliaSearch.astro?astro&type=script&index=0&lang.ts:4
[ 1051120ms] [LOG] searchIndex: eu_zentala_io @ http://localhost:4322/src/components/AlgoliaSearch.astro?astro&type=script&index=0&lang.ts:5
[ 1051120ms] [LOG] AlgoliaSearch component initialized @ http://localhost:4322/src/components/AlgoliaSearch.astro?astro&type=script&index=0&lang.ts:123
[ 1056044ms] [LOG] Initializing Algolia client... @ http://localhost:4322/src/lib/algoliaClient.ts:24
[ 1056044ms] [LOG] Environment variables: {appId: undefined, apiKey: undefined, indexName: undefined} @ http://localhost:4322/src/lib/algoliaClient.ts:28
[ 1056044ms] [LOG] Using mock Algolia client @ http://localhost:4322/src/lib/algoliaClient.ts:37
[ 1056044ms] [LOG] Final searchClient type: object @ http://localhost:4322/src/lib/algoliaClient.ts:43
[ 1056044ms] [LOG] Final searchIndex: eu_zentala_io @ http://localhost:4322/src/lib/algoliaClient.ts:44
[ 1056044ms] [LOG] Final searchClient methods: [search] @ http://localhost:4322/src/lib/algoliaClient.ts:45
[ 1056119ms] [LOG] AlgoliaSearch component initializing... @ http://localhost:4322/src/components/AlgoliaSearch.astro?astro&type=script&index=0&lang.ts:2
[ 1056119ms] [LOG] searchClient type: object @ http://localhost:4322/src/components/AlgoliaSearch.astro?astro&type=script&index=0&lang.ts:3
[ 1056119ms] [LOG] searchClient methods: [search] @ http://localhost:4322/src/components/AlgoliaSearch.astro?astro&type=script&index=0&lang.ts:4
[ 1056119ms] [LOG] searchIndex: eu_zentala_io @ http://localhost:4322/src/components/AlgoliaSearch.astro?astro&type=script&index=0&lang.ts:5
[ 1056119ms] [LOG] AlgoliaSearch component initialized @ http://localhost:4322/src/components/AlgoliaSearch.astro?astro&type=script&index=0&lang.ts:123
[ 1077148ms] [LOG] Initializing Algolia client... @ http://localhost:4322/src/lib/algoliaClient.ts:24
[ 1077148ms] [LOG] Environment variables: {appId: undefined, apiKey: undefined, indexName: undefined} @ http://localhost:4322/src/lib/algoliaClient.ts:28
[ 1077148ms] [LOG] Using mock Algolia client @ http://localhost:4322/src/lib/algoliaClient.ts:37
[ 1077148ms] [LOG] Final searchClient type: object @ http://localhost:4322/src/lib/algoliaClient.ts:43
[ 1077148ms] [LOG] Final searchIndex: eu_zentala_io @ http://localhost:4322/src/lib/algoliaClient.ts:44
[ 1077148ms] [LOG] Final searchClient methods: [search] @ http://localhost:4322/src/lib/algoliaClient.ts:45
[ 1077152ms] [LOG] AlgoliaSearch component initializing... @ http://localhost:4322/src/components/AlgoliaSearch.astro?astro&type=script&index=0&lang.ts:2
[ 1077152ms] [LOG] searchClient type: object @ http://localhost:4322/src/components/AlgoliaSearch.astro?astro&type=script&index=0&lang.ts:3
[ 1077152ms] [LOG] searchClient methods: [search] @ http://localhost:4322/src/components/AlgoliaSearch.astro?astro&type=script&index=0&lang.ts:4
[ 1077152ms] [LOG] searchIndex: eu_zentala_io @ http://localhost:4322/src/components/AlgoliaSearch.astro?astro&type=script&index=0&lang.ts:5
[ 1077152ms] [LOG] AlgoliaSearch component initialized @ http://localhost:4322/src/components/AlgoliaSearch.astro?astro&type=script&index=0&lang.ts:123
[ 1080822ms] [ERROR] Failed to load resource: the server responded with a status of 500 (Internal Server Error) @ http://localhost:4322/resources:0
[ 1080847ms] [ERROR] Failed to load resource: the server responded with a status of 404 (Not Found) @ http://localhost:4322/favicon.ico:0
[ 1081105ms] [ERROR] [vite] Internal Server Error
can not read a block mapping entry; a multiline key may not be an implicit key
YAMLException: can not read a block mapping entry; a multiline key may not be an implicit key at line 5, column 9:
    datetime: "2026-04-25T22:27"
            ^
    at generateError (C:\code\zentala.eu\node_modules\gray-matter\node_modules\js-yaml\lib\js-yaml\loader.js:167:10)
    at throwError (C:\code\zentala.eu\node_modules\gray-matter\node_modules\js-yaml\lib\js-yaml\loader.js:173:9)
    at readBlockMapping (C:\code\zentala.eu\node_modules\gray-matter\node_modules\js-yaml\lib\js-yaml\loader.js:1073:9)
    at composeNode (C:\code\zentala.eu\node_modules\gray-matter\node_modules\js-yaml\lib\js-yaml\loader.js:1359:12)
    at readDocument (C:\code\zentala.eu\node_modules\gray-matter\node_modules\js-yaml\lib\js-yaml\loader.js:1525:3)
    at loadDocuments (C:\code\zentala.eu\node_modules\gray-matter\node_modules\js-yaml\lib\js-yaml\loader.js:1588:5)
    at load (C:\code\zentala.eu\node_modules\gray-matter\node_modules\js-yaml\lib\js-yaml\loader.js:1614:19)
    at Object.safeLoad (C:\code\zentala.eu\node_modules\gray-matter\node_modules\js-yaml\lib\js-yaml\loader.js:1637:10)
    at module.exports (C:\code\zentala.eu\node_modules\gray-matter\lib\parse.js:12:17)
    at parseMatter (C:\code\zentala.eu\node_modules\gray-matter\index.js:109:17) @ http://localhost:4322/@vite/client:1385
[ 1082051ms] [LOG] [vite] server connection lost. Polling for restart... @ http://localhost:4322/@vite/client:1243
[ 1083141ms] [ERROR] Failed to load resource: the server responded with a status of 500 (Internal Server Error) @ http://localhost:4322/resources:0
[ 1083254ms] [ERROR] Failed to load resource: the server responded with a status of 500 (Internal Server Error) @ http://localhost:4322/resources:0
[ 1083361ms] [ERROR] Failed to load resource: the server responded with a status of 500 (Internal Server Error) @ http://localhost:4322/resources:0
[ 1083635ms] [ERROR] [vite] Internal Server Error
Cannot read properties of undefined (reading &#39;localeCompare&#39;)
TypeError: Cannot read properties of undefined (reading 'localeCompare')
    at C:\code\zentala.eu\src\pages\resources\index.astro:13:30
    at Array.sort (<anonymous>)
    at C:\code\zentala.eu\src\pages\resources\index.astro:13:4
    at index (C:\code\zentala.eu\node_modules\astro\dist\runtime\server\astro-component.js:16:12)
    at callComponentAsTemplateResultOrResponse (file:///C:/code/zentala.eu/node_modules/astro/dist/runtime/server/render/astro/render.js:90:31)
    at renderToAsyncIterable (file:///C:/code/zentala.eu/node_modules/astro/dist/runtime/server/render/astro/render.js:132:32)
    at renderPage (file:///C:/code/zentala.eu/node_modules/astro/dist/runtime/server/render/page.js:31:30)
    at lastNext (file:///C:/code/zentala.eu/node_modules/astro/dist/core/render-context.js:133:31)
    at process.processTicksAndRejections (node:internal/process/task_queues:105:5)
    at async callMiddleware (file:///C:/code/zentala.eu/node_modules/astro/dist/core/middleware/callMiddleware.js:21:10) @ http://localhost:4322/@vite/client:1385
[ 1083790ms] [ERROR] Failed to load resource: the server responded with a status of 500 (Internal Server Error) @ http://localhost:4322/resources:0
[ 1083901ms] [ERROR] Failed to load resource: the server responded with a status of 500 (Internal Server Error) @ http://localhost:4322/resources:0
[ 1084002ms] [ERROR] [vite] Internal Server Error
Cannot read properties of undefined (reading &#39;localeCompare&#39;)
TypeError: Cannot read properties of undefined (reading 'localeCompare')
    at C:\code\zentala.eu\src\pages\resources\index.astro:13:30
    at Array.sort (<anonymous>)
    at C:\code\zentala.eu\src\pages\resources\index.astro:13:4
    at index (C:\code\zentala.eu\node_modules\astro\dist\runtime\server\astro-component.js:16:12)
    at callComponentAsTemplateResultOrResponse (file:///C:/code/zentala.eu/node_modules/astro/dist/runtime/server/render/astro/render.js:90:31)
    at renderToAsyncIterable (file:///C:/code/zentala.eu/node_modules/astro/dist/runtime/server/render/astro/render.js:132:32)
    at renderPage (file:///C:/code/zentala.eu/node_modules/astro/dist/runtime/server/render/page.js:31:30)
    at lastNext (file:///C:/code/zentala.eu/node_modules/astro/dist/core/render-context.js:133:31)
    at process.processTicksAndRejections (node:internal/process/task_queues:105:5)
    at async callMiddleware (file:///C:/code/zentala.eu/node_modules/astro/dist/core/middleware/callMiddleware.js:21:10) @ http://localhost:4322/@vite/client:1385
[ 1084009ms] [ERROR] Failed to load resource: the server responded with a status of 500 (Internal Server Error) @ http://localhost:4322/resources:0
[ 1084109ms] [ERROR] [vite] Internal Server Error
Cannot read properties of undefined (reading &#39;localeCompare&#39;)
TypeError: Cannot read properties of undefined (reading 'localeCompare')
    at C:\code\zentala.eu\src\pages\resources\index.astro:13:30
    at Array.sort (<anonymous>)
    at C:\code\zentala.eu\src\pages\resources\index.astro:13:4
    at index (C:\code\zentala.eu\node_modules\astro\dist\runtime\server\astro-component.js:16:12)
    at callComponentAsTemplateResultOrResponse (file:///C:/code/zentala.eu/node_modules/astro/dist/runtime/server/render/astro/render.js:90:31)
    at renderToAsyncIterable (file:///C:/code/zentala.eu/node_modules/astro/dist/runtime/server/render/astro/render.js:132:32)
    at renderPage (file:///C:/code/zentala.eu/node_modules/astro/dist/runtime/server/render/page.js:31:30)
    at lastNext (file:///C:/code/zentala.eu/node_modules/astro/dist/core/render-context.js:133:31)
    at process.processTicksAndRejections (node:internal/process/task_queues:105:5)
    at async callMiddleware (file:///C:/code/zentala.eu/node_modules/astro/dist/core/middleware/callMiddleware.js:21:10) @ http://localhost:4322/@vite/client:1385
[ 1084118ms] [ERROR] Failed to load resource: the server responded with a status of 500 (Internal Server Error) @ http://localhost:4322/resources:0
[ 1084217ms] [ERROR] [vite] Internal Server Error
Cannot read properties of undefined (reading &#39;localeCompare&#39;)
TypeError: Cannot read properties of undefined (reading 'localeCompare')
    at C:\code\zentala.eu\src\pages\resources\index.astro:13:30
    at Array.sort (<anonymous>)
    at C:\code\zentala.eu\src\pages\resources\index.astro:13:4
    at index (C:\code\zentala.eu\node_modules\astro\dist\runtime\server\astro-component.js:16:12)
    at callComponentAsTemplateResultOrResponse (file:///C:/code/zentala.eu/node_modules/astro/dist/runtime/server/render/astro/render.js:90:31)
    at renderToAsyncIterable (file:///C:/code/zentala.eu/node_modules/astro/dist/runtime/server/render/astro/render.js:132:32)
    at renderPage (file:///C:/code/zentala.eu/node_modules/astro/dist/runtime/server/render/page.js:31:30)
    at lastNext (file:///C:/code/zentala.eu/node_modules/astro/dist/core/render-context.js:133:31)
    at process.processTicksAndRejections (node:internal/process/task_queues:105:5)
    at async callMiddleware (file:///C:/code/zentala.eu/node_modules/astro/dist/core/middleware/callMiddleware.js:21:10) @ http://localhost:4322/@vite/client:1385
[ 1084223ms] [ERROR] Failed to load resource: the server responded with a status of 500 (Internal Server Error) @ http://localhost:4322/resources:0
[ 1084329ms] [ERROR] [vite] Internal Server Error
Cannot read properties of undefined (reading &#39;localeCompare&#39;)
TypeError: Cannot read properties of undefined (reading 'localeCompare')
    at C:\code\zentala.eu\src\pages\resources\index.astro:13:30
    at Array.sort (<anonymous>)
    at C:\code\zentala.eu\src\pages\resources\index.astro:13:4
    at index (C:\code\zentala.eu\node_modules\astro\dist\runtime\server\astro-component.js:16:12)
    at callComponentAsTemplateResultOrResponse (file:///C:/code/zentala.eu/node_modules/astro/dist/runtime/server/render/astro/render.js:90:31)
    at renderToAsyncIterable (file:///C:/code/zentala.eu/node_modules/astro/dist/runtime/server/render/astro/render.js:132:32)
    at renderPage (file:///C:/code/zentala.eu/node_modules/astro/dist/runtime/server/render/page.js:31:30)
    at lastNext (file:///C:/code/zentala.eu/node_modules/astro/dist/core/render-context.js:133:31)
    at process.processTicksAndRejections (node:internal/process/task_queues:105:5)
    at async callMiddleware (file:///C:/code/zentala.eu/node_modules/astro/dist/core/middleware/callMiddleware.js:21:10) @ http://localhost:4322/@vite/client:1385
[ 1084336ms] [ERROR] Failed to load resource: the server responded with a status of 500 (Internal Server Error) @ http://localhost:4322/resources:0
[ 1084437ms] [ERROR] [vite] Internal Server Error
Cannot read properties of undefined (reading &#39;localeCompare&#39;)
TypeError: Cannot read properties of undefined (reading 'localeCompare')
    at C:\code\zentala.eu\src\pages\resources\index.astro:13:30
    at Array.sort (<anonymous>)
    at C:\code\zentala.eu\src\pages\resources\index.astro:13:4
    at index (C:\code\zentala.eu\node_modules\astro\dist\runtime\server\astro-component.js:16:12)
    at callComponentAsTemplateResultOrResponse (file:///C:/code/zentala.eu/node_modules/astro/dist/runtime/server/render/astro/render.js:90:31)
    at renderToAsyncIterable (file:///C:/code/zentala.eu/node_modules/astro/dist/runtime/server/render/astro/render.js:132:32)
    at renderPage (file:///C:/code/zentala.eu/node_modules/astro/dist/runtime/server/render/page.js:31:30)
    at lastNext (file:///C:/code/zentala.eu/node_modules/astro/dist/core/render-context.js:133:31)
    at process.processTicksAndRejections (node:internal/process/task_queues:105:5)
    at async callMiddleware (file:///C:/code/zentala.eu/node_modules/astro/dist/core/middleware/callMiddleware.js:21:10) @ http://localhost:4322/@vite/client:1385
[ 1084443ms] [ERROR] Failed to load resource: the server responded with a status of 500 (Internal Server Error) @ http://localhost:4322/resources:0
[ 1084545ms] [ERROR] [vite] Internal Server Error
Cannot read properties of undefined (reading &#39;localeCompare&#39;)
TypeError: Cannot read properties of undefined (reading 'localeCompare')
    at C:\code\zentala.eu\src\pages\resources\index.astro:13:30
    at Array.sort (<anonymous>)
    at C:\code\zentala.eu\src\pages\resources\index.astro:13:4
    at index (C:\code\zentala.eu\node_modules\astro\dist\runtime\server\astro-component.js:16:12)
    at callComponentAsTemplateResultOrResponse (file:///C:/code/zentala.eu/node_modules/astro/dist/runtime/server/render/astro/render.js:90:31)
    at renderToAsyncIterable (file:///C:/code/zentala.eu/node_modules/astro/dist/runtime/server/render/astro/render.js:132:32)
    at renderPage (file:///C:/code/zentala.eu/node_modules/astro/dist/runtime/server/render/page.js:31:30)
    at lastNext (file:///C:/code/zentala.eu/node_modules/astro/dist/core/render-context.js:133:31)
    at process.processTicksAndRejections (node:internal/process/task_queues:105:5)
    at async callMiddleware (file:///C:/code/zentala.eu/node_modules/astro/dist/core/middleware/callMiddleware.js:21:10) @ http://localhost:4322/@vite/client:1385
[ 1084555ms] [ERROR] Failed to load resource: the server responded with a status of 500 (Internal Server Error) @ http://localhost:4322/resources:0
[ 1084651ms] [ERROR] [vite] Internal Server Error
Cannot read properties of undefined (reading &#39;localeCompare&#39;)
TypeError: Cannot read properties of undefined (reading 'localeCompare')
    at C:\code\zentala.eu\src\pages\resources\index.astro:13:30
    at Array.sort (<anonymous>)
    at C:\code\zentala.eu\src\pages\resources\index.astro:13:4
    at index (C:\code\zentala.eu\node_modules\astro\dist\runtime\server\astro-component.js:16:12)
    at callComponentAsTemplateResultOrResponse (file:///C:/code/zentala.eu/node_modules/astro/dist/runtime/server/render/astro/render.js:90:31)
    at renderToAsyncIterable (file:///C:/code/zentala.eu/node_modules/astro/dist/runtime/server/render/astro/render.js:132:32)
    at renderPage (file:///C:/code/zentala.eu/node_modules/astro/dist/runtime/server/render/page.js:31:30)
    at lastNext (file:///C:/code/zentala.eu/node_modules/astro/dist/core/render-context.js:133:31)
    at process.processTicksAndRejections (node:internal/process/task_queues:105:5)
    at async callMiddleware (file:///C:/code/zentala.eu/node_modules/astro/dist/core/middleware/callMiddleware.js:21:10) @ http://localhost:4322/@vite/client:1385
[ 1084659ms] [ERROR] Failed to load resource: the server responded with a status of 500 (Internal Server Error) @ http://localhost:4322/resources:0
[ 1084759ms] [ERROR] [vite] Internal Server Error
Cannot read properties of undefined (reading &#39;localeCompare&#39;)
TypeError: Cannot read properties of undefined (reading 'localeCompare')
    at C:\code\zentala.eu\src\pages\resources\index.astro:13:30
    at Array.sort (<anonymous>)
    at C:\code\zentala.eu\src\pages\resources\index.astro:13:4
    at index (C:\code\zentala.eu\node_modules\astro\dist\runtime\server\astro-component.js:16:12)
    at callComponentAsTemplateResultOrResponse (file:///C:/code/zentala.eu/node_modules/astro/dist/runtime/server/render/astro/render.js:90:31)
    at renderToAsyncIterable (file:///C:/code/zentala.eu/node_modules/astro/dist/runtime/server/render/astro/render.js:132:32)
    at renderPage (file:///C:/code/zentala.eu/node_modules/astro/dist/runtime/server/render/page.js:31:30)
    at lastNext (file:///C:/code/zentala.eu/node_modules/astro/dist/core/render-context.js:133:31)
    at process.processTicksAndRejections (node:internal/process/task_queues:105:5)
    at async callMiddleware (file:///C:/code/zentala.eu/node_modules/astro/dist/core/middleware/callMiddleware.js:21:10) @ http://localhost:4322/@vite/client:1385
[ 1084767ms] [ERROR] Failed to load resource: the server responded with a status of 500 (Internal Server Error) @ http://localhost:4322/resources:0
[ 1084864ms] [ERROR] [vite] Internal Server Error
Cannot read properties of undefined (reading &#39;localeCompare&#39;)
TypeError: Cannot read properties of undefined (reading 'localeCompare')
    at C:\code\zentala.eu\src\pages\resources\index.astro:13:30
    at Array.sort (<anonymous>)
    at C:\code\zentala.eu\src\pages\resources\index.astro:13:4
    at index (C:\code\zentala.eu\node_modules\astro\dist\runtime\server\astro-component.js:16:12)
    at callComponentAsTemplateResultOrResponse (file:///C:/code/zentala.eu/node_modules/astro/dist/runtime/server/render/astro/render.js:90:31)
    at renderToAsyncIterable (file:///C:/code/zentala.eu/node_modules/astro/dist/runtime/server/render/astro/render.js:132:32)
    at renderPage (file:///C:/code/zentala.eu/node_modules/astro/dist/runtime/server/render/page.js:31:30)
    at lastNext (file:///C:/code/zentala.eu/node_modules/astro/dist/core/render-context.js:133:31)
    at process.processTicksAndRejections (node:internal/process/task_queues:105:5)
    at async callMiddleware (file:///C:/code/zentala.eu/node_modules/astro/dist/core/middleware/callMiddleware.js:21:10) @ http://localhost:4322/@vite/client:1385
[ 1084871ms] [ERROR] Failed to load resource: the server responded with a status of 500 (Internal Server Error) @ http://localhost:4322/resources:0
[ 1084975ms] [ERROR] [vite] Internal Server Error
Cannot read properties of undefined (reading &#39;localeCompare&#39;)
TypeError: Cannot read properties of undefined (reading 'localeCompare')
    at C:\code\zentala.eu\src\pages\resources\index.astro:13:30
    at Array.sort (<anonymous>)
    at C:\code\zentala.eu\src\pages\resources\index.astro:13:4
    at index (C:\code\zentala.eu\node_modules\astro\dist\runtime\server\astro-component.js:16:12)
    at callComponentAsTemplateResultOrResponse (file:///C:/code/zentala.eu/node_modules/astro/dist/runtime/server/render/astro/render.js:90:31)
    at renderToAsyncIterable (file:///C:/code/zentala.eu/node_modules/astro/dist/runtime/server/render/astro/render.js:132:32)
    at renderPage (file:///C:/code/zentala.eu/node_modules/astro/dist/runtime/server/render/page.js:31:30)
    at lastNext (file:///C:/code/zentala.eu/node_modules/astro/dist/core/render-context.js:133:31)
    at process.processTicksAndRejections (node:internal/process/task_queues:105:5)
    at async callMiddleware (file:///C:/code/zentala.eu/node_modules/astro/dist/core/middleware/callMiddleware.js:21:10) @ http://localhost:4322/@vite/client:1385
[ 1084982ms] [ERROR] Failed to load resource: the server responded with a status of 500 (Internal Server Error) @ http://localhost:4322/resources:0
[ 1085085ms] [ERROR] [vite] Internal Server Error
Cannot read properties of undefined (reading &#39;localeCompare&#39;)
TypeError: Cannot read properties of undefined (reading 'localeCompare')
    at C:\code\zentala.eu\src\pages\resources\index.astro:13:30
    at Array.sort (<anonymous>)
    at C:\code\zentala.eu\src\pages\resources\index.astro:13:4
    at index (C:\code\zentala.eu\node_modules\astro\dist\runtime\server\astro-component.js:16:12)
    at callComponentAsTemplateResultOrResponse (file:///C:/code/zentala.eu/node_modules/astro/dist/runtime/server/render/astro/render.js:90:31)
    at renderToAsyncIterable (file:///C:/code/zentala.eu/node_modules/astro/dist/runtime/server/render/astro/render.js:132:32)
    at renderPage (file:///C:/code/zentala.eu/node_modules/astro/dist/runtime/server/render/page.js:31:30)
    at lastNext (file:///C:/code/zentala.eu/node_modules/astro/dist/core/render-context.js:133:31)
    at process.processTicksAndRejections (node:internal/process/task_queues:105:5)
    at async callMiddleware (file:///C:/code/zentala.eu/node_modules/astro/dist/core/middleware/callMiddleware.js:21:10) @ http://localhost:4322/@vite/client:1385
[ 1085093ms] [ERROR] Failed to load resource: the server responded with a status of 500 (Internal Server Error) @ http://localhost:4322/resources:0
[ 1085192ms] [ERROR] [vite] Internal Server Error
Cannot read properties of undefined (reading &#39;localeCompare&#39;)
TypeError: Cannot read properties of undefined (reading 'localeCompare')
    at C:\code\zentala.eu\src\pages\resources\index.astro:13:30
    at Array.sort (<anonymous>)
    at C:\code\zentala.eu\src\pages\resources\index.astro:13:4
    at index (C:\code\zentala.eu\node_modules\astro\dist\runtime\server\astro-component.js:16:12)
    at callComponentAsTemplateResultOrResponse (file:///C:/code/zentala.eu/node_modules/astro/dist/runtime/server/render/astro/render.js:90:31)
    at renderToAsyncIterable (file:///C:/code/zentala.eu/node_modules/astro/dist/runtime/server/render/astro/render.js:132:32)
    at renderPage (file:///C:/code/zentala.eu/node_modules/astro/dist/runtime/server/render/page.js:31:30)
    at lastNext (file:///C:/code/zentala.eu/node_modules/astro/dist/core/render-context.js:133:31)
    at process.processTicksAndRejections (node:internal/process/task_queues:105:5)
    at async callMiddleware (file:///C:/code/zentala.eu/node_modules/astro/dist/core/middleware/callMiddleware.js:21:10) @ http://localhost:4322/@vite/client:1385
[ 1085204ms] [ERROR] Failed to load resource: the server responded with a status of 500 (Internal Server Error) @ http://localhost:4322/resources:0
[ 1085302ms] [ERROR] [vite] Internal Server Error
Cannot read properties of undefined (reading &#39;localeCompare&#39;)
TypeError: Cannot read properties of undefined (reading 'localeCompare')
    at C:\code\zentala.eu\src\pages\resources\index.astro:13:30
    at Array.sort (<anonymous>)
    at C:\code\zentala.eu\src\pages\resources\index.astro:13:4
    at index (C:\code\zentala.eu\node_modules\astro\dist\runtime\server\astro-component.js:16:12)
    at callComponentAsTemplateResultOrResponse (file:///C:/code/zentala.eu/node_modules/astro/dist/runtime/server/render/astro/render.js:90:31)
    at renderToAsyncIterable (file:///C:/code/zentala.eu/node_modules/astro/dist/runtime/server/render/astro/render.js:132:32)
    at renderPage (file:///C:/code/zentala.eu/node_modules/astro/dist/runtime/server/render/page.js:31:30)
    at lastNext (file:///C:/code/zentala.eu/node_modules/astro/dist/core/render-context.js:133:31)
    at process.processTicksAndRejections (node:internal/process/task_queues:105:5)
    at async callMiddleware (file:///C:/code/zentala.eu/node_modules/astro/dist/core/middleware/callMiddleware.js:21:10) @ http://localhost:4322/@vite/client:1385
[ 1085312ms] [ERROR] Failed to load resource: the server responded with a status of 500 (Internal Server Error) @ http://localhost:4322/resources:0
[ 1085411ms] [ERROR] [vite] Internal Server Error
Cannot read properties of undefined (reading &#39;localeCompare&#39;)
TypeError: Cannot read properties of undefined (reading 'localeCompare')
    at C:\code\zentala.eu\src\pages\resources\index.astro:13:30
    at Array.sort (<anonymous>)
    at C:\code\zentala.eu\src\pages\resources\index.astro:13:4
    at index (C:\code\zentala.eu\node_modules\astro\dist\runtime\server\astro-component.js:16:12)
    at callComponentAsTemplateResultOrResponse (file:///C:/code/zentala.eu/node_modules/astro/dist/runtime/server/render/astro/render.js:90:31)
    at renderToAsyncIterable (file:///C:/code/zentala.eu/node_modules/astro/dist/runtime/server/render/astro/render.js:132:32)
    at renderPage (file:///C:/code/zentala.eu/node_modules/astro/dist/runtime/server/render/page.js:31:30)
    at lastNext (file:///C:/code/zentala.eu/node_modules/astro/dist/core/render-context.js:133:31)
    at process.processTicksAndRejections (node:internal/process/task_queues:105:5)
    at async callMiddleware (file:///C:/code/zentala.eu/node_modules/astro/dist/core/middleware/callMiddleware.js:21:10) @ http://localhost:4322/@vite/client:1385
[ 1085420ms] [ERROR] Failed to load resource: the server responded with a status of 500 (Internal Server Error) @ http://localhost:4322/resources:0
[ 1085517ms] [ERROR] [vite] Internal Server Error
Cannot read properties of undefined (reading &#39;localeCompare&#39;)
TypeError: Cannot read properties of undefined (reading 'localeCompare')
    at C:\code\zentala.eu\src\pages\resources\index.astro:13:30
    at Array.sort (<anonymous>)
    at C:\code\zentala.eu\src\pages\resources\index.astro:13:4
    at index (C:\code\zentala.eu\node_modules\astro\dist\runtime\server\astro-component.js:16:12)
    at callComponentAsTemplateResultOrResponse (file:///C:/code/zentala.eu/node_modules/astro/dist/runtime/server/render/astro/render.js:90:31)
    at renderToAsyncIterable (file:///C:/code/zentala.eu/node_modules/astro/dist/runtime/server/render/astro/render.js:132:32)
    at renderPage (file:///C:/code/zentala.eu/node_modules/astro/dist/runtime/server/render/page.js:31:30)
    at lastNext (file:///C:/code/zentala.eu/node_modules/astro/dist/core/render-context.js:133:31)
    at process.processTicksAndRejections (node:internal/process/task_queues:105:5)
    at async callMiddleware (file:///C:/code/zentala.eu/node_modules/astro/dist/core/middleware/callMiddleware.js:21:10) @ http://localhost:4322/@vite/client:1385
[ 1085523ms] [ERROR] Failed to load resource: the server responded with a status of 500 (Internal Server Error) @ http://localhost:4322/resources:0
[ 1085623ms] [ERROR] [vite] Internal Server Error
Cannot read properties of undefined (reading &#39;localeCompare&#39;)
TypeError: Cannot read properties of undefined (reading 'localeCompare')
    at C:\code\zentala.eu\src\pages\resources\index.astro:13:30
    at Array.sort (<anonymous>)
    at C:\code\zentala.eu\src\pages\resources\index.astro:13:4
    at index (C:\code\zentala.eu\node_modules\astro\dist\runtime\server\astro-component.js:16:12)
    at callComponentAsTemplateResultOrResponse (file:///C:/code/zentala.eu/node_modules/astro/dist/runtime/server/render/astro/render.js:90:31)
    at renderToAsyncIterable (file:///C:/code/zentala.eu/node_modules/astro/dist/runtime/server/render/astro/render.js:132:32)
    at renderPage (file:///C:/code/zentala.eu/node_modules/astro/dist/runtime/server/render/page.js:31:30)
    at lastNext (file:///C:/code/zentala.eu/node_modules/astro/dist/core/render-context.js:133:31)
    at process.processTicksAndRejections (node:internal/process/task_queues:105:5)
    at async callMiddleware (file:///C:/code/zentala.eu/node_modules/astro/dist/core/middleware/callMiddleware.js:21:10) @ http://localhost:4322/@vite/client:1385
[ 1085638ms] [ERROR] Failed to load resource: the server responded with a status of 500 (Internal Server Error) @ http://localhost:4322/resources:0
[ 1085731ms] [ERROR] [vite] Internal Server Error
Cannot read properties of undefined (reading &#39;localeCompare&#39;)
TypeError: Cannot read properties of undefined (reading 'localeCompare')
    at C:\code\zentala.eu\src\pages\resources\index.astro:13:30
    at Array.sort (<anonymous>)
    at C:\code\zentala.eu\src\pages\resources\index.astro:13:4
    at index (C:\code\zentala.eu\node_modules\astro\dist\runtime\server\astro-component.js:16:12)
    at callComponentAsTemplateResultOrResponse (file:///C:/code/zentala.eu/node_modules/astro/dist/runtime/server/render/astro/render.js:90:31)
    at renderToAsyncIterable (file:///C:/code/zentala.eu/node_modules/astro/dist/runtime/server/render/astro/render.js:132:32)
    at renderPage (file:///C:/code/zentala.eu/node_modules/astro/dist/runtime/server/render/page.js:31:30)
    at lastNext (file:///C:/code/zentala.eu/node_modules/astro/dist/core/render-context.js:133:31)
    at process.processTicksAndRejections (node:internal/process/task_queues:105:5)
    at async callMiddleware (file:///C:/code/zentala.eu/node_modules/astro/dist/core/middleware/callMiddleware.js:21:10) @ http://localhost:4322/@vite/client:1385
[ 1085741ms] [ERROR] Failed to load resource: the server responded with a status of 500 (Internal Server Error) @ http://localhost:4322/resources:0
[ 1085844ms] [ERROR] Failed to load resource: the server responded with a status of 500 (Internal Server Error) @ http://localhost:4322/resources:0
[ 1085954ms] [ERROR] Failed to load resource: the server responded with a status of 500 (Internal Server Error) @ http://localhost:4322/resources:0
[ 1086054ms] [ERROR] [vite] Internal Server Error
Cannot read properties of undefined (reading &#39;localeCompare&#39;)
TypeError: Cannot read properties of undefined (reading 'localeCompare')
    at C:\code\zentala.eu\src\pages\resources\index.astro:13:30
    at Array.sort (<anonymous>)
    at C:\code\zentala.eu\src\pages\resources\index.astro:13:4
    at index (C:\code\zentala.eu\node_modules\astro\dist\runtime\server\astro-component.js:16:12)
    at callComponentAsTemplateResultOrResponse (file:///C:/code/zentala.eu/node_modules/astro/dist/runtime/server/render/astro/render.js:90:31)
    at renderToAsyncIterable (file:///C:/code/zentala.eu/node_modules/astro/dist/runtime/server/render/astro/render.js:132:32)
    at renderPage (file:///C:/code/zentala.eu/node_modules/astro/dist/runtime/server/render/page.js:31:30)
    at lastNext (file:///C:/code/zentala.eu/node_modules/astro/dist/core/render-context.js:133:31)
    at process.processTicksAndRejections (node:internal/process/task_queues:105:5)
    at async callMiddleware (file:///C:/code/zentala.eu/node_modules/astro/dist/core/middleware/callMiddleware.js:21:10) @ http://localhost:4322/@vite/client:1385
[ 1086061ms] [ERROR] Failed to load resource: the server responded with a status of 500 (Internal Server Error) @ http://localhost:4322/resources:0
[ 1086161ms] [ERROR] [vite] Internal Server Error
Cannot read properties of undefined (reading &#39;localeCompare&#39;)
TypeError: Cannot read properties of undefined (reading 'localeCompare')
    at C:\code\zentala.eu\src\pages\resources\index.astro:13:30
    at Array.sort (<anonymous>)
    at C:\code\zentala.eu\src\pages\resources\index.astro:13:4
    at index (C:\code\zentala.eu\node_modules\astro\dist\runtime\server\astro-component.js:16:12)
    at callComponentAsTemplateResultOrResponse (file:///C:/code/zentala.eu/node_modules/astro/dist/runtime/server/render/astro/render.js:90:31)
    at renderToAsyncIterable (file:///C:/code/zentala.eu/node_modules/astro/dist/runtime/server/render/astro/render.js:132:32)
    at renderPage (file:///C:/code/zentala.eu/node_modules/astro/dist/runtime/server/render/page.js:31:30)
    at lastNext (file:///C:/code/zentala.eu/node_modules/astro/dist/core/render-context.js:133:31)
    at process.processTicksAndRejections (node:internal/process/task_queues:105:5)
    at async callMiddleware (file:///C:/code/zentala.eu/node_modules/astro/dist/core/middleware/callMiddleware.js:21:10) @ http://localhost:4322/@vite/client:1385
[ 1086167ms] [ERROR] Failed to load resource: the server responded with a status of 500 (Internal Server Error) @ http://localhost:4322/resources:0
[ 1086268ms] [ERROR] [vite] Internal Server Error
Cannot read properties of undefined (reading &#39;localeCompare&#39;)
TypeError: Cannot read properties of undefined (reading 'localeCompare')
    at C:\code\zentala.eu\src\pages\resources\index.astro:13:30
    at Array.sort (<anonymous>)
    at C:\code\zentala.eu\src\pages\resources\index.astro:13:4
    at index (C:\code\zentala.eu\node_modules\astro\dist\runtime\server\astro-component.js:16:12)
    at callComponentAsTemplateResultOrResponse (file:///C:/code/zentala.eu/node_modules/astro/dist/runtime/server/render/astro/render.js:90:31)
    at renderToAsyncIterable (file:///C:/code/zentala.eu/node_modules/astro/dist/runtime/server/render/astro/render.js:132:32)
    at renderPage (file:///C:/code/zentala.eu/node_modules/astro/dist/runtime/server/render/page.js:31:30)
    at lastNext (file:///C:/code/zentala.eu/node_modules/astro/dist/core/render-context.js:133:31)
    at process.processTicksAndRejections (node:internal/process/task_queues:105:5)
    at async callMiddleware (file:///C:/code/zentala.eu/node_modules/astro/dist/core/middleware/callMiddleware.js:21:10) @ http://localhost:4322/@vite/client:1385
[ 1086275ms] [ERROR] Failed to load resource: the server responded with a status of 500 (Internal Server Error) @ http://localhost:4322/resources:0
[ 1086376ms] [ERROR] [vite] Internal Server Error
Cannot read properties of undefined (reading &#39;localeCompare&#39;)
TypeError: Cannot read properties of undefined (reading 'localeCompare')
    at C:\code\zentala.eu\src\pages\resources\index.astro:13:30
    at Array.sort (<anonymous>)
    at C:\code\zentala.eu\src\pages\resources\index.astro:13:4
    at index (C:\code\zentala.eu\node_modules\astro\dist\runtime\server\astro-component.js:16:12)
    at callComponentAsTemplateResultOrResponse (file:///C:/code/zentala.eu/node_modules/astro/dist/runtime/server/render/astro/render.js:90:31)
    at renderToAsyncIterable (file:///C:/code/zentala.eu/node_modules/astro/dist/runtime/server/render/astro/render.js:132:32)
    at renderPage (file:///C:/code/zentala.eu/node_modules/astro/dist/runtime/server/render/page.js:31:30)
    at lastNext (file:///C:/code/zentala.eu/node_modules/astro/dist/core/render-context.js:133:31)
    at process.processTicksAndRejections (node:internal/process/task_queues:105:5)
    at async callMiddleware (file:///C:/code/zentala.eu/node_modules/astro/dist/core/middleware/callMiddleware.js:21:10) @ http://localhost:4322/@vite/client:1385
[ 1086383ms] [ERROR] Failed to load resource: the server responded with a status of 500 (Internal Server Error) @ http://localhost:4322/resources:0
[ 1086491ms] [ERROR] [vite] Internal Server Error
Cannot read properties of undefined (reading &#39;localeCompare&#39;)
TypeError: Cannot read properties of undefined (reading 'localeCompare')
    at C:\code\zentala.eu\src\pages\resources\index.astro:13:30
    at Array.sort (<anonymous>)
    at C:\code\zentala.eu\src\pages\resources\index.astro:13:4
    at index (C:\code\zentala.eu\node_modules\astro\dist\runtime\server\astro-component.js:16:12)
    at callComponentAsTemplateResultOrResponse (file:///C:/code/zentala.eu/node_modules/astro/dist/runtime/server/render/astro/render.js:90:31)
    at renderToAsyncIterable (file:///C:/code/zentala.eu/node_modules/astro/dist/runtime/server/render/astro/render.js:132:32)
    at renderPage (file:///C:/code/zentala.eu/node_modules/astro/dist/runtime/server/render/page.js:31:30)
    at lastNext (file:///C:/code/zentala.eu/node_modules/astro/dist/core/render-context.js:133:31)
    at process.processTicksAndRejections (node:internal/process/task_queues:105:5)
    at async callMiddleware (file:///C:/code/zentala.eu/node_modules/astro/dist/core/middleware/callMiddleware.js:21:10) @ http://localhost:4322/@vite/client:1385
[ 1086501ms] [ERROR] Failed to load resource: the server responded with a status of 500 (Internal Server Error) @ http://localhost:4322/resources:0
[ 1086590ms] [ERROR] [vite] Internal Server Error
Cannot read properties of undefined (reading &#39;localeCompare&#39;)
TypeError: Cannot read properties of undefined (reading 'localeCompare')
    at C:\code\zentala.eu\src\pages\resources\index.astro:13:30
    at Array.sort (<anonymous>)
    at C:\code\zentala.eu\src\pages\resources\index.astro:13:4
    at index (C:\code\zentala.eu\node_modules\astro\dist\runtime\server\astro-component.js:16:12)
    at callComponentAsTemplateResultOrResponse (file:///C:/code/zentala.eu/node_modules/astro/dist/runtime/server/render/astro/render.js:90:31)
    at renderToAsyncIterable (file:///C:/code/zentala.eu/node_modules/astro/dist/runtime/server/render/astro/render.js:132:32)
    at renderPage (file:///C:/code/zentala.eu/node_modules/astro/dist/runtime/server/render/page.js:31:30)
    at lastNext (file:///C:/code/zentala.eu/node_modules/astro/dist/core/render-context.js:133:31)
    at process.processTicksAndRejections (node:internal/process/task_queues:105:5)
    at async callMiddleware (file:///C:/code/zentala.eu/node_modules/astro/dist/core/middleware/callMiddleware.js:21:10) @ http://localhost:4322/@vite/client:1385
[ 1086708ms] [ERROR] Failed to load resource: the server responded with a status of 500 (Internal Server Error) @ http://localhost:4322/resources:0
[ 1086819ms] [ERROR] Failed to load resource: the server responded with a status of 500 (Internal Server Error) @ http://localhost:4322/resources:0
[ 1086916ms] [ERROR] [vite] Internal Server Error
Cannot read properties of undefined (reading &#39;localeCompare&#39;)
TypeError: Cannot read properties of undefined (reading 'localeCompare')
    at C:\code\zentala.eu\src\pages\resources\index.astro:13:30
    at Array.sort (<anonymous>)
    at C:\code\zentala.eu\src\pages\resources\index.astro:13:4
    at index (C:\code\zentala.eu\node_modules\astro\dist\runtime\server\astro-component.js:16:12)
    at callComponentAsTemplateResultOrResponse (file:///C:/code/zentala.eu/node_modules/astro/dist/runtime/server/render/astro/render.js:90:31)
    at renderToAsyncIterable (file:///C:/code/zentala.eu/node_modules/astro/dist/runtime/server/render/astro/render.js:132:32)
    at renderPage (file:///C:/code/zentala.eu/node_modules/astro/dist/runtime/server/render/page.js:31:30)
    at lastNext (file:///C:/code/zentala.eu/node_modules/astro/dist/core/render-context.js:133:31)
    at process.processTicksAndRejections (node:internal/process/task_queues:105:5)
    at async callMiddleware (file:///C:/code/zentala.eu/node_modules/astro/dist/core/middleware/callMiddleware.js:21:10) @ http://localhost:4322/@vite/client:1385
[ 1086925ms] [ERROR] Failed to load resource: the server responded with a status of 500 (Internal Server Error) @ http://localhost:4322/resources:0
[ 1087023ms] [ERROR] [vite] Internal Server Error
Cannot read properties of undefined (reading &#39;localeCompare&#39;)
TypeError: Cannot read properties of undefined (reading 'localeCompare')
    at C:\code\zentala.eu\src\pages\resources\index.astro:13:30
    at Array.sort (<anonymous>)
    at C:\code\zentala.eu\src\pages\resources\index.astro:13:4
    at index (C:\code\zentala.eu\node_modules\astro\dist\runtime\server\astro-component.js:16:12)
    at callComponentAsTemplateResultOrResponse (file:///C:/code/zentala.eu/node_modules/astro/dist/runtime/server/render/astro/render.js:90:31)
    at renderToAsyncIterable (file:///C:/code/zentala.eu/node_modules/astro/dist/runtime/server/render/astro/render.js:132:32)
    at renderPage (file:///C:/code/zentala.eu/node_modules/astro/dist/runtime/server/render/page.js:31:30)
    at lastNext (file:///C:/code/zentala.eu/node_modules/astro/dist/core/render-context.js:133:31)
    at process.processTicksAndRejections (node:internal/process/task_queues:105:5)
    at async callMiddleware (file:///C:/code/zentala.eu/node_modules/astro/dist/core/middleware/callMiddleware.js:21:10) @ http://localhost:4322/@vite/client:1385
[ 1087030ms] [ERROR] Failed to load resource: the server responded with a status of 500 (Internal Server Error) @ http://localhost:4322/resources:0
[ 1087130ms] [ERROR] [vite] Internal Server Error
Cannot read properties of undefined (reading &#39;localeCompare&#39;)
TypeError: Cannot read properties of undefined (reading 'localeCompare')
    at C:\code\zentala.eu\src\pages\resources\index.astro:13:30
    at Array.sort (<anonymous>)
    at C:\code\zentala.eu\src\pages\resources\index.astro:13:4
    at index (C:\code\zentala.eu\node_modules\astro\dist\runtime\server\astro-component.js:16:12)
    at callComponentAsTemplateResultOrResponse (file:///C:/code/zentala.eu/node_modules/astro/dist/runtime/server/render/astro/render.js:90:31)
    at renderToAsyncIterable (file:///C:/code/zentala.eu/node_modules/astro/dist/runtime/server/render/astro/render.js:132:32)
    at renderPage (file:///C:/code/zentala.eu/node_modules/astro/dist/runtime/server/render/page.js:31:30)
    at lastNext (file:///C:/code/zentala.eu/node_modules/astro/dist/core/render-context.js:133:31)
    at process.processTicksAndRejections (node:internal/process/task_queues:105:5)
    at async callMiddleware (file:///C:/code/zentala.eu/node_modules/astro/dist/core/middleware/callMiddleware.js:21:10) @ http://localhost:4322/@vite/client:1385
[ 1087138ms] [ERROR] Failed to load resource: the server responded with a status of 500 (Internal Server Error) @ http://localhost:4322/resources:0
[ 1087237ms] [ERROR] [vite] Internal Server Error
Cannot read properties of undefined (reading &#39;localeCompare&#39;)
TypeError: Cannot read properties of undefined (reading 'localeCompare')
    at C:\code\zentala.eu\src\pages\resources\index.astro:13:30
    at Array.sort (<anonymous>)
    at C:\code\zentala.eu\src\pages\resources\index.astro:13:4
    at index (C:\code\zentala.eu\node_modules\astro\dist\runtime\server\astro-component.js:16:12)
    at callComponentAsTemplateResultOrResponse (file:///C:/code/zentala.eu/node_modules/astro/dist/runtime/server/render/astro/render.js:90:31)
    at renderToAsyncIterable (file:///C:/code/zentala.eu/node_modules/astro/dist/runtime/server/render/astro/render.js:132:32)
    at renderPage (file:///C:/code/zentala.eu/node_modules/astro/dist/runtime/server/render/page.js:31:30)
    at lastNext (file:///C:/code/zentala.eu/node_modules/astro/dist/core/render-context.js:133:31)
    at process.processTicksAndRejections (node:internal/process/task_queues:105:5)
    at async callMiddleware (file:///C:/code/zentala.eu/node_modules/astro/dist/core/middleware/callMiddleware.js:21:10) @ http://localhost:4322/@vite/client:1385
[ 1087245ms] [ERROR] Failed to load resource: the server responded with a status of 500 (Internal Server Error) @ http://localhost:4322/resources:0
[ 1087347ms] [ERROR] [vite] Internal Server Error
Cannot read properties of undefined (reading &#39;localeCompare&#39;)
TypeError: Cannot read properties of undefined (reading 'localeCompare')
    at C:\code\zentala.eu\src\pages\resources\index.astro:13:30
    at Array.sort (<anonymous>)
    at C:\code\zentala.eu\src\pages\resources\index.astro:13:4
    at index (C:\code\zentala.eu\node_modules\astro\dist\runtime\server\astro-component.js:16:12)
    at callComponentAsTemplateResultOrResponse (file:///C:/code/zentala.eu/node_modules/astro/dist/runtime/server/render/astro/render.js:90:31)
    at renderToAsyncIterable (file:///C:/code/zentala.eu/node_modules/astro/dist/runtime/server/render/astro/render.js:132:32)
    at renderPage (file:///C:/code/zentala.eu/node_modules/astro/dist/runtime/server/render/page.js:31:30)
    at lastNext (file:///C:/code/zentala.eu/node_modules/astro/dist/core/render-context.js:133:31)
    at process.processTicksAndRejections (node:internal/process/task_queues:105:5)
    at async callMiddleware (file:///C:/code/zentala.eu/node_modules/astro/dist/core/middleware/callMiddleware.js:21:10) @ http://localhost:4322/@vite/client:1385
[ 1087357ms] [ERROR] Failed to load resource: the server responded with a status of 500 (Internal Server Error) @ http://localhost:4322/resources:0
[ 1087453ms] [ERROR] [vite] Internal Server Error
Cannot read properties of undefined (reading &#39;localeCompare&#39;)
TypeError: Cannot read properties of undefined (reading 'localeCompare')
    at C:\code\zentala.eu\src\pages\resources\index.astro:13:30
    at Array.sort (<anonymous>)
    at C:\code\zentala.eu\src\pages\resources\index.astro:13:4
    at index (C:\code\zentala.eu\node_modules\astro\dist\runtime\server\astro-component.js:16:12)
    at callComponentAsTemplateResultOrResponse (file:///C:/code/zentala.eu/node_modules/astro/dist/runtime/server/render/astro/render.js:90:31)
    at renderToAsyncIterable (file:///C:/code/zentala.eu/node_modules/astro/dist/runtime/server/render/astro/render.js:132:32)
    at renderPage (file:///C:/code/zentala.eu/node_modules/astro/dist/runtime/server/render/page.js:31:30)
    at lastNext (file:///C:/code/zentala.eu/node_modules/astro/dist/core/render-context.js:133:31)
    at process.processTicksAndRejections (node:internal/process/task_queues:105:5)
    at async callMiddleware (file:///C:/code/zentala.eu/node_modules/astro/dist/core/middleware/callMiddleware.js:21:10) @ http://localhost:4322/@vite/client:1385
[ 1087463ms] [ERROR] Failed to load resource: the server responded with a status of 500 (Internal Server Error) @ http://localhost:4322/resources:0
[ 1087564ms] [ERROR] Failed to load resource: the server responded with a status of 500 (Internal Server Error) @ http://localhost:4322/resources:0
[ 1087665ms] [ERROR] [vite] Internal Server Error
Cannot read properties of undefined (reading &#39;localeCompare&#39;)
TypeError: Cannot read properties of undefined (reading 'localeCompare')
    at C:\code\zentala.eu\src\pages\resources\index.astro:13:30
    at Array.sort (<anonymous>)
    at C:\code\zentala.eu\src\pages\resources\index.astro:13:4
    at index (C:\code\zentala.eu\node_modules\astro\dist\runtime\server\astro-component.js:16:12)
    at callComponentAsTemplateResultOrResponse (file:///C:/code/zentala.eu/node_modules/astro/dist/runtime/server/render/astro/render.js:90:31)
    at renderToAsyncIterable (file:///C:/code/zentala.eu/node_modules/astro/dist/runtime/server/render/astro/render.js:132:32)
    at renderPage (file:///C:/code/zentala.eu/node_modules/astro/dist/runtime/server/render/page.js:31:30)
    at lastNext (file:///C:/code/zentala.eu/node_modules/astro/dist/core/render-context.js:133:31)
    at process.processTicksAndRejections (node:internal/process/task_queues:105:5)
    at async callMiddleware (file:///C:/code/zentala.eu/node_modules/astro/dist/core/middleware/callMiddleware.js:21:10) @ http://localhost:4322/@vite/client:1385
[ 1087672ms] [ERROR] Failed to load resource: the server responded with a status of 500 (Internal Server Error) @ http://localhost:4322/resources:0
[ 1087768ms] [ERROR] [vite] Internal Server Error
Cannot read properties of undefined (reading &#39;localeCompare&#39;)
TypeError: Cannot read properties of undefined (reading 'localeCompare')
    at C:\code\zentala.eu\src\pages\resources\index.astro:13:30
    at Array.sort (<anonymous>)
    at C:\code\zentala.eu\src\pages\resources\index.astro:13:4
    at index (C:\code\zentala.eu\node_modules\astro\dist\runtime\server\astro-component.js:16:12)
    at callComponentAsTemplateResultOrResponse (file:///C:/code/zentala.eu/node_modules/astro/dist/runtime/server/render/astro/render.js:90:31)
    at renderToAsyncIterable (file:///C:/code/zentala.eu/node_modules/astro/dist/runtime/server/render/astro/render.js:132:32)
    at renderPage (file:///C:/code/zentala.eu/node_modules/astro/dist/runtime/server/render/page.js:31:30)
    at lastNext (file:///C:/code/zentala.eu/node_modules/astro/dist/core/render-context.js:133:31)
    at process.processTicksAndRejections (node:internal/process/task_queues:105:5)
    at async callMiddleware (file:///C:/code/zentala.eu/node_modules/astro/dist/core/middleware/callMiddleware.js:21:10) @ http://localhost:4322/@vite/client:1385
[ 1087777ms] [ERROR] Failed to load resource: the server responded with a status of 500 (Internal Server Error) @ http://localhost:4322/resources:0
[ 1087878ms] [ERROR] [vite] Internal Server Error
Cannot read properties of undefined (reading &#39;localeCompare&#39;)
TypeError: Cannot read properties of undefined (reading 'localeCompare')
    at C:\code\zentala.eu\src\pages\resources\index.astro:13:30
    at Array.sort (<anonymous>)
    at C:\code\zentala.eu\src\pages\resources\index.astro:13:4
    at index (C:\code\zentala.eu\node_modules\astro\dist\runtime\server\astro-component.js:16:12)
    at callComponentAsTemplateResultOrResponse (file:///C:/code/zentala.eu/node_modules/astro/dist/runtime/server/render/astro/render.js:90:31)
    at renderToAsyncIterable (file:///C:/code/zentala.eu/node_modules/astro/dist/runtime/server/render/astro/render.js:132:32)
    at renderPage (file:///C:/code/zentala.eu/node_modules/astro/dist/runtime/server/render/page.js:31:30)
    at lastNext (file:///C:/code/zentala.eu/node_modules/astro/dist/core/render-context.js:133:31)
    at process.processTicksAndRejections (node:internal/process/task_queues:105:5)
    at async callMiddleware (file:///C:/code/zentala.eu/node_modules/astro/dist/core/middleware/callMiddleware.js:21:10) @ http://localhost:4322/@vite/client:1385
[ 1087884ms] [ERROR] Failed to load resource: the server responded with a status of 500 (Internal Server Error) @ http://localhost:4322/resources:0
[ 1087986ms] [ERROR] [vite] Internal Server Error
Cannot read properties of undefined (reading &#39;localeCompare&#39;)
TypeError: Cannot read properties of undefined (reading 'localeCompare')
    at C:\code\zentala.eu\src\pages\resources\index.astro:13:30
    at Array.sort (<anonymous>)
    at C:\code\zentala.eu\src\pages\resources\index.astro:13:4
    at index (C:\code\zentala.eu\node_modules\astro\dist\runtime\server\astro-component.js:16:12)
    at callComponentAsTemplateResultOrResponse (file:///C:/code/zentala.eu/node_modules/astro/dist/runtime/server/render/astro/render.js:90:31)
    at renderToAsyncIterable (file:///C:/code/zentala.eu/node_modules/astro/dist/runtime/server/render/astro/render.js:132:32)
    at renderPage (file:///C:/code/zentala.eu/node_modules/astro/dist/runtime/server/render/page.js:31:30)
    at lastNext (file:///C:/code/zentala.eu/node_modules/astro/dist/core/render-context.js:133:31)
    at process.processTicksAndRejections (node:internal/process/task_queues:105:5)
    at async callMiddleware (file:///C:/code/zentala.eu/node_modules/astro/dist/core/middleware/callMiddleware.js:21:10) @ http://localhost:4322/@vite/client:1385
[ 1087994ms] [ERROR] Failed to load resource: the server responded with a status of 500 (Internal Server Error) @ http://localhost:4322/resources:0
[ 1088095ms] [ERROR] [vite] Internal Server Error
Cannot read properties of undefined (reading &#39;localeCompare&#39;)
TypeError: Cannot read properties of undefined (reading 'localeCompare')
    at C:\code\zentala.eu\src\pages\resources\index.astro:13:30
    at Array.sort (<anonymous>)
    at C:\code\zentala.eu\src\pages\resources\index.astro:13:4
    at index (C:\code\zentala.eu\node_modules\astro\dist\runtime\server\astro-component.js:16:12)
    at callComponentAsTemplateResultOrResponse (file:///C:/code/zentala.eu/node_modules/astro/dist/runtime/server/render/astro/render.js:90:31)
    at renderToAsyncIterable (file:///C:/code/zentala.eu/node_modules/astro/dist/runtime/server/render/astro/render.js:132:32)
    at renderPage (file:///C:/code/zentala.eu/node_modules/astro/dist/runtime/server/render/page.js:31:30)
    at lastNext (file:///C:/code/zentala.eu/node_modules/astro/dist/core/render-context.js:133:31)
    at process.processTicksAndRejections (node:internal/process/task_queues:105:5)
    at async callMiddleware (file:///C:/code/zentala.eu/node_modules/astro/dist/core/middleware/callMiddleware.js:21:10) @ http://localhost:4322/@vite/client:1385
[ 1088107ms] [ERROR] Failed to load resource: the server responded with a status of 500 (Internal Server Error) @ http://localhost:4322/resources:0
[ 1088204ms] [ERROR] [vite] Internal Server Error
Cannot read properties of undefined (reading &#39;localeCompare&#39;)
TypeError: Cannot read properties of undefined (reading 'localeCompare')
    at C:\code\zentala.eu\src\pages\resources\index.astro:13:30
    at Array.sort (<anonymous>)
    at C:\code\zentala.eu\src\pages\resources\index.astro:13:4
    at index (C:\code\zentala.eu\node_modules\astro\dist\runtime\server\astro-component.js:16:12)
    at callComponentAsTemplateResultOrResponse (file:///C:/code/zentala.eu/node_modules/astro/dist/runtime/server/render/astro/render.js:90:31)
    at renderToAsyncIterable (file:///C:/code/zentala.eu/node_modules/astro/dist/runtime/server/render/astro/render.js:132:32)
    at renderPage (file:///C:/code/zentala.eu/node_modules/astro/dist/runtime/server/render/page.js:31:30)
    at lastNext (file:///C:/code/zentala.eu/node_modules/astro/dist/core/render-context.js:133:31)
    at process.processTicksAndRejections (node:internal/process/task_queues:105:5)
    at async callMiddleware (file:///C:/code/zentala.eu/node_modules/astro/dist/core/middleware/callMiddleware.js:21:10) @ http://localhost:4322/@vite/client:1385
[ 1088212ms] [ERROR] Failed to load resource: the server responded with a status of 500 (Internal Server Error) @ http://localhost:4322/resources:0
[ 1088311ms] [ERROR] [vite] Internal Server Error
Cannot read properties of undefined (reading &#39;localeCompare&#39;)
TypeError: Cannot read properties of undefined (reading 'localeCompare')
    at C:\code\zentala.eu\src\pages\resources\index.astro:13:30
    at Array.sort (<anonymous>)
    at C:\code\zentala.eu\src\pages\resources\index.astro:13:4
    at index (C:\code\zentala.eu\node_modules\astro\dist\runtime\server\astro-component.js:16:12)
    at callComponentAsTemplateResultOrResponse (file:///C:/code/zentala.eu/node_modules/astro/dist/runtime/server/render/astro/render.js:90:31)
    at renderToAsyncIterable (file:///C:/code/zentala.eu/node_modules/astro/dist/runtime/server/render/astro/render.js:132:32)
    at renderPage (file:///C:/code/zentala.eu/node_modules/astro/dist/runtime/server/render/page.js:31:30)
    at lastNext (file:///C:/code/zentala.eu/node_modules/astro/dist/core/render-context.js:133:31)
    at process.processTicksAndRejections (node:internal/process/task_queues:105:5)
    at async callMiddleware (file:///C:/code/zentala.eu/node_modules/astro/dist/core/middleware/callMiddleware.js:21:10) @ http://localhost:4322/@vite/client:1385
[ 1088322ms] [ERROR] Failed to load resource: the server responded with a status of 500 (Internal Server Error) @ http://localhost:4322/resources:0
[ 1088458ms] [ERROR] Failed to load resource: the server responded with a status of 500 (Internal Server Error) @ http://localhost:4322/resources:0
[ 1088529ms] [ERROR] [vite] Internal Server Error
Cannot read properties of undefined (reading &#39;localeCompare&#39;)
TypeError: Cannot read properties of undefined (reading 'localeCompare')
    at C:\code\zentala.eu\src\pages\resources\index.astro:13:30
    at Array.sort (<anonymous>)
    at C:\code\zentala.eu\src\pages\resources\index.astro:13:4
    at index (C:\code\zentala.eu\node_modules\astro\dist\runtime\server\astro-component.js:16:12)
    at callComponentAsTemplateResultOrResponse (file:///C:/code/zentala.eu/node_modules/astro/dist/runtime/server/render/astro/render.js:90:31)
    at renderToAsyncIterable (file:///C:/code/zentala.eu/node_modules/astro/dist/runtime/server/render/astro/render.js:132:32)
    at renderPage (file:///C:/code/zentala.eu/node_modules/astro/dist/runtime/server/render/page.js:31:30)
    at lastNext (file:///C:/code/zentala.eu/node_modules/astro/dist/core/render-context.js:133:31)
    at process.processTicksAndRejections (node:internal/process/task_queues:105:5)
    at async callMiddleware (file:///C:/code/zentala.eu/node_modules/astro/dist/core/middleware/callMiddleware.js:21:10) @ http://localhost:4322/@vite/client:1385
[ 1088639ms] [ERROR] Failed to load resource: the server responded with a status of 500 (Internal Server Error) @ http://localhost:4322/resources:0
[ 1088659ms] [ERROR] [vite] Internal Server Error
Cannot read properties of undefined (reading &#39;localeCompare&#39;)
TypeError: Cannot read properties of undefined (reading 'localeCompare')
    at C:\code\zentala.eu\src\pages\resources\index.astro:13:30
    at Array.sort (<anonymous>)
    at C:\code\zentala.eu\src\pages\resources\index.astro:13:4
    at index (C:\code\zentala.eu\node_modules\astro\dist\runtime\server\astro-component.js:16:12)
    at callComponentAsTemplateResultOrResponse (file:///C:/code/zentala.eu/node_modules/astro/dist/runtime/server/render/astro/render.js:90:31)
    at renderToAsyncIterable (file:///C:/code/zentala.eu/node_modules/astro/dist/runtime/server/render/astro/render.js:132:32)
    at renderPage (file:///C:/code/zentala.eu/node_modules/astro/dist/runtime/server/render/page.js:31:30)
    at lastNext (file:///C:/code/zentala.eu/node_modules/astro/dist/core/render-context.js:133:31)
    at process.processTicksAndRejections (node:internal/process/task_queues:105:5)
    at async callMiddleware (file:///C:/code/zentala.eu/node_modules/astro/dist/core/middleware/callMiddleware.js:21:10) @ http://localhost:4322/@vite/client:1385
[ 1088742ms] [ERROR] Failed to load resource: the server responded with a status of 500 (Internal Server Error) @ http://localhost:4322/resources:0
[ 1088844ms] [ERROR] [vite] Internal Server Error
Cannot read properties of undefined (reading &#39;localeCompare&#39;)
TypeError: Cannot read properties of undefined (reading 'localeCompare')
    at C:\code\zentala.eu\src\pages\resources\index.astro:13:30
    at Array.sort (<anonymous>)
    at C:\code\zentala.eu\src\pages\resources\index.astro:13:4
    at index (C:\code\zentala.eu\node_modules\astro\dist\runtime\server\astro-component.js:16:12)
    at callComponentAsTemplateResultOrResponse (file:///C:/code/zentala.eu/node_modules/astro/dist/runtime/server/render/astro/render.js:90:31)
    at renderToAsyncIterable (file:///C:/code/zentala.eu/node_modules/astro/dist/runtime/server/render/astro/render.js:132:32)
    at renderPage (file:///C:/code/zentala.eu/node_modules/astro/dist/runtime/server/render/page.js:31:30)
    at lastNext (file:///C:/code/zentala.eu/node_modules/astro/dist/core/render-context.js:133:31)
    at process.processTicksAndRejections (node:internal/process/task_queues:105:5)
    at async callMiddleware (file:///C:/code/zentala.eu/node_modules/astro/dist/core/middleware/callMiddleware.js:21:10) @ http://localhost:4322/@vite/client:1385
[ 1088851ms] [ERROR] Failed to load resource: the server responded with a status of 500 (Internal Server Error) @ http://localhost:4322/resources:0
[ 1088947ms] [ERROR] [vite] Internal Server Error
Cannot read properties of undefined (reading &#39;localeCompare&#39;)
TypeError: Cannot read properties of undefined (reading 'localeCompare')
    at C:\code\zentala.eu\src\pages\resources\index.astro:13:30
    at Array.sort (<anonymous>)
    at C:\code\zentala.eu\src\pages\resources\index.astro:13:4
    at index (C:\code\zentala.eu\node_modules\astro\dist\runtime\server\astro-component.js:16:12)
    at callComponentAsTemplateResultOrResponse (file:///C:/code/zentala.eu/node_modules/astro/dist/runtime/server/render/astro/render.js:90:31)
    at renderToAsyncIterable (file:///C:/code/zentala.eu/node_modules/astro/dist/runtime/server/render/astro/render.js:132:32)
    at renderPage (file:///C:/code/zentala.eu/node_modules/astro/dist/runtime/server/render/page.js:31:30)
    at lastNext (file:///C:/code/zentala.eu/node_modules/astro/dist/core/render-context.js:133:31)
    at process.processTicksAndRejections (node:internal/process/task_queues:105:5)
    at async callMiddleware (file:///C:/code/zentala.eu/node_modules/astro/dist/core/middleware/callMiddleware.js:21:10) @ http://localhost:4322/@vite/client:1385
[ 1088978ms] [ERROR] Failed to load resource: the server responded with a status of 500 (Internal Server Error) @ http://localhost:4322/resources:0
[ 1089055ms] [ERROR] [vite] Internal Server Error
Cannot read properties of undefined (reading &#39;localeCompare&#39;)
TypeError: Cannot read properties of undefined (reading 'localeCompare')
    at C:\code\zentala.eu\src\pages\resources\index.astro:13:30
    at Array.sort (<anonymous>)
    at C:\code\zentala.eu\src\pages\resources\index.astro:13:4
    at index (C:\code\zentala.eu\node_modules\astro\dist\runtime\server\astro-component.js:16:12)
    at callComponentAsTemplateResultOrResponse (file:///C:/code/zentala.eu/node_modules/astro/dist/runtime/server/render/astro/render.js:90:31)
    at renderToAsyncIterable (file:///C:/code/zentala.eu/node_modules/astro/dist/runtime/server/render/astro/render.js:132:32)
    at renderPage (file:///C:/code/zentala.eu/node_modules/astro/dist/runtime/server/render/page.js:31:30)
    at lastNext (file:///C:/code/zentala.eu/node_modules/astro/dist/core/render-context.js:133:31)
    at process.processTicksAndRejections (node:internal/process/task_queues:105:5)
    at async callMiddleware (file:///C:/code/zentala.eu/node_modules/astro/dist/core/middleware/callMiddleware.js:21:10) @ http://localhost:4322/@vite/client:1385
[ 1089157ms] [ERROR] Failed to load resource: the server responded with a status of 500 (Internal Server Error) @ http://localhost:4322/resources:0
[ 1089181ms] [ERROR] [vite] Internal Server Error
Cannot read properties of undefined (reading &#39;localeCompare&#39;)
TypeError: Cannot read properties of undefined (reading 'localeCompare')
    at C:\code\zentala.eu\src\pages\resources\index.astro:13:30
    at Array.sort (<anonymous>)
    at C:\code\zentala.eu\src\pages\resources\index.astro:13:4
    at index (C:\code\zentala.eu\node_modules\astro\dist\runtime\server\astro-component.js:16:12)
    at callComponentAsTemplateResultOrResponse (file:///C:/code/zentala.eu/node_modules/astro/dist/runtime/server/render/astro/render.js:90:31)
    at renderToAsyncIterable (file:///C:/code/zentala.eu/node_modules/astro/dist/runtime/server/render/astro/render.js:132:32)
    at renderPage (file:///C:/code/zentala.eu/node_modules/astro/dist/runtime/server/render/page.js:31:30)
    at lastNext (file:///C:/code/zentala.eu/node_modules/astro/dist/core/render-context.js:133:31)
    at process.processTicksAndRejections (node:internal/process/task_queues:105:5)
    at async callMiddleware (file:///C:/code/zentala.eu/node_modules/astro/dist/core/middleware/callMiddleware.js:21:10) @ http://localhost:4322/@vite/client:1385
[ 1089265ms] [ERROR] Failed to load resource: the server responded with a status of 500 (Internal Server Error) @ http://localhost:4322/resources:0
[ 1089367ms] [ERROR] [vite] Internal Server Error
Cannot read properties of undefined (reading &#39;localeCompare&#39;)
TypeError: Cannot read properties of undefined (reading 'localeCompare')
    at C:\code\zentala.eu\src\pages\resources\index.astro:13:30
    at Array.sort (<anonymous>)
    at C:\code\zentala.eu\src\pages\resources\index.astro:13:4
    at index (C:\code\zentala.eu\node_modules\astro\dist\runtime\server\astro-component.js:16:12)
    at callComponentAsTemplateResultOrResponse (file:///C:/code/zentala.eu/node_modules/astro/dist/runtime/server/render/astro/render.js:90:31)
    at renderToAsyncIterable (file:///C:/code/zentala.eu/node_modules/astro/dist/runtime/server/render/astro/render.js:132:32)
    at renderPage (file:///C:/code/zentala.eu/node_modules/astro/dist/runtime/server/render/page.js:31:30)
    at lastNext (file:///C:/code/zentala.eu/node_modules/astro/dist/core/render-context.js:133:31)
    at process.processTicksAndRejections (node:internal/process/task_queues:105:5)
    at async callMiddleware (file:///C:/code/zentala.eu/node_modules/astro/dist/core/middleware/callMiddleware.js:21:10) @ http://localhost:4322/@vite/client:1385
[ 1089374ms] [ERROR] Failed to load resource: the server responded with a status of 500 (Internal Server Error) @ http://localhost:4322/resources:0
[ 1089473ms] [ERROR] [vite] Internal Server Error
Cannot read properties of undefined (reading &#39;localeCompare&#39;)
TypeError: Cannot read properties of undefined (reading 'localeCompare')
    at C:\code\zentala.eu\src\pages\resources\index.astro:13:30
    at Array.sort (<anonymous>)
    at C:\code\zentala.eu\src\pages\resources\index.astro:13:4
    at index (C:\code\zentala.eu\node_modules\astro\dist\runtime\server\astro-component.js:16:12)
    at callComponentAsTemplateResultOrResponse (file:///C:/code/zentala.eu/node_modules/astro/dist/runtime/server/render/astro/render.js:90:31)
    at renderToAsyncIterable (file:///C:/code/zentala.eu/node_modules/astro/dist/runtime/server/render/astro/render.js:132:32)
    at renderPage (file:///C:/code/zentala.eu/node_modules/astro/dist/runtime/server/render/page.js:31:30)
    at lastNext (file:///C:/code/zentala.eu/node_modules/astro/dist/core/render-context.js:133:31)
    at process.processTicksAndRejections (node:internal/process/task_queues:105:5)
    at async callMiddleware (file:///C:/code/zentala.eu/node_modules/astro/dist/core/middleware/callMiddleware.js:21:10) @ http://localhost:4322/@vite/client:1385
[ 1089479ms] [ERROR] Failed to load resource: the server responded with a status of 500 (Internal Server Error) @ http://localhost:4322/resources:0
[ 1089582ms] [ERROR] [vite] Internal Server Error
Cannot read properties of undefined (reading &#39;localeCompare&#39;)
TypeError: Cannot read properties of undefined (reading 'localeCompare')
    at C:\code\zentala.eu\src\pages\resources\index.astro:13:30
    at Array.sort (<anonymous>)
    at C:\code\zentala.eu\src\pages\resources\index.astro:13:4
    at index (C:\code\zentala.eu\node_modules\astro\dist\runtime\server\astro-component.js:16:12)
    at callComponentAsTemplateResultOrResponse (file:///C:/code/zentala.eu/node_modules/astro/dist/runtime/server/render/astro/render.js:90:31)
    at renderToAsyncIterable (file:///C:/code/zentala.eu/node_modules/astro/dist/runtime/server/render/astro/render.js:132:32)
    at renderPage (file:///C:/code/zentala.eu/node_modules/astro/dist/runtime/server/render/page.js:31:30)
    at lastNext (file:///C:/code/zentala.eu/node_modules/astro/dist/core/render-context.js:133:31)
    at process.processTicksAndRejections (node:internal/process/task_queues:105:5)
    at async callMiddleware (file:///C:/code/zentala.eu/node_modules/astro/dist/core/middleware/callMiddleware.js:21:10) @ http://localhost:4322/@vite/client:1385
[ 1089591ms] [ERROR] Failed to load resource: the server responded with a status of 500 (Internal Server Error) @ http://localhost:4322/resources:0
[ 1089692ms] [ERROR] [vite] Internal Server Error
Cannot read properties of undefined (reading &#39;localeCompare&#39;)
TypeError: Cannot read properties of undefined (reading 'localeCompare')
    at C:\code\zentala.eu\src\pages\resources\index.astro:13:30
    at Array.sort (<anonymous>)
    at C:\code\zentala.eu\src\pages\resources\index.astro:13:4
    at index (C:\code\zentala.eu\node_modules\astro\dist\runtime\server\astro-component.js:16:12)
    at callComponentAsTemplateResultOrResponse (file:///C:/code/zentala.eu/node_modules/astro/dist/runtime/server/render/astro/render.js:90:31)
    at renderToAsyncIterable (file:///C:/code/zentala.eu/node_modules/astro/dist/runtime/server/render/astro/render.js:132:32)
    at renderPage (file:///C:/code/zentala.eu/node_modules/astro/dist/runtime/server/render/page.js:31:30)
    at lastNext (file:///C:/code/zentala.eu/node_modules/astro/dist/core/render-context.js:133:31)
    at process.processTicksAndRejections (node:internal/process/task_queues:105:5)
    at async callMiddleware (file:///C:/code/zentala.eu/node_modules/astro/dist/core/middleware/callMiddleware.js:21:10) @ http://localhost:4322/@vite/client:1385
[ 1089710ms] [ERROR] Failed to load resource: the server responded with a status of 500 (Internal Server Error) @ http://localhost:4322/resources:0
[ 1089787ms] [ERROR] Failed to load resource: the server responded with a status of 500 (Internal Server Error) @ http://localhost:4322/resources:0
[ 1089802ms] [ERROR] [vite] Internal Server Error
Cannot read properties of undefined (reading &#39;localeCompare&#39;)
TypeError: Cannot read properties of undefined (reading 'localeCompare')
    at C:\code\zentala.eu\src\pages\resources\index.astro:13:30
    at Array.sort (<anonymous>)
    at C:\code\zentala.eu\src\pages\resources\index.astro:13:4
    at index (C:\code\zentala.eu\node_modules\astro\dist\runtime\server\astro-component.js:16:12)
    at callComponentAsTemplateResultOrResponse (file:///C:/code/zentala.eu/node_modules/astro/dist/runtime/server/render/astro/render.js:90:31)
    at renderToAsyncIterable (file:///C:/code/zentala.eu/node_modules/astro/dist/runtime/server/render/astro/render.js:132:32)
    at renderPage (file:///C:/code/zentala.eu/node_modules/astro/dist/runtime/server/render/page.js:31:30)
    at lastNext (file:///C:/code/zentala.eu/node_modules/astro/dist/core/render-context.js:133:31)
    at process.processTicksAndRejections (node:internal/process/task_queues:105:5)
    at async callMiddleware (file:///C:/code/zentala.eu/node_modules/astro/dist/core/middleware/callMiddleware.js:21:10) @ http://localhost:4322/@vite/client:1385
[ 1089899ms] [ERROR] Failed to load resource: the server responded with a status of 500 (Internal Server Error) @ http://localhost:4322/resources:0
[ 1089915ms] [ERROR] [vite] Internal Server Error
Cannot read properties of undefined (reading &#39;localeCompare&#39;)
TypeError: Cannot read properties of undefined (reading 'localeCompare')
    at C:\code\zentala.eu\src\pages\resources\index.astro:13:30
    at Array.sort (<anonymous>)
    at C:\code\zentala.eu\src\pages\resources\index.astro:13:4
    at index (C:\code\zentala.eu\node_modules\astro\dist\runtime\server\astro-component.js:16:12)
    at callComponentAsTemplateResultOrResponse (file:///C:/code/zentala.eu/node_modules/astro/dist/runtime/server/render/astro/render.js:90:31)
    at renderToAsyncIterable (file:///C:/code/zentala.eu/node_modules/astro/dist/runtime/server/render/astro/render.js:132:32)
    at renderPage (file:///C:/code/zentala.eu/node_modules/astro/dist/runtime/server/render/page.js:31:30)
    at lastNext (file:///C:/code/zentala.eu/node_modules/astro/dist/core/render-context.js:133:31)
    at process.processTicksAndRejections (node:internal/process/task_queues:105:5)
    at async callMiddleware (file:///C:/code/zentala.eu/node_modules/astro/dist/core/middleware/callMiddleware.js:21:10) @ http://localhost:4322/@vite/client:1385
[ 1089993ms] [ERROR] [vite] Internal Server Error
Cannot read properties of undefined (reading &#39;localeCompare&#39;)
TypeError: Cannot read properties of undefined (reading 'localeCompare')
    at C:\code\zentala.eu\src\pages\resources\index.astro:13:30
    at Array.sort (<anonymous>)
    at C:\code\zentala.eu\src\pages\resources\index.astro:13:4
    at index (C:\code\zentala.eu\node_modules\astro\dist\runtime\server\astro-component.js:16:12)
    at callComponentAsTemplateResultOrResponse (file:///C:/code/zentala.eu/node_modules/astro/dist/runtime/server/render/astro/render.js:90:31)
    at renderToAsyncIterable (file:///C:/code/zentala.eu/node_modules/astro/dist/runtime/server/render/astro/render.js:132:32)
    at renderPage (file:///C:/code/zentala.eu/node_modules/astro/dist/runtime/server/render/page.js:31:30)
    at lastNext (file:///C:/code/zentala.eu/node_modules/astro/dist/core/render-context.js:133:31)
    at process.processTicksAndRejections (node:internal/process/task_queues:105:5)
    at async callMiddleware (file:///C:/code/zentala.eu/node_modules/astro/dist/core/middleware/callMiddleware.js:21:10) @ http://localhost:4322/@vite/client:1385
[ 1090002ms] [ERROR] Failed to load resource: the server responded with a status of 500 (Internal Server Error) @ http://localhost:4322/resources:0
[ 1090108ms] [ERROR] [vite] Internal Server Error
Cannot read properties of undefined (reading &#39;localeCompare&#39;)
TypeError: Cannot read properties of undefined (reading 'localeCompare')
    at C:\code\zentala.eu\src\pages\resources\index.astro:13:30
    at Array.sort (<anonymous>)
    at C:\code\zentala.eu\src\pages\resources\index.astro:13:4
    at index (C:\code\zentala.eu\node_modules\astro\dist\runtime\server\astro-component.js:16:12)
    at callComponentAsTemplateResultOrResponse (file:///C:/code/zentala.eu/node_modules/astro/dist/runtime/server/render/astro/render.js:90:31)
    at renderToAsyncIterable (file:///C:/code/zentala.eu/node_modules/astro/dist/runtime/server/render/astro/render.js:132:32)
    at renderPage (file:///C:/code/zentala.eu/node_modules/astro/dist/runtime/server/render/page.js:31:30)
    at lastNext (file:///C:/code/zentala.eu/node_modules/astro/dist/core/render-context.js:133:31)
    at process.processTicksAndRejections (node:internal/process/task_queues:105:5)
    at async callMiddleware (file:///C:/code/zentala.eu/node_modules/astro/dist/core/middleware/callMiddleware.js:21:10) @ http://localhost:4322/@vite/client:1385
[ 1090120ms] [ERROR] Failed to load resource: the server responded with a status of 500 (Internal Server Error) @ http://localhost:4322/resources:0
[ 1090216ms] [ERROR] [vite] Internal Server Error
Cannot read properties of undefined (reading &#39;localeCompare&#39;)
TypeError: Cannot read properties of undefined (reading 'localeCompare')
    at C:\code\zentala.eu\src\pages\resources\index.astro:13:30
    at Array.sort (<anonymous>)
    at C:\code\zentala.eu\src\pages\resources\index.astro:13:4
    at index (C:\code\zentala.eu\node_modules\astro\dist\runtime\server\astro-component.js:16:12)
    at callComponentAsTemplateResultOrResponse (file:///C:/code/zentala.eu/node_modules/astro/dist/runtime/server/render/astro/render.js:90:31)
    at renderToAsyncIterable (file:///C:/code/zentala.eu/node_modules/astro/dist/runtime/server/render/astro/render.js:132:32)
    at renderPage (file:///C:/code/zentala.eu/node_modules/astro/dist/runtime/server/render/page.js:31:30)
    at lastNext (file:///C:/code/zentala.eu/node_modules/astro/dist/core/render-context.js:133:31)
    at process.processTicksAndRejections (node:internal/process/task_queues:105:5)
    at async callMiddleware (file:///C:/code/zentala.eu/node_modules/astro/dist/core/middleware/callMiddleware.js:21:10) @ http://localhost:4322/@vite/client:1385
[ 1090223ms] [ERROR] Failed to load resource: the server responded with a status of 500 (Internal Server Error) @ http://localhost:4322/resources:0
[ 1090333ms] [ERROR] [vite] Internal Server Error
Cannot read properties of undefined (reading &#39;localeCompare&#39;)
TypeError: Cannot read properties of undefined (reading 'localeCompare')
    at C:\code\zentala.eu\src\pages\resources\index.astro:13:30
    at Array.sort (<anonymous>)
    at C:\code\zentala.eu\src\pages\resources\index.astro:13:4
    at index (C:\code\zentala.eu\node_modules\astro\dist\runtime\server\astro-component.js:16:12)
    at callComponentAsTemplateResultOrResponse (file:///C:/code/zentala.eu/node_modules/astro/dist/runtime/server/render/astro/render.js:90:31)
    at renderToAsyncIterable (file:///C:/code/zentala.eu/node_modules/astro/dist/runtime/server/render/astro/render.js:132:32)
    at renderPage (file:///C:/code/zentala.eu/node_modules/astro/dist/runtime/server/render/page.js:31:30)
    at lastNext (file:///C:/code/zentala.eu/node_modules/astro/dist/core/render-context.js:133:31)
    at process.processTicksAndRejections (node:internal/process/task_queues:105:5)
    at async callMiddleware (file:///C:/code/zentala.eu/node_modules/astro/dist/core/middleware/callMiddleware.js:21:10) @ http://localhost:4322/@vite/client:1385
[ 1090335ms] [ERROR] Failed to load resource: the server responded with a status of 500 (Internal Server Error) @ http://localhost:4322/resources:0
[ 1090432ms] [ERROR] [vite] Internal Server Error
Cannot read properties of undefined (reading &#39;localeCompare&#39;)
TypeError: Cannot read properties of undefined (reading 'localeCompare')
    at C:\code\zentala.eu\src\pages\resources\index.astro:13:30
    at Array.sort (<anonymous>)
    at C:\code\zentala.eu\src\pages\resources\index.astro:13:4
    at index (C:\code\zentala.eu\node_modules\astro\dist\runtime\server\astro-component.js:16:12)
    at callComponentAsTemplateResultOrResponse (file:///C:/code/zentala.eu/node_modules/astro/dist/runtime/server/render/astro/render.js:90:31)
    at renderToAsyncIterable (file:///C:/code/zentala.eu/node_modules/astro/dist/runtime/server/render/astro/render.js:132:32)
    at renderPage (file:///C:/code/zentala.eu/node_modules/astro/dist/runtime/server/render/page.js:31:30)
    at lastNext (file:///C:/code/zentala.eu/node_modules/astro/dist/core/render-context.js:133:31)
    at process.processTicksAndRejections (node:internal/process/task_queues:105:5)
    at async callMiddleware (file:///C:/code/zentala.eu/node_modules/astro/dist/core/middleware/callMiddleware.js:21:10) @ http://localhost:4322/@vite/client:1385
[ 1090440ms] [ERROR] Failed to load resource: the server responded with a status of 500 (Internal Server Error) @ http://localhost:4322/resources:0
[ 1090538ms] [ERROR] [vite] Internal Server Error
Cannot read properties of undefined (reading &#39;localeCompare&#39;)
TypeError: Cannot read properties of undefined (reading 'localeCompare')
    at C:\code\zentala.eu\src\pages\resources\index.astro:13:30
    at Array.sort (<anonymous>)
    at C:\code\zentala.eu\src\pages\resources\index.astro:13:4
    at index (C:\code\zentala.eu\node_modules\astro\dist\runtime\server\astro-component.js:16:12)
    at callComponentAsTemplateResultOrResponse (file:///C:/code/zentala.eu/node_modules/astro/dist/runtime/server/render/astro/render.js:90:31)
    at renderToAsyncIterable (file:///C:/code/zentala.eu/node_modules/astro/dist/runtime/server/render/astro/render.js:132:32)
    at renderPage (file:///C:/code/zentala.eu/node_modules/astro/dist/runtime/server/render/page.js:31:30)
    at lastNext (file:///C:/code/zentala.eu/node_modules/astro/dist/core/render-context.js:133:31)
    at process.processTicksAndRejections (node:internal/process/task_queues:105:5)
    at async callMiddleware (file:///C:/code/zentala.eu/node_modules/astro/dist/core/middleware/callMiddleware.js:21:10) @ http://localhost:4322/@vite/client:1385
[ 1090545ms] [ERROR] Failed to load resource: the server responded with a status of 500 (Internal Server Error) @ http://localhost:4322/resources:0
[ 1090646ms] [ERROR] [vite] Internal Server Error
Cannot read properties of undefined (reading &#39;localeCompare&#39;)
TypeError: Cannot read properties of undefined (reading 'localeCompare')
    at C:\code\zentala.eu\src\pages\resources\index.astro:13:30
    at Array.sort (<anonymous>)
    at C:\code\zentala.eu\src\pages\resources\index.astro:13:4
    at index (C:\code\zentala.eu\node_modules\astro\dist\runtime\server\astro-component.js:16:12)
    at callComponentAsTemplateResultOrResponse (file:///C:/code/zentala.eu/node_modules/astro/dist/runtime/server/render/astro/render.js:90:31)
    at renderToAsyncIterable (file:///C:/code/zentala.eu/node_modules/astro/dist/runtime/server/render/astro/render.js:132:32)
    at renderPage (file:///C:/code/zentala.eu/node_modules/astro/dist/runtime/server/render/page.js:31:30)
    at lastNext (file:///C:/code/zentala.eu/node_modules/astro/dist/core/render-context.js:133:31)
    at process.processTicksAndRejections (node:internal/process/task_queues:105:5)
    at async callMiddleware (file:///C:/code/zentala.eu/node_modules/astro/dist/core/middleware/callMiddleware.js:21:10) @ http://localhost:4322/@vite/client:1385
[ 1090654ms] [ERROR] Failed to load resource: the server responded with a status of 500 (Internal Server Error) @ http://localhost:4322/resources:0
[ 1090753ms] [ERROR] [vite] Internal Server Error
Cannot read properties of undefined (reading &#39;localeCompare&#39;)
TypeError: Cannot read properties of undefined (reading 'localeCompare')
    at C:\code\zentala.eu\src\pages\resources\index.astro:13:30
    at Array.sort (<anonymous>)
    at C:\code\zentala.eu\src\pages\resources\index.astro:13:4
    at index (C:\code\zentala.eu\node_modules\astro\dist\runtime\server\astro-component.js:16:12)
    at callComponentAsTemplateResultOrResponse (file:///C:/code/zentala.eu/node_modules/astro/dist/runtime/server/render/astro/render.js:90:31)
    at renderToAsyncIterable (file:///C:/code/zentala.eu/node_modules/astro/dist/runtime/server/render/astro/render.js:132:32)
    at renderPage (file:///C:/code/zentala.eu/node_modules/astro/dist/runtime/server/render/page.js:31:30)
    at lastNext (file:///C:/code/zentala.eu/node_modules/astro/dist/core/render-context.js:133:31)
    at process.processTicksAndRejections (node:internal/process/task_queues:105:5)
    at async callMiddleware (file:///C:/code/zentala.eu/node_modules/astro/dist/core/middleware/callMiddleware.js:21:10) @ http://localhost:4322/@vite/client:1385
[ 1090765ms] [ERROR] Failed to load resource: the server responded with a status of 500 (Internal Server Error) @ http://localhost:4322/resources:0
[ 1090862ms] [ERROR] [vite] Internal Server Error
Cannot read properties of undefined (reading &#39;localeCompare&#39;)
TypeError: Cannot read properties of undefined (reading 'localeCompare')
    at C:\code\zentala.eu\src\pages\resources\index.astro:13:30
    at Array.sort (<anonymous>)
    at C:\code\zentala.eu\src\pages\resources\index.astro:13:4
    at index (C:\code\zentala.eu\node_modules\astro\dist\runtime\server\astro-component.js:16:12)
    at callComponentAsTemplateResultOrResponse (file:///C:/code/zentala.eu/node_modules/astro/dist/runtime/server/render/astro/render.js:90:31)
    at renderToAsyncIterable (file:///C:/code/zentala.eu/node_modules/astro/dist/runtime/server/render/astro/render.js:132:32)
    at renderPage (file:///C:/code/zentala.eu/node_modules/astro/dist/runtime/server/render/page.js:31:30)
    at lastNext (file:///C:/code/zentala.eu/node_modules/astro/dist/core/render-context.js:133:31)
    at process.processTicksAndRejections (node:internal/process/task_queues:105:5)
    at async callMiddleware (file:///C:/code/zentala.eu/node_modules/astro/dist/core/middleware/callMiddleware.js:21:10) @ http://localhost:4322/@vite/client:1385
[ 1090868ms] [ERROR] Failed to load resource: the server responded with a status of 500 (Internal Server Error) @ http://localhost:4322/resources:0
[ 1090971ms] [ERROR] [vite] Internal Server Error
Cannot read properties of undefined (reading &#39;localeCompare&#39;)
TypeError: Cannot read properties of undefined (reading 'localeCompare')
    at C:\code\zentala.eu\src\pages\resources\index.astro:13:30
    at Array.sort (<anonymous>)
    at C:\code\zentala.eu\src\pages\resources\index.astro:13:4
    at index (C:\code\zentala.eu\node_modules\astro\dist\runtime\server\astro-component.js:16:12)
    at callComponentAsTemplateResultOrResponse (file:///C:/code/zentala.eu/node_modules/astro/dist/runtime/server/render/astro/render.js:90:31)
    at renderToAsyncIterable (file:///C:/code/zentala.eu/node_modules/astro/dist/runtime/server/render/astro/render.js:132:32)
    at renderPage (file:///C:/code/zentala.eu/node_modules/astro/dist/runtime/server/render/page.js:31:30)
    at lastNext (file:///C:/code/zentala.eu/node_modules/astro/dist/core/render-context.js:133:31)
    at process.processTicksAndRejections (node:internal/process/task_queues:105:5)
    at async callMiddleware (file:///C:/code/zentala.eu/node_modules/astro/dist/core/middleware/callMiddleware.js:21:10) @ http://localhost:4322/@vite/client:1385
[ 1090975ms] [ERROR] Failed to load resource: the server responded with a status of 500 (Internal Server Error) @ http://localhost:4322/resources:0
[ 1091076ms] [ERROR] [vite] Internal Server Error
Cannot read properties of undefined (reading &#39;localeCompare&#39;)
TypeError: Cannot read properties of undefined (reading 'localeCompare')
    at C:\code\zentala.eu\src\pages\resources\index.astro:13:30
    at Array.sort (<anonymous>)
    at C:\code\zentala.eu\src\pages\resources\index.astro:13:4
    at index (C:\code\zentala.eu\node_modules\astro\dist\runtime\server\astro-component.js:16:12)
    at callComponentAsTemplateResultOrResponse (file:///C:/code/zentala.eu/node_modules/astro/dist/runtime/server/render/astro/render.js:90:31)
    at renderToAsyncIterable (file:///C:/code/zentala.eu/node_modules/astro/dist/runtime/server/render/astro/render.js:132:32)
    at renderPage (file:///C:/code/zentala.eu/node_modules/astro/dist/runtime/server/render/page.js:31:30)
    at lastNext (file:///C:/code/zentala.eu/node_modules/astro/dist/core/render-context.js:133:31)
    at process.processTicksAndRejections (node:internal/process/task_queues:105:5)
    at async callMiddleware (file:///C:/code/zentala.eu/node_modules/astro/dist/core/middleware/callMiddleware.js:21:10) @ http://localhost:4322/@vite/client:1385
[ 1091082ms] [ERROR] Failed to load resource: the server responded with a status of 500 (Internal Server Error) @ http://localhost:4322/resources:0
[ 1091183ms] [ERROR] [vite] Internal Server Error
Cannot read properties of undefined (reading &#39;localeCompare&#39;)
TypeError: Cannot read properties of undefined (reading 'localeCompare')
    at C:\code\zentala.eu\src\pages\resources\index.astro:13:30
    at Array.sort (<anonymous>)
    at C:\code\zentala.eu\src\pages\resources\index.astro:13:4
    at index (C:\code\zentala.eu\node_modules\astro\dist\runtime\server\astro-component.js:16:12)
    at callComponentAsTemplateResultOrResponse (file:///C:/code/zentala.eu/node_modules/astro/dist/runtime/server/render/astro/render.js:90:31)
    at renderToAsyncIterable (file:///C:/code/zentala.eu/node_modules/astro/dist/runtime/server/render/astro/render.js:132:32)
    at renderPage (file:///C:/code/zentala.eu/node_modules/astro/dist/runtime/server/render/page.js:31:30)
    at lastNext (file:///C:/code/zentala.eu/node_modules/astro/dist/core/render-context.js:133:31)
    at process.processTicksAndRejections (node:internal/process/task_queues:105:5)
    at async callMiddleware (file:///C:/code/zentala.eu/node_modules/astro/dist/core/middleware/callMiddleware.js:21:10) @ http://localhost:4322/@vite/client:1385
[ 1091190ms] [ERROR] Failed to load resource: the server responded with a status of 500 (Internal Server Error) @ http://localhost:4322/resources:0
[ 1091293ms] [ERROR] [vite] Internal Server Error
Cannot read properties of undefined (reading &#39;localeCompare&#39;)
TypeError: Cannot read properties of undefined (reading 'localeCompare')
    at C:\code\zentala.eu\src\pages\resources\index.astro:13:30
    at Array.sort (<anonymous>)
    at C:\code\zentala.eu\src\pages\resources\index.astro:13:4
    at index (C:\code\zentala.eu\node_modules\astro\dist\runtime\server\astro-component.js:16:12)
    at callComponentAsTemplateResultOrResponse (file:///C:/code/zentala.eu/node_modules/astro/dist/runtime/server/render/astro/render.js:90:31)
    at renderToAsyncIterable (file:///C:/code/zentala.eu/node_modules/astro/dist/runtime/server/render/astro/render.js:132:32)
    at renderPage (file:///C:/code/zentala.eu/node_modules/astro/dist/runtime/server/render/page.js:31:30)
    at lastNext (file:///C:/code/zentala.eu/node_modules/astro/dist/core/render-context.js:133:31)
    at process.processTicksAndRejections (node:internal/process/task_queues:105:5)
    at async callMiddleware (file:///C:/code/zentala.eu/node_modules/astro/dist/core/middleware/callMiddleware.js:21:10) @ http://localhost:4322/@vite/client:1385
[ 1091300ms] [ERROR] Failed to load resource: the server responded with a status of 500 (Internal Server Error) @ http://localhost:4322/resources:0
[ 1091399ms] [ERROR] [vite] Internal Server Error
Cannot read properties of undefined (reading &#39;localeCompare&#39;)
TypeError: Cannot read properties of undefined (reading 'localeCompare')
    at C:\code\zentala.eu\src\pages\resources\index.astro:13:30
    at Array.sort (<anonymous>)
    at C:\code\zentala.eu\src\pages\resources\index.astro:13:4
    at index (C:\code\zentala.eu\node_modules\astro\dist\runtime\server\astro-component.js:16:12)
    at callComponentAsTemplateResultOrResponse (file:///C:/code/zentala.eu/node_modules/astro/dist/runtime/server/render/astro/render.js:90:31)
    at renderToAsyncIterable (file:///C:/code/zentala.eu/node_modules/astro/dist/runtime/server/render/astro/render.js:132:32)
    at renderPage (file:///C:/code/zentala.eu/node_modules/astro/dist/runtime/server/render/page.js:31:30)
    at lastNext (file:///C:/code/zentala.eu/node_modules/astro/dist/core/render-context.js:133:31)
    at process.processTicksAndRejections (node:internal/process/task_queues:105:5)
    at async callMiddleware (file:///C:/code/zentala.eu/node_modules/astro/dist/core/middleware/callMiddleware.js:21:10) @ http://localhost:4322/@vite/client:1385
[ 1091410ms] [ERROR] Failed to load resource: the server responded with a status of 500 (Internal Server Error) @ http://localhost:4322/resources:0
[ 1091506ms] [ERROR] [vite] Internal Server Error
Cannot read properties of undefined (reading &#39;localeCompare&#39;)
TypeError: Cannot read properties of undefined (reading 'localeCompare')
    at C:\code\zentala.eu\src\pages\resources\index.astro:13:30
    at Array.sort (<anonymous>)
    at C:\code\zentala.eu\src\pages\resources\index.astro:13:4
    at index (C:\code\zentala.eu\node_modules\astro\dist\runtime\server\astro-component.js:16:12)
    at callComponentAsTemplateResultOrResponse (file:///C:/code/zentala.eu/node_modules/astro/dist/runtime/server/render/astro/render.js:90:31)
    at renderToAsyncIterable (file:///C:/code/zentala.eu/node_modules/astro/dist/runtime/server/render/astro/render.js:132:32)
    at renderPage (file:///C:/code/zentala.eu/node_modules/astro/dist/runtime/server/render/page.js:31:30)
    at lastNext (file:///C:/code/zentala.eu/node_modules/astro/dist/core/render-context.js:133:31)
    at process.processTicksAndRejections (node:internal/process/task_queues:105:5)
    at async callMiddleware (file:///C:/code/zentala.eu/node_modules/astro/dist/core/middleware/callMiddleware.js:21:10) @ http://localhost:4322/@vite/client:1385
[ 1091513ms] [ERROR] Failed to load resource: the server responded with a status of 500 (Internal Server Error) @ http://localhost:4322/resources:0
[ 1091613ms] [ERROR] [vite] Internal Server Error
Cannot read properties of undefined (reading &#39;localeCompare&#39;)
TypeError: Cannot read properties of undefined (reading 'localeCompare')
    at C:\code\zentala.eu\src\pages\resources\index.astro:13:30
    at Array.sort (<anonymous>)
    at C:\code\zentala.eu\src\pages\resources\index.astro:13:4
    at index (C:\code\zentala.eu\node_modules\astro\dist\runtime\server\astro-component.js:16:12)
    at callComponentAsTemplateResultOrResponse (file:///C:/code/zentala.eu/node_modules/astro/dist/runtime/server/render/astro/render.js:90:31)
    at renderToAsyncIterable (file:///C:/code/zentala.eu/node_modules/astro/dist/runtime/server/render/astro/render.js:132:32)
    at renderPage (file:///C:/code/zentala.eu/node_modules/astro/dist/runtime/server/render/page.js:31:30)
    at lastNext (file:///C:/code/zentala.eu/node_modules/astro/dist/core/render-context.js:133:31)
    at process.processTicksAndRejections (node:internal/process/task_queues:105:5)
    at async callMiddleware (file:///C:/code/zentala.eu/node_modules/astro/dist/core/middleware/callMiddleware.js:21:10) @ http://localhost:4322/@vite/client:1385
[ 1091619ms] [ERROR] Failed to load resource: the server responded with a status of 500 (Internal Server Error) @ http://localhost:4322/resources:0
[ 1091722ms] [ERROR] [vite] Internal Server Error
Cannot read properties of undefined (reading &#39;localeCompare&#39;)
TypeError: Cannot read properties of undefined (reading 'localeCompare')
    at C:\code\zentala.eu\src\pages\resources\index.astro:13:30
    at Array.sort (<anonymous>)
    at C:\code\zentala.eu\src\pages\resources\index.astro:13:4
    at index (C:\code\zentala.eu\node_modules\astro\dist\runtime\server\astro-component.js:16:12)
    at callComponentAsTemplateResultOrResponse (file:///C:/code/zentala.eu/node_modules/astro/dist/runtime/server/render/astro/render.js:90:31)
    at renderToAsyncIterable (file:///C:/code/zentala.eu/node_modules/astro/dist/runtime/server/render/astro/render.js:132:32)
    at renderPage (file:///C:/code/zentala.eu/node_modules/astro/dist/runtime/server/render/page.js:31:30)
    at lastNext (file:///C:/code/zentala.eu/node_modules/astro/dist/core/render-context.js:133:31)
    at process.processTicksAndRejections (node:internal/process/task_queues:105:5)
    at async callMiddleware (file:///C:/code/zentala.eu/node_modules/astro/dist/core/middleware/callMiddleware.js:21:10) @ http://localhost:4322/@vite/client:1385
[ 1091728ms] [ERROR] Failed to load resource: the server responded with a status of 500 (Internal Server Error) @ http://localhost:4322/resources:0
[ 1091831ms] [ERROR] [vite] Internal Server Error
Cannot read properties of undefined (reading &#39;localeCompare&#39;)
TypeError: Cannot read properties of undefined (reading 'localeCompare')
    at C:\code\zentala.eu\src\pages\resources\index.astro:13:30
    at Array.sort (<anonymous>)
    at C:\code\zentala.eu\src\pages\resources\index.astro:13:4
    at index (C:\code\zentala.eu\node_modules\astro\dist\runtime\server\astro-component.js:16:12)
    at callComponentAsTemplateResultOrResponse (file:///C:/code/zentala.eu/node_modules/astro/dist/runtime/server/render/astro/render.js:90:31)
    at renderToAsyncIterable (file:///C:/code/zentala.eu/node_modules/astro/dist/runtime/server/render/astro/render.js:132:32)
    at renderPage (file:///C:/code/zentala.eu/node_modules/astro/dist/runtime/server/render/page.js:31:30)
    at lastNext (file:///C:/code/zentala.eu/node_modules/astro/dist/core/render-context.js:133:31)
    at process.processTicksAndRejections (node:internal/process/task_queues:105:5)
    at async callMiddleware (file:///C:/code/zentala.eu/node_modules/astro/dist/core/middleware/callMiddleware.js:21:10) @ http://localhost:4322/@vite/client:1385
[ 1091842ms] [ERROR] Failed to load resource: the server responded with a status of 500 (Internal Server Error) @ http://localhost:4322/resources:0
[ 1091938ms] [ERROR] [vite] Internal Server Error
Cannot read properties of undefined (reading &#39;localeCompare&#39;)
TypeError: Cannot read properties of undefined (reading 'localeCompare')
    at C:\code\zentala.eu\src\pages\resources\index.astro:13:30
    at Array.sort (<anonymous>)
    at C:\code\zentala.eu\src\pages\resources\index.astro:13:4
    at index (C:\code\zentala.eu\node_modules\astro\dist\runtime\server\astro-component.js:16:12)
    at callComponentAsTemplateResultOrResponse (file:///C:/code/zentala.eu/node_modules/astro/dist/runtime/server/render/astro/render.js:90:31)
    at renderToAsyncIterable (file:///C:/code/zentala.eu/node_modules/astro/dist/runtime/server/render/astro/render.js:132:32)
    at renderPage (file:///C:/code/zentala.eu/node_modules/astro/dist/runtime/server/render/page.js:31:30)
    at lastNext (file:///C:/code/zentala.eu/node_modules/astro/dist/core/render-context.js:133:31)
    at process.processTicksAndRejections (node:internal/process/task_queues:105:5)
    at async callMiddleware (file:///C:/code/zentala.eu/node_modules/astro/dist/core/middleware/callMiddleware.js:21:10) @ http://localhost:4322/@vite/client:1385
[ 1091949ms] [ERROR] Failed to load resource: the server responded with a status of 500 (Internal Server Error) @ http://localhost:4322/resources:0
[ 1092047ms] [ERROR] [vite] Internal Server Error
Cannot read properties of undefined (reading &#39;localeCompare&#39;)
TypeError: Cannot read properties of undefined (reading 'localeCompare')
    at C:\code\zentala.eu\src\pages\resources\index.astro:13:30
    at Array.sort (<anonymous>)
    at C:\code\zentala.eu\src\pages\resources\index.astro:13:4
    at index (C:\code\zentala.eu\node_modules\astro\dist\runtime\server\astro-component.js:16:12)
    at callComponentAsTemplateResultOrResponse (file:///C:/code/zentala.eu/node_modules/astro/dist/runtime/server/render/astro/render.js:90:31)
    at renderToAsyncIterable (file:///C:/code/zentala.eu/node_modules/astro/dist/runtime/server/render/astro/render.js:132:32)
    at renderPage (file:///C:/code/zentala.eu/node_modules/astro/dist/runtime/server/render/page.js:31:30)
    at lastNext (file:///C:/code/zentala.eu/node_modules/astro/dist/core/render-context.js:133:31)
    at process.processTicksAndRejections (node:internal/process/task_queues:105:5)
    at async callMiddleware (file:///C:/code/zentala.eu/node_modules/astro/dist/core/middleware/callMiddleware.js:21:10) @ http://localhost:4322/@vite/client:1385
[ 1092057ms] [ERROR] Failed to load resource: the server responded with a status of 500 (Internal Server Error) @ http://localhost:4322/resources:0
[ 1092152ms] [ERROR] [vite] Internal Server Error
Cannot read properties of undefined (reading &#39;localeCompare&#39;)
TypeError: Cannot read properties of undefined (reading 'localeCompare')
    at C:\code\zentala.eu\src\pages\resources\index.astro:13:30
    at Array.sort (<anonymous>)
    at C:\code\zentala.eu\src\pages\resources\index.astro:13:4
    at index (C:\code\zentala.eu\node_modules\astro\dist\runtime\server\astro-component.js:16:12)
    at callComponentAsTemplateResultOrResponse (file:///C:/code/zentala.eu/node_modules/astro/dist/runtime/server/render/astro/render.js:90:31)
    at renderToAsyncIterable (file:///C:/code/zentala.eu/node_modules/astro/dist/runtime/server/render/astro/render.js:132:32)
    at renderPage (file:///C:/code/zentala.eu/node_modules/astro/dist/runtime/server/render/page.js:31:30)
    at lastNext (file:///C:/code/zentala.eu/node_modules/astro/dist/core/render-context.js:133:31)
    at process.processTicksAndRejections (node:internal/process/task_queues:105:5)
    at async callMiddleware (file:///C:/code/zentala.eu/node_modules/astro/dist/core/middleware/callMiddleware.js:21:10) @ http://localhost:4322/@vite/client:1385
[ 1092159ms] [ERROR] Failed to load resource: the server responded with a status of 500 (Internal Server Error) @ http://localhost:4322/resources:0
[ 1092262ms] [ERROR] [vite] Internal Server Error
Cannot read properties of undefined (reading &#39;localeCompare&#39;)
TypeError: Cannot read properties of undefined (reading 'localeCompare')
    at C:\code\zentala.eu\src\pages\resources\index.astro:13:30
    at Array.sort (<anonymous>)
    at C:\code\zentala.eu\src\pages\resources\index.astro:13:4
    at index (C:\code\zentala.eu\node_modules\astro\dist\runtime\server\astro-component.js:16:12)
    at callComponentAsTemplateResultOrResponse (file:///C:/code/zentala.eu/node_modules/astro/dist/runtime/server/render/astro/render.js:90:31)
    at renderToAsyncIterable (file:///C:/code/zentala.eu/node_modules/astro/dist/runtime/server/render/astro/render.js:132:32)
    at renderPage (file:///C:/code/zentala.eu/node_modules/astro/dist/runtime/server/render/page.js:31:30)
    at lastNext (file:///C:/code/zentala.eu/node_modules/astro/dist/core/render-context.js:133:31)
    at process.processTicksAndRejections (node:internal/process/task_queues:105:5)
    at async callMiddleware (file:///C:/code/zentala.eu/node_modules/astro/dist/core/middleware/callMiddleware.js:21:10) @ http://localhost:4322/@vite/client:1385
[ 1092268ms] [ERROR] Failed to load resource: the server responded with a status of 500 (Internal Server Error) @ http://localhost:4322/resources:0
[ 1092370ms] [ERROR] [vite] Internal Server Error
Cannot read properties of undefined (reading &#39;localeCompare&#39;)
TypeError: Cannot read properties of undefined (reading 'localeCompare')
    at C:\code\zentala.eu\src\pages\resources\index.astro:13:30
    at Array.sort (<anonymous>)
    at C:\code\zentala.eu\src\pages\resources\index.astro:13:4
    at index (C:\code\zentala.eu\node_modules\astro\dist\runtime\server\astro-component.js:16:12)
    at callComponentAsTemplateResultOrResponse (file:///C:/code/zentala.eu/node_modules/astro/dist/runtime/server/render/astro/render.js:90:31)
    at renderToAsyncIterable (file:///C:/code/zentala.eu/node_modules/astro/dist/runtime/server/render/astro/render.js:132:32)
    at renderPage (file:///C:/code/zentala.eu/node_modules/astro/dist/runtime/server/render/page.js:31:30)
    at lastNext (file:///C:/code/zentala.eu/node_modules/astro/dist/core/render-context.js:133:31)
    at process.processTicksAndRejections (node:internal/process/task_queues:105:5)
    at async callMiddleware (file:///C:/code/zentala.eu/node_modules/astro/dist/core/middleware/callMiddleware.js:21:10) @ http://localhost:4322/@vite/client:1385
[ 1092377ms] [ERROR] Failed to load resource: the server responded with a status of 500 (Internal Server Error) @ http://localhost:4322/resources:0
[ 1092478ms] [ERROR] [vite] Internal Server Error
Cannot read properties of undefined (reading &#39;localeCompare&#39;)
TypeError: Cannot read properties of undefined (reading 'localeCompare')
    at C:\code\zentala.eu\src\pages\resources\index.astro:13:30
    at Array.sort (<anonymous>)
    at C:\code\zentala.eu\src\pages\resources\index.astro:13:4
    at index (C:\code\zentala.eu\node_modules\astro\dist\runtime\server\astro-component.js:16:12)
    at callComponentAsTemplateResultOrResponse (file:///C:/code/zentala.eu/node_modules/astro/dist/runtime/server/render/astro/render.js:90:31)
    at renderToAsyncIterable (file:///C:/code/zentala.eu/node_modules/astro/dist/runtime/server/render/astro/render.js:132:32)
    at renderPage (file:///C:/code/zentala.eu/node_modules/astro/dist/runtime/server/render/page.js:31:30)
    at lastNext (file:///C:/code/zentala.eu/node_modules/astro/dist/core/render-context.js:133:31)
    at process.processTicksAndRejections (node:internal/process/task_queues:105:5)
    at async callMiddleware (file:///C:/code/zentala.eu/node_modules/astro/dist/core/middleware/callMiddleware.js:21:10) @ http://localhost:4322/@vite/client:1385
[ 1092485ms] [ERROR] Failed to load resource: the server responded with a status of 500 (Internal Server Error) @ http://localhost:4322/resources:0
[ 1092585ms] [ERROR] [vite] Internal Server Error
Cannot read properties of undefined (reading &#39;localeCompare&#39;)
TypeError: Cannot read properties of undefined (reading 'localeCompare')
    at C:\code\zentala.eu\src\pages\resources\index.astro:13:30
    at Array.sort (<anonymous>)
    at C:\code\zentala.eu\src\pages\resources\index.astro:13:4
    at index (C:\code\zentala.eu\node_modules\astro\dist\runtime\server\astro-component.js:16:12)
    at callComponentAsTemplateResultOrResponse (file:///C:/code/zentala.eu/node_modules/astro/dist/runtime/server/render/astro/render.js:90:31)
    at renderToAsyncIterable (file:///C:/code/zentala.eu/node_modules/astro/dist/runtime/server/render/astro/render.js:132:32)
    at renderPage (file:///C:/code/zentala.eu/node_modules/astro/dist/runtime/server/render/page.js:31:30)
    at lastNext (file:///C:/code/zentala.eu/node_modules/astro/dist/core/render-context.js:133:31)
    at process.processTicksAndRejections (node:internal/process/task_queues:105:5)
    at async callMiddleware (file:///C:/code/zentala.eu/node_modules/astro/dist/core/middleware/callMiddleware.js:21:10) @ http://localhost:4322/@vite/client:1385
[ 1092593ms] [ERROR] Failed to load resource: the server responded with a status of 500 (Internal Server Error) @ http://localhost:4322/resources:0
[ 1092696ms] [ERROR] [vite] Internal Server Error
Cannot read properties of undefined (reading &#39;localeCompare&#39;)
TypeError: Cannot read properties of undefined (reading 'localeCompare')
    at C:\code\zentala.eu\src\pages\resources\index.astro:13:30
    at Array.sort (<anonymous>)
    at C:\code\zentala.eu\src\pages\resources\index.astro:13:4
    at index (C:\code\zentala.eu\node_modules\astro\dist\runtime\server\astro-component.js:16:12)
    at callComponentAsTemplateResultOrResponse (file:///C:/code/zentala.eu/node_modules/astro/dist/runtime/server/render/astro/render.js:90:31)
    at renderToAsyncIterable (file:///C:/code/zentala.eu/node_modules/astro/dist/runtime/server/render/astro/render.js:132:32)
    at renderPage (file:///C:/code/zentala.eu/node_modules/astro/dist/runtime/server/render/page.js:31:30)
    at lastNext (file:///C:/code/zentala.eu/node_modules/astro/dist/core/render-context.js:133:31)
    at process.processTicksAndRejections (node:internal/process/task_queues:105:5)
    at async callMiddleware (file:///C:/code/zentala.eu/node_modules/astro/dist/core/middleware/callMiddleware.js:21:10) @ http://localhost:4322/@vite/client:1385
[ 1092704ms] [ERROR] Failed to load resource: the server responded with a status of 500 (Internal Server Error) @ http://localhost:4322/resources:0
[ 1092802ms] [ERROR] [vite] Internal Server Error
Cannot read properties of undefined (reading &#39;localeCompare&#39;)
TypeError: Cannot read properties of undefined (reading 'localeCompare')
    at C:\code\zentala.eu\src\pages\resources\index.astro:13:30
    at Array.sort (<anonymous>)
    at C:\code\zentala.eu\src\pages\resources\index.astro:13:4
    at index (C:\code\zentala.eu\node_modules\astro\dist\runtime\server\astro-component.js:16:12)
    at callComponentAsTemplateResultOrResponse (file:///C:/code/zentala.eu/node_modules/astro/dist/runtime/server/render/astro/render.js:90:31)
    at renderToAsyncIterable (file:///C:/code/zentala.eu/node_modules/astro/dist/runtime/server/render/astro/render.js:132:32)
    at renderPage (file:///C:/code/zentala.eu/node_modules/astro/dist/runtime/server/render/page.js:31:30)
    at lastNext (file:///C:/code/zentala.eu/node_modules/astro/dist/core/render-context.js:133:31)
    at process.processTicksAndRejections (node:internal/process/task_queues:105:5)
    at async callMiddleware (file:///C:/code/zentala.eu/node_modules/astro/dist/core/middleware/callMiddleware.js:21:10) @ http://localhost:4322/@vite/client:1385
[ 1092809ms] [ERROR] Failed to load resource: the server responded with a status of 500 (Internal Server Error) @ http://localhost:4322/resources:0
[ 1092911ms] [ERROR] [vite] Internal Server Error
Cannot read properties of undefined (reading &#39;localeCompare&#39;)
TypeError: Cannot read properties of undefined (reading 'localeCompare')
    at C:\code\zentala.eu\src\pages\resources\index.astro:13:30
    at Array.sort (<anonymous>)
    at C:\code\zentala.eu\src\pages\resources\index.astro:13:4
    at index (C:\code\zentala.eu\node_modules\astro\dist\runtime\server\astro-component.js:16:12)
    at callComponentAsTemplateResultOrResponse (file:///C:/code/zentala.eu/node_modules/astro/dist/runtime/server/render/astro/render.js:90:31)
    at renderToAsyncIterable (file:///C:/code/zentala.eu/node_modules/astro/dist/runtime/server/render/astro/render.js:132:32)
    at renderPage (file:///C:/code/zentala.eu/node_modules/astro/dist/runtime/server/render/page.js:31:30)
    at lastNext (file:///C:/code/zentala.eu/node_modules/astro/dist/core/render-context.js:133:31)
    at process.processTicksAndRejections (node:internal/process/task_queues:105:5)
    at async callMiddleware (file:///C:/code/zentala.eu/node_modules/astro/dist/core/middleware/callMiddleware.js:21:10) @ http://localhost:4322/@vite/client:1385
[ 1092917ms] [ERROR] Failed to load resource: the server responded with a status of 500 (Internal Server Error) @ http://localhost:4322/resources:0
[ 1093016ms] [ERROR] [vite] Internal Server Error
Cannot read properties of undefined (reading &#39;localeCompare&#39;)
TypeError: Cannot read properties of undefined (reading 'localeCompare')
    at C:\code\zentala.eu\src\pages\resources\index.astro:13:30
    at Array.sort (<anonymous>)
    at C:\code\zentala.eu\src\pages\resources\index.astro:13:4
    at index (C:\code\zentala.eu\node_modules\astro\dist\runtime\server\astro-component.js:16:12)
    at callComponentAsTemplateResultOrResponse (file:///C:/code/zentala.eu/node_modules/astro/dist/runtime/server/render/astro/render.js:90:31)
    at renderToAsyncIterable (file:///C:/code/zentala.eu/node_modules/astro/dist/runtime/server/render/astro/render.js:132:32)
    at renderPage (file:///C:/code/zentala.eu/node_modules/astro/dist/runtime/server/render/page.js:31:30)
    at lastNext (file:///C:/code/zentala.eu/node_modules/astro/dist/core/render-context.js:133:31)
    at process.processTicksAndRejections (node:internal/process/task_queues:105:5)
    at async callMiddleware (file:///C:/code/zentala.eu/node_modules/astro/dist/core/middleware/callMiddleware.js:21:10) @ http://localhost:4322/@vite/client:1385
[ 1093023ms] [ERROR] Failed to load resource: the server responded with a status of 500 (Internal Server Error) @ http://localhost:4322/resources:0
[ 1093124ms] [ERROR] [vite] Internal Server Error
Cannot read properties of undefined (reading &#39;localeCompare&#39;)
TypeError: Cannot read properties of undefined (reading 'localeCompare')
    at C:\code\zentala.eu\src\pages\resources\index.astro:13:30
    at Array.sort (<anonymous>)
    at C:\code\zentala.eu\src\pages\resources\index.astro:13:4
    at index (C:\code\zentala.eu\node_modules\astro\dist\runtime\server\astro-component.js:16:12)
    at callComponentAsTemplateResultOrResponse (file:///C:/code/zentala.eu/node_modules/astro/dist/runtime/server/render/astro/render.js:90:31)
    at renderToAsyncIterable (file:///C:/code/zentala.eu/node_modules/astro/dist/runtime/server/render/astro/render.js:132:32)
    at renderPage (file:///C:/code/zentala.eu/node_modules/astro/dist/runtime/server/render/page.js:31:30)
    at lastNext (file:///C:/code/zentala.eu/node_modules/astro/dist/core/render-context.js:133:31)
    at process.processTicksAndRejections (node:internal/process/task_queues:105:5)
    at async callMiddleware (file:///C:/code/zentala.eu/node_modules/astro/dist/core/middleware/callMiddleware.js:21:10) @ http://localhost:4322/@vite/client:1385
[ 1093131ms] [ERROR] Failed to load resource: the server responded with a status of 500 (Internal Server Error) @ http://localhost:4322/resources:0
[ 1093232ms] [ERROR] [vite] Internal Server Error
Cannot read properties of undefined (reading &#39;localeCompare&#39;)
TypeError: Cannot read properties of undefined (reading 'localeCompare')
    at C:\code\zentala.eu\src\pages\resources\index.astro:13:30
    at Array.sort (<anonymous>)
    at C:\code\zentala.eu\src\pages\resources\index.astro:13:4
    at index (C:\code\zentala.eu\node_modules\astro\dist\runtime\server\astro-component.js:16:12)
    at callComponentAsTemplateResultOrResponse (file:///C:/code/zentala.eu/node_modules/astro/dist/runtime/server/render/astro/render.js:90:31)
    at renderToAsyncIterable (file:///C:/code/zentala.eu/node_modules/astro/dist/runtime/server/render/astro/render.js:132:32)
    at renderPage (file:///C:/code/zentala.eu/node_modules/astro/dist/runtime/server/render/page.js:31:30)
    at lastNext (file:///C:/code/zentala.eu/node_modules/astro/dist/core/render-context.js:133:31)
    at process.processTicksAndRejections (node:internal/process/task_queues:105:5)
    at async callMiddleware (file:///C:/code/zentala.eu/node_modules/astro/dist/core/middleware/callMiddleware.js:21:10) @ http://localhost:4322/@vite/client:1385
[ 1093237ms] [ERROR] Failed to load resource: the server responded with a status of 500 (Internal Server Error) @ http://localhost:4322/resources:0
[ 1093340ms] [ERROR] [vite] Internal Server Error
Cannot read properties of undefined (reading &#39;localeCompare&#39;)
TypeError: Cannot read properties of undefined (reading 'localeCompare')
    at C:\code\zentala.eu\src\pages\resources\index.astro:13:30
    at Array.sort (<anonymous>)
    at C:\code\zentala.eu\src\pages\resources\index.astro:13:4
    at index (C:\code\zentala.eu\node_modules\astro\dist\runtime\server\astro-component.js:16:12)
    at callComponentAsTemplateResultOrResponse (file:///C:/code/zentala.eu/node_modules/astro/dist/runtime/server/render/astro/render.js:90:31)
    at renderToAsyncIterable (file:///C:/code/zentala.eu/node_modules/astro/dist/runtime/server/render/astro/render.js:132:32)
    at renderPage (file:///C:/code/zentala.eu/node_modules/astro/dist/runtime/server/render/page.js:31:30)
    at lastNext (file:///C:/code/zentala.eu/node_modules/astro/dist/core/render-context.js:133:31)
    at process.processTicksAndRejections (node:internal/process/task_queues:105:5)
    at async callMiddleware (file:///C:/code/zentala.eu/node_modules/astro/dist/core/middleware/callMiddleware.js:21:10) @ http://localhost:4322/@vite/client:1385
[ 1093347ms] [ERROR] Failed to load resource: the server responded with a status of 500 (Internal Server Error) @ http://localhost:4322/resources:0
[ 1093447ms] [ERROR] [vite] Internal Server Error
Cannot read properties of undefined (reading &#39;localeCompare&#39;)
TypeError: Cannot read properties of undefined (reading 'localeCompare')
    at C:\code\zentala.eu\src\pages\resources\index.astro:13:30
    at Array.sort (<anonymous>)
    at C:\code\zentala.eu\src\pages\resources\index.astro:13:4
    at index (C:\code\zentala.eu\node_modules\astro\dist\runtime\server\astro-component.js:16:12)
    at callComponentAsTemplateResultOrResponse (file:///C:/code/zentala.eu/node_modules/astro/dist/runtime/server/render/astro/render.js:90:31)
    at renderToAsyncIterable (file:///C:/code/zentala.eu/node_modules/astro/dist/runtime/server/render/astro/render.js:132:32)
    at renderPage (file:///C:/code/zentala.eu/node_modules/astro/dist/runtime/server/render/page.js:31:30)
    at lastNext (file:///C:/code/zentala.eu/node_modules/astro/dist/core/render-context.js:133:31)
    at process.processTicksAndRejections (node:internal/process/task_queues:105:5)
    at async callMiddleware (file:///C:/code/zentala.eu/node_modules/astro/dist/core/middleware/callMiddleware.js:21:10) @ http://localhost:4322/@vite/client:1385
[ 1093454ms] [ERROR] Failed to load resource: the server responded with a status of 500 (Internal Server Error) @ http://localhost:4322/resources:0
[ 1093552ms] [ERROR] [vite] Internal Server Error
Cannot read properties of undefined (reading &#39;localeCompare&#39;)
TypeError: Cannot read properties of undefined (reading 'localeCompare')
    at C:\code\zentala.eu\src\pages\resources\index.astro:13:30
    at Array.sort (<anonymous>)
    at C:\code\zentala.eu\src\pages\resources\index.astro:13:4
    at index (C:\code\zentala.eu\node_modules\astro\dist\runtime\server\astro-component.js:16:12)
    at callComponentAsTemplateResultOrResponse (file:///C:/code/zentala.eu/node_modules/astro/dist/runtime/server/render/astro/render.js:90:31)
    at renderToAsyncIterable (file:///C:/code/zentala.eu/node_modules/astro/dist/runtime/server/render/astro/render.js:132:32)
    at renderPage (file:///C:/code/zentala.eu/node_modules/astro/dist/runtime/server/render/page.js:31:30)
    at lastNext (file:///C:/code/zentala.eu/node_modules/astro/dist/core/render-context.js:133:31)
    at process.processTicksAndRejections (node:internal/process/task_queues:105:5)
    at async callMiddleware (file:///C:/code/zentala.eu/node_modules/astro/dist/core/middleware/callMiddleware.js:21:10) @ http://localhost:4322/@vite/client:1385
[ 1093562ms] [ERROR] Failed to load resource: the server responded with a status of 500 (Internal Server Error) @ http://localhost:4322/resources:0
[ 1093663ms] [ERROR] [vite] Internal Server Error
Cannot read properties of undefined (reading &#39;localeCompare&#39;)
TypeError: Cannot read properties of undefined (reading 'localeCompare')
    at C:\code\zentala.eu\src\pages\resources\index.astro:13:30
    at Array.sort (<anonymous>)
    at C:\code\zentala.eu\src\pages\resources\index.astro:13:4
    at index (C:\code\zentala.eu\node_modules\astro\dist\runtime\server\astro-component.js:16:12)
    at callComponentAsTemplateResultOrResponse (file:///C:/code/zentala.eu/node_modules/astro/dist/runtime/server/render/astro/render.js:90:31)
    at renderToAsyncIterable (file:///C:/code/zentala.eu/node_modules/astro/dist/runtime/server/render/astro/render.js:132:32)
    at renderPage (file:///C:/code/zentala.eu/node_modules/astro/dist/runtime/server/render/page.js:31:30)
    at lastNext (file:///C:/code/zentala.eu/node_modules/astro/dist/core/render-context.js:133:31)
    at process.processTicksAndRejections (node:internal/process/task_queues:105:5)
    at async callMiddleware (file:///C:/code/zentala.eu/node_modules/astro/dist/core/middleware/callMiddleware.js:21:10) @ http://localhost:4322/@vite/client:1385
[ 1093675ms] [ERROR] Failed to load resource: the server responded with a status of 500 (Internal Server Error) @ http://localhost:4322/resources:0
[ 1093771ms] [ERROR] [vite] Internal Server Error
Cannot read properties of undefined (reading &#39;localeCompare&#39;)
TypeError: Cannot read properties of undefined (reading 'localeCompare')
    at C:\code\zentala.eu\src\pages\resources\index.astro:13:30
    at Array.sort (<anonymous>)
    at C:\code\zentala.eu\src\pages\resources\index.astro:13:4
    at index (C:\code\zentala.eu\node_modules\astro\dist\runtime\server\astro-component.js:16:12)
    at callComponentAsTemplateResultOrResponse (file:///C:/code/zentala.eu/node_modules/astro/dist/runtime/server/render/astro/render.js:90:31)
    at renderToAsyncIterable (file:///C:/code/zentala.eu/node_modules/astro/dist/runtime/server/render/astro/render.js:132:32)
    at renderPage (file:///C:/code/zentala.eu/node_modules/astro/dist/runtime/server/render/page.js:31:30)
    at lastNext (file:///C:/code/zentala.eu/node_modules/astro/dist/core/render-context.js:133:31)
    at process.processTicksAndRejections (node:internal/process/task_queues:105:5)
    at async callMiddleware (file:///C:/code/zentala.eu/node_modules/astro/dist/core/middleware/callMiddleware.js:21:10) @ http://localhost:4322/@vite/client:1385
[ 1093779ms] [ERROR] Failed to load resource: the server responded with a status of 500 (Internal Server Error) @ http://localhost:4322/resources:0
[ 1093881ms] [ERROR] [vite] Internal Server Error
Cannot read properties of undefined (reading &#39;localeCompare&#39;)
TypeError: Cannot read properties of undefined (reading 'localeCompare')
    at C:\code\zentala.eu\src\pages\resources\index.astro:13:30
    at Array.sort (<anonymous>)
    at C:\code\zentala.eu\src\pages\resources\index.astro:13:4
    at index (C:\code\zentala.eu\node_modules\astro\dist\runtime\server\astro-component.js:16:12)
    at callComponentAsTemplateResultOrResponse (file:///C:/code/zentala.eu/node_modules/astro/dist/runtime/server/render/astro/render.js:90:31)
    at renderToAsyncIterable (file:///C:/code/zentala.eu/node_modules/astro/dist/runtime/server/render/astro/render.js:132:32)
    at renderPage (file:///C:/code/zentala.eu/node_modules/astro/dist/runtime/server/render/page.js:31:30)
    at lastNext (file:///C:/code/zentala.eu/node_modules/astro/dist/core/render-context.js:133:31)
    at process.processTicksAndRejections (node:internal/process/task_queues:105:5)
    at async callMiddleware (file:///C:/code/zentala.eu/node_modules/astro/dist/core/middleware/callMiddleware.js:21:10) @ http://localhost:4322/@vite/client:1385
[ 1093888ms] [ERROR] Failed to load resource: the server responded with a status of 500 (Internal Server Error) @ http://localhost:4322/resources:0
[ 1093988ms] [ERROR] [vite] Internal Server Error
Cannot read properties of undefined (reading &#39;localeCompare&#39;)
TypeError: Cannot read properties of undefined (reading 'localeCompare')
    at C:\code\zentala.eu\src\pages\resources\index.astro:13:30
    at Array.sort (<anonymous>)
    at C:\code\zentala.eu\src\pages\resources\index.astro:13:4
    at index (C:\code\zentala.eu\node_modules\astro\dist\runtime\server\astro-component.js:16:12)
    at callComponentAsTemplateResultOrResponse (file:///C:/code/zentala.eu/node_modules/astro/dist/runtime/server/render/astro/render.js:90:31)
    at renderToAsyncIterable (file:///C:/code/zentala.eu/node_modules/astro/dist/runtime/server/render/astro/render.js:132:32)
    at renderPage (file:///C:/code/zentala.eu/node_modules/astro/dist/runtime/server/render/page.js:31:30)
    at lastNext (file:///C:/code/zentala.eu/node_modules/astro/dist/core/render-context.js:133:31)
    at process.processTicksAndRejections (node:internal/process/task_queues:105:5)
    at async callMiddleware (file:///C:/code/zentala.eu/node_modules/astro/dist/core/middleware/callMiddleware.js:21:10) @ http://localhost:4322/@vite/client:1385
[ 1093995ms] [ERROR] Failed to load resource: the server responded with a status of 500 (Internal Server Error) @ http://localhost:4322/resources:0
[ 1094095ms] [ERROR] [vite] Internal Server Error
Cannot read properties of undefined (reading &#39;localeCompare&#39;)
TypeError: Cannot read properties of undefined (reading 'localeCompare')
    at C:\code\zentala.eu\src\pages\resources\index.astro:13:30
    at Array.sort (<anonymous>)
    at C:\code\zentala.eu\src\pages\resources\index.astro:13:4
    at index (C:\code\zentala.eu\node_modules\astro\dist\runtime\server\astro-component.js:16:12)
    at callComponentAsTemplateResultOrResponse (file:///C:/code/zentala.eu/node_modules/astro/dist/runtime/server/render/astro/render.js:90:31)
    at renderToAsyncIterable (file:///C:/code/zentala.eu/node_modules/astro/dist/runtime/server/render/astro/render.js:132:32)
    at renderPage (file:///C:/code/zentala.eu/node_modules/astro/dist/runtime/server/render/page.js:31:30)
    at lastNext (file:///C:/code/zentala.eu/node_modules/astro/dist/core/render-context.js:133:31)
    at process.processTicksAndRejections (node:internal/process/task_queues:105:5)
    at async callMiddleware (file:///C:/code/zentala.eu/node_modules/astro/dist/core/middleware/callMiddleware.js:21:10) @ http://localhost:4322/@vite/client:1385
[ 1094102ms] [ERROR] Failed to load resource: the server responded with a status of 500 (Internal Server Error) @ http://localhost:4322/resources:0
[ 1094198ms] [ERROR] [vite] Internal Server Error
Cannot read properties of undefined (reading &#39;localeCompare&#39;)
TypeError: Cannot read properties of undefined (reading 'localeCompare')
    at C:\code\zentala.eu\src\pages\resources\index.astro:13:30
    at Array.sort (<anonymous>)
    at C:\code\zentala.eu\src\pages\resources\index.astro:13:4
    at index (C:\code\zentala.eu\node_modules\astro\dist\runtime\server\astro-component.js:16:12)
    at callComponentAsTemplateResultOrResponse (file:///C:/code/zentala.eu/node_modules/astro/dist/runtime/server/render/astro/render.js:90:31)
    at renderToAsyncIterable (file:///C:/code/zentala.eu/node_modules/astro/dist/runtime/server/render/astro/render.js:132:32)
    at renderPage (file:///C:/code/zentala.eu/node_modules/astro/dist/runtime/server/render/page.js:31:30)
    at lastNext (file:///C:/code/zentala.eu/node_modules/astro/dist/core/render-context.js:133:31)
    at process.processTicksAndRejections (node:internal/process/task_queues:105:5)
    at async callMiddleware (file:///C:/code/zentala.eu/node_modules/astro/dist/core/middleware/callMiddleware.js:21:10) @ http://localhost:4322/@vite/client:1385
[ 1094209ms] [ERROR] Failed to load resource: the server responded with a status of 500 (Internal Server Error) @ http://localhost:4322/resources:0
[ 1094307ms] [ERROR] [vite] Internal Server Error
Cannot read properties of undefined (reading &#39;localeCompare&#39;)
TypeError: Cannot read properties of undefined (reading 'localeCompare')
    at C:\code\zentala.eu\src\pages\resources\index.astro:13:30
    at Array.sort (<anonymous>)
    at C:\code\zentala.eu\src\pages\resources\index.astro:13:4
    at index (C:\code\zentala.eu\node_modules\astro\dist\runtime\server\astro-component.js:16:12)
    at callComponentAsTemplateResultOrResponse (file:///C:/code/zentala.eu/node_modules/astro/dist/runtime/server/render/astro/render.js:90:31)
    at renderToAsyncIterable (file:///C:/code/zentala.eu/node_modules/astro/dist/runtime/server/render/astro/render.js:132:32)
    at renderPage (file:///C:/code/zentala.eu/node_modules/astro/dist/runtime/server/render/page.js:31:30)
    at lastNext (file:///C:/code/zentala.eu/node_modules/astro/dist/core/render-context.js:133:31)
    at process.processTicksAndRejections (node:internal/process/task_queues:105:5)
    at async callMiddleware (file:///C:/code/zentala.eu/node_modules/astro/dist/core/middleware/callMiddleware.js:21:10) @ http://localhost:4322/@vite/client:1385
[ 1094323ms] [ERROR] Failed to load resource: the server responded with a status of 500 (Internal Server Error) @ http://localhost:4322/resources:0
[ 1094419ms] [ERROR] [vite] Internal Server Error
Cannot read properties of undefined (reading &#39;localeCompare&#39;)
TypeError: Cannot read properties of undefined (reading 'localeCompare')
    at C:\code\zentala.eu\src\pages\resources\index.astro:13:30
    at Array.sort (<anonymous>)
    at C:\code\zentala.eu\src\pages\resources\index.astro:13:4
    at index (C:\code\zentala.eu\node_modules\astro\dist\runtime\server\astro-component.js:16:12)
    at callComponentAsTemplateResultOrResponse (file:///C:/code/zentala.eu/node_modules/astro/dist/runtime/server/render/astro/render.js:90:31)
    at renderToAsyncIterable (file:///C:/code/zentala.eu/node_modules/astro/dist/runtime/server/render/astro/render.js:132:32)
    at renderPage (file:///C:/code/zentala.eu/node_modules/astro/dist/runtime/server/render/page.js:31:30)
    at lastNext (file:///C:/code/zentala.eu/node_modules/astro/dist/core/render-context.js:133:31)
    at process.processTicksAndRejections (node:internal/process/task_queues:105:5)
    at async callMiddleware (file:///C:/code/zentala.eu/node_modules/astro/dist/core/middleware/callMiddleware.js:21:10) @ http://localhost:4322/@vite/client:1385
[ 1094426ms] [ERROR] Failed to load resource: the server responded with a status of 500 (Internal Server Error) @ http://localhost:4322/resources:0
[ 1094527ms] [ERROR] [vite] Internal Server Error
Cannot read properties of undefined (reading &#39;localeCompare&#39;)
TypeError: Cannot read properties of undefined (reading 'localeCompare')
    at C:\code\zentala.eu\src\pages\resources\index.astro:13:30
    at Array.sort (<anonymous>)
    at C:\code\zentala.eu\src\pages\resources\index.astro:13:4
    at index (C:\code\zentala.eu\node_modules\astro\dist\runtime\server\astro-component.js:16:12)
    at callComponentAsTemplateResultOrResponse (file:///C:/code/zentala.eu/node_modules/astro/dist/runtime/server/render/astro/render.js:90:31)
    at renderToAsyncIterable (file:///C:/code/zentala.eu/node_modules/astro/dist/runtime/server/render/astro/render.js:132:32)
    at renderPage (file:///C:/code/zentala.eu/node_modules/astro/dist/runtime/server/render/page.js:31:30)
    at lastNext (file:///C:/code/zentala.eu/node_modules/astro/dist/core/render-context.js:133:31)
    at process.processTicksAndRejections (node:internal/process/task_queues:105:5)
    at async callMiddleware (file:///C:/code/zentala.eu/node_modules/astro/dist/core/middleware/callMiddleware.js:21:10) @ http://localhost:4322/@vite/client:1385
[ 1094533ms] [ERROR] Failed to load resource: the server responded with a status of 500 (Internal Server Error) @ http://localhost:4322/resources:0
[ 1094633ms] [ERROR] [vite] Internal Server Error
Cannot read properties of undefined (reading &#39;localeCompare&#39;)
TypeError: Cannot read properties of undefined (reading 'localeCompare')
    at C:\code\zentala.eu\src\pages\resources\index.astro:13:30
    at Array.sort (<anonymous>)
    at C:\code\zentala.eu\src\pages\resources\index.astro:13:4
    at index (C:\code\zentala.eu\node_modules\astro\dist\runtime\server\astro-component.js:16:12)
    at callComponentAsTemplateResultOrResponse (file:///C:/code/zentala.eu/node_modules/astro/dist/runtime/server/render/astro/render.js:90:31)
    at renderToAsyncIterable (file:///C:/code/zentala.eu/node_modules/astro/dist/runtime/server/render/astro/render.js:132:32)
    at renderPage (file:///C:/code/zentala.eu/node_modules/astro/dist/runtime/server/render/page.js:31:30)
    at lastNext (file:///C:/code/zentala.eu/node_modules/astro/dist/core/render-context.js:133:31)
    at process.processTicksAndRejections (node:internal/process/task_queues:105:5)
    at async callMiddleware (file:///C:/code/zentala.eu/node_modules/astro/dist/core/middleware/callMiddleware.js:21:10) @ http://localhost:4322/@vite/client:1385
[ 1094639ms] [ERROR] Failed to load resource: the server responded with a status of 500 (Internal Server Error) @ http://localhost:4322/resources:0
[ 1094740ms] [ERROR] [vite] Internal Server Error
Cannot read properties of undefined (reading &#39;localeCompare&#39;)
TypeError: Cannot read properties of undefined (reading 'localeCompare')
    at C:\code\zentala.eu\src\pages\resources\index.astro:13:30
    at Array.sort (<anonymous>)
    at C:\code\zentala.eu\src\pages\resources\index.astro:13:4
    at index (C:\code\zentala.eu\node_modules\astro\dist\runtime\server\astro-component.js:16:12)
    at callComponentAsTemplateResultOrResponse (file:///C:/code/zentala.eu/node_modules/astro/dist/runtime/server/render/astro/render.js:90:31)
    at renderToAsyncIterable (file:///C:/code/zentala.eu/node_modules/astro/dist/runtime/server/render/astro/render.js:132:32)
    at renderPage (file:///C:/code/zentala.eu/node_modules/astro/dist/runtime/server/render/page.js:31:30)
    at lastNext (file:///C:/code/zentala.eu/node_modules/astro/dist/core/render-context.js:133:31)
    at process.processTicksAndRejections (node:internal/process/task_queues:105:5)
    at async callMiddleware (file:///C:/code/zentala.eu/node_modules/astro/dist/core/middleware/callMiddleware.js:21:10) @ http://localhost:4322/@vite/client:1385
[ 1094746ms] [ERROR] Failed to load resource: the server responded with a status of 500 (Internal Server Error) @ http://localhost:4322/resources:0
[ 1094845ms] [ERROR] [vite] Internal Server Error
Cannot read properties of undefined (reading &#39;localeCompare&#39;)
TypeError: Cannot read properties of undefined (reading 'localeCompare')
    at C:\code\zentala.eu\src\pages\resources\index.astro:13:30
    at Array.sort (<anonymous>)
    at C:\code\zentala.eu\src\pages\resources\index.astro:13:4
    at index (C:\code\zentala.eu\node_modules\astro\dist\runtime\server\astro-component.js:16:12)
    at callComponentAsTemplateResultOrResponse (file:///C:/code/zentala.eu/node_modules/astro/dist/runtime/server/render/astro/render.js:90:31)
    at renderToAsyncIterable (file:///C:/code/zentala.eu/node_modules/astro/dist/runtime/server/render/astro/render.js:132:32)
    at renderPage (file:///C:/code/zentala.eu/node_modules/astro/dist/runtime/server/render/page.js:31:30)
    at lastNext (file:///C:/code/zentala.eu/node_modules/astro/dist/core/render-context.js:133:31)
    at process.processTicksAndRejections (node:internal/process/task_queues:105:5)
    at async callMiddleware (file:///C:/code/zentala.eu/node_modules/astro/dist/core/middleware/callMiddleware.js:21:10) @ http://localhost:4322/@vite/client:1385
[ 1094853ms] [ERROR] Failed to load resource: the server responded with a status of 500 (Internal Server Error) @ http://localhost:4322/resources:0
[ 1094957ms] [ERROR] [vite] Internal Server Error
Cannot read properties of undefined (reading &#39;localeCompare&#39;)
TypeError: Cannot read properties of undefined (reading 'localeCompare')
    at C:\code\zentala.eu\src\pages\resources\index.astro:13:30
    at Array.sort (<anonymous>)
    at C:\code\zentala.eu\src\pages\resources\index.astro:13:4
    at index (C:\code\zentala.eu\node_modules\astro\dist\runtime\server\astro-component.js:16:12)
    at callComponentAsTemplateResultOrResponse (file:///C:/code/zentala.eu/node_modules/astro/dist/runtime/server/render/astro/render.js:90:31)
    at renderToAsyncIterable (file:///C:/code/zentala.eu/node_modules/astro/dist/runtime/server/render/astro/render.js:132:32)
    at renderPage (file:///C:/code/zentala.eu/node_modules/astro/dist/runtime/server/render/page.js:31:30)
    at lastNext (file:///C:/code/zentala.eu/node_modules/astro/dist/core/render-context.js:133:31)
    at process.processTicksAndRejections (node:internal/process/task_queues:105:5)
    at async callMiddleware (file:///C:/code/zentala.eu/node_modules/astro/dist/core/middleware/callMiddleware.js:21:10) @ http://localhost:4322/@vite/client:1385
[ 1094963ms] [ERROR] Failed to load resource: the server responded with a status of 500 (Internal Server Error) @ http://localhost:4322/resources:0
[ 1095058ms] [ERROR] [vite] Internal Server Error
Cannot read properties of undefined (reading &#39;localeCompare&#39;)
TypeError: Cannot read properties of undefined (reading 'localeCompare')
    at C:\code\zentala.eu\src\pages\resources\index.astro:13:30
    at Array.sort (<anonymous>)
    at C:\code\zentala.eu\src\pages\resources\index.astro:13:4
    at index (C:\code\zentala.eu\node_modules\astro\dist\runtime\server\astro-component.js:16:12)
    at callComponentAsTemplateResultOrResponse (file:///C:/code/zentala.eu/node_modules/astro/dist/runtime/server/render/astro/render.js:90:31)
    at renderToAsyncIterable (file:///C:/code/zentala.eu/node_modules/astro/dist/runtime/server/render/astro/render.js:132:32)
    at renderPage (file:///C:/code/zentala.eu/node_modules/astro/dist/runtime/server/render/page.js:31:30)
    at lastNext (file:///C:/code/zentala.eu/node_modules/astro/dist/core/render-context.js:133:31)
    at process.processTicksAndRejections (node:internal/process/task_queues:105:5)
    at async callMiddleware (file:///C:/code/zentala.eu/node_modules/astro/dist/core/middleware/callMiddleware.js:21:10) @ http://localhost:4322/@vite/client:1385
[ 1095069ms] [ERROR] Failed to load resource: the server responded with a status of 500 (Internal Server Error) @ http://localhost:4322/resources:0
[ 1095175ms] [ERROR] [vite] Internal Server Error
Cannot read properties of undefined (reading &#39;localeCompare&#39;)
TypeError: Cannot read properties of undefined (reading 'localeCompare')
    at C:\code\zentala.eu\src\pages\resources\index.astro:13:30
    at Array.sort (<anonymous>)
    at C:\code\zentala.eu\src\pages\resources\index.astro:13:4
    at index (C:\code\zentala.eu\node_modules\astro\dist\runtime\server\astro-component.js:16:12)
    at callComponentAsTemplateResultOrResponse (file:///C:/code/zentala.eu/node_modules/astro/dist/runtime/server/render/astro/render.js:90:31)
    at renderToAsyncIterable (file:///C:/code/zentala.eu/node_modules/astro/dist/runtime/server/render/astro/render.js:132:32)
    at renderPage (file:///C:/code/zentala.eu/node_modules/astro/dist/runtime/server/render/page.js:31:30)
    at lastNext (file:///C:/code/zentala.eu/node_modules/astro/dist/core/render-context.js:133:31)
    at process.processTicksAndRejections (node:internal/process/task_queues:105:5)
    at async callMiddleware (file:///C:/code/zentala.eu/node_modules/astro/dist/core/middleware/callMiddleware.js:21:10) @ http://localhost:4322/@vite/client:1385
[ 1095186ms] [ERROR] Failed to load resource: the server responded with a status of 500 (Internal Server Error) @ http://localhost:4322/resources:0
[ 1095279ms] [ERROR] [vite] Internal Server Error
Cannot read properties of undefined (reading &#39;localeCompare&#39;)
TypeError: Cannot read properties of undefined (reading 'localeCompare')
    at C:\code\zentala.eu\src\pages\resources\index.astro:13:30
    at Array.sort (<anonymous>)
    at C:\code\zentala.eu\src\pages\resources\index.astro:13:4
    at index (C:\code\zentala.eu\node_modules\astro\dist\runtime\server\astro-component.js:16:12)
    at callComponentAsTemplateResultOrResponse (file:///C:/code/zentala.eu/node_modules/astro/dist/runtime/server/render/astro/render.js:90:31)
    at renderToAsyncIterable (file:///C:/code/zentala.eu/node_modules/astro/dist/runtime/server/render/astro/render.js:132:32)
    at renderPage (file:///C:/code/zentala.eu/node_modules/astro/dist/runtime/server/render/page.js:31:30)
    at lastNext (file:///C:/code/zentala.eu/node_modules/astro/dist/core/render-context.js:133:31)
    at process.processTicksAndRejections (node:internal/process/task_queues:105:5)
    at async callMiddleware (file:///C:/code/zentala.eu/node_modules/astro/dist/core/middleware/callMiddleware.js:21:10) @ http://localhost:4322/@vite/client:1385
[ 1095285ms] [ERROR] Failed to load resource: the server responded with a status of 500 (Internal Server Error) @ http://localhost:4322/resources:0
[ 1095405ms] [ERROR] Failed to load resource: the server responded with a status of 500 (Internal Server Error) @ http://localhost:4322/resources:0
[ 1095504ms] [ERROR] [vite] Internal Server Error
Cannot read properties of undefined (reading &#39;localeCompare&#39;)
TypeError: Cannot read properties of undefined (reading 'localeCompare')
    at C:\code\zentala.eu\src\pages\resources\index.astro:13:30
    at Array.sort (<anonymous>)
    at C:\code\zentala.eu\src\pages\resources\index.astro:13:4
    at index (C:\code\zentala.eu\node_modules\astro\dist\runtime\server\astro-component.js:16:12)
    at callComponentAsTemplateResultOrResponse (file:///C:/code/zentala.eu/node_modules/astro/dist/runtime/server/render/astro/render.js:90:31)
    at renderToAsyncIterable (file:///C:/code/zentala.eu/node_modules/astro/dist/runtime/server/render/astro/render.js:132:32)
    at renderPage (file:///C:/code/zentala.eu/node_modules/astro/dist/runtime/server/render/page.js:31:30)
    at lastNext (file:///C:/code/zentala.eu/node_modules/astro/dist/core/render-context.js:133:31)
    at process.processTicksAndRejections (node:internal/process/task_queues:105:5)
    at async callMiddleware (file:///C:/code/zentala.eu/node_modules/astro/dist/core/middleware/callMiddleware.js:21:10) @ http://localhost:4322/@vite/client:1385
[ 1095610ms] [ERROR] [vite] Internal Server Error
Cannot read properties of undefined (reading &#39;localeCompare&#39;)
TypeError: Cannot read properties of undefined (reading 'localeCompare')
    at C:\code\zentala.eu\src\pages\resources\index.astro:13:30
    at Array.sort (<anonymous>)
    at C:\code\zentala.eu\src\pages\resources\index.astro:13:4
    at index (C:\code\zentala.eu\node_modules\astro\dist\runtime\server\astro-component.js:16:12)
    at callComponentAsTemplateResultOrResponse (file:///C:/code/zentala.eu/node_modules/astro/dist/runtime/server/render/astro/render.js:90:31)
    at renderToAsyncIterable (file:///C:/code/zentala.eu/node_modules/astro/dist/runtime/server/render/astro/render.js:132:32)
    at renderPage (file:///C:/code/zentala.eu/node_modules/astro/dist/runtime/server/render/page.js:31:30)
    at lastNext (file:///C:/code/zentala.eu/node_modules/astro/dist/core/render-context.js:133:31)
    at process.processTicksAndRejections (node:internal/process/task_queues:105:5)
    at async callMiddleware (file:///C:/code/zentala.eu/node_modules/astro/dist/core/middleware/callMiddleware.js:21:10) @ http://localhost:4322/@vite/client:1385
[ 1095626ms] [ERROR] Failed to load resource: the server responded with a status of 500 (Internal Server Error) @ http://localhost:4322/resources:0
[ 1095836ms] [ERROR] [vite] Internal Server Error
Cannot read properties of undefined (reading &#39;localeCompare&#39;)
TypeError: Cannot read properties of undefined (reading 'localeCompare')
    at C:\code\zentala.eu\src\pages\resources\index.astro:13:30
    at Array.sort (<anonymous>)
    at C:\code\zentala.eu\src\pages\resources\index.astro:13:4
    at index (C:\code\zentala.eu\node_modules\astro\dist\runtime\server\astro-component.js:16:12)
    at callComponentAsTemplateResultOrResponse (file:///C:/code/zentala.eu/node_modules/astro/dist/runtime/server/render/astro/render.js:90:31)
    at renderToAsyncIterable (file:///C:/code/zentala.eu/node_modules/astro/dist/runtime/server/render/astro/render.js:132:32)
    at renderPage (file:///C:/code/zentala.eu/node_modules/astro/dist/runtime/server/render/page.js:31:30)
    at lastNext (file:///C:/code/zentala.eu/node_modules/astro/dist/core/render-context.js:133:31)
    at process.processTicksAndRejections (node:internal/process/task_queues:105:5)
    at async callMiddleware (file:///C:/code/zentala.eu/node_modules/astro/dist/core/middleware/callMiddleware.js:21:10) @ http://localhost:4322/@vite/client:1385
[ 1096024ms] [ERROR] Failed to load resource: the server responded with a status of 500 (Internal Server Error) @ http://localhost:4322/resources:0
[ 1096255ms] [ERROR] [vite] Internal Server Error
Cannot read properties of undefined (reading &#39;localeCompare&#39;)
TypeError: Cannot read properties of undefined (reading 'localeCompare')
    at C:\code\zentala.eu\src\pages\resources\index.astro:13:30
    at Array.sort (<anonymous>)
    at C:\code\zentala.eu\src\pages\resources\index.astro:13:4
    at index (C:\code\zentala.eu\node_modules\astro\dist\runtime\server\astro-component.js:16:12)
    at callComponentAsTemplateResultOrResponse (file:///C:/code/zentala.eu/node_modules/astro/dist/runtime/server/render/astro/render.js:90:31)
    at renderToAsyncIterable (file:///C:/code/zentala.eu/node_modules/astro/dist/runtime/server/render/astro/render.js:132:32)
    at renderPage (file:///C:/code/zentala.eu/node_modules/astro/dist/runtime/server/render/page.js:31:30)
    at lastNext (file:///C:/code/zentala.eu/node_modules/astro/dist/core/render-context.js:133:31)
    at process.processTicksAndRejections (node:internal/process/task_queues:105:5)
    at async callMiddleware (file:///C:/code/zentala.eu/node_modules/astro/dist/core/middleware/callMiddleware.js:21:10) @ http://localhost:4322/@vite/client:1385
[ 1096440ms] [ERROR] Failed to load resource: the server responded with a status of 500 (Internal Server Error) @ http://localhost:4322/resources:0
[ 1096552ms] [ERROR] Failed to load resource: the server responded with a status of 500 (Internal Server Error) @ http://localhost:4322/resources:0
[ 1096656ms] [ERROR] Failed to load resource: the server responded with a status of 500 (Internal Server Error) @ http://localhost:4322/resources:0
[ 1096768ms] [ERROR] Failed to load resource: the server responded with a status of 500 (Internal Server Error) @ http://localhost:4322/resources:0
[ 1096864ms] [ERROR] [vite] Internal Server Error
Cannot read properties of undefined (reading &#39;localeCompare&#39;)
TypeError: Cannot read properties of undefined (reading 'localeCompare')
    at C:\code\zentala.eu\src\pages\resources\index.astro:13:30
    at Array.sort (<anonymous>)
    at C:\code\zentala.eu\src\pages\resources\index.astro:13:4
    at index (C:\code\zentala.eu\node_modules\astro\dist\runtime\server\astro-component.js:16:12)
    at callComponentAsTemplateResultOrResponse (file:///C:/code/zentala.eu/node_modules/astro/dist/runtime/server/render/astro/render.js:90:31)
    at renderToAsyncIterable (file:///C:/code/zentala.eu/node_modules/astro/dist/runtime/server/render/astro/render.js:132:32)
    at renderPage (file:///C:/code/zentala.eu/node_modules/astro/dist/runtime/server/render/page.js:31:30)
    at lastNext (file:///C:/code/zentala.eu/node_modules/astro/dist/core/render-context.js:133:31)
    at process.processTicksAndRejections (node:internal/process/task_queues:105:5)
    at async callMiddleware (file:///C:/code/zentala.eu/node_modules/astro/dist/core/middleware/callMiddleware.js:21:10) @ http://localhost:4322/@vite/client:1385
[ 1096973ms] [ERROR] [vite] Internal Server Error
Cannot read properties of undefined (reading &#39;localeCompare&#39;)
TypeError: Cannot read properties of undefined (reading 'localeCompare')
    at C:\code\zentala.eu\src\pages\resources\index.astro:13:30
    at Array.sort (<anonymous>)
    at C:\code\zentala.eu\src\pages\resources\index.astro:13:4
    at index (C:\code\zentala.eu\node_modules\astro\dist\runtime\server\astro-component.js:16:12)
    at callComponentAsTemplateResultOrResponse (file:///C:/code/zentala.eu/node_modules/astro/dist/runtime/server/render/astro/render.js:90:31)
    at renderToAsyncIterable (file:///C:/code/zentala.eu/node_modules/astro/dist/runtime/server/render/astro/render.js:132:32)
    at renderPage (file:///C:/code/zentala.eu/node_modules/astro/dist/runtime/server/render/page.js:31:30)
    at lastNext (file:///C:/code/zentala.eu/node_modules/astro/dist/core/render-context.js:133:31)
    at process.processTicksAndRejections (node:internal/process/task_queues:105:5)
    at async callMiddleware (file:///C:/code/zentala.eu/node_modules/astro/dist/core/middleware/callMiddleware.js:21:10) @ http://localhost:4322/@vite/client:1385
[ 1096989ms] [ERROR] Failed to load resource: the server responded with a status of 500 (Internal Server Error) @ http://localhost:4322/resources:0
[ 1097199ms] [ERROR] [vite] Internal Server Error
Cannot read properties of undefined (reading &#39;localeCompare&#39;)
TypeError: Cannot read properties of undefined (reading 'localeCompare')
    at C:\code\zentala.eu\src\pages\resources\index.astro:13:30
    at Array.sort (<anonymous>)
    at C:\code\zentala.eu\src\pages\resources\index.astro:13:4
    at index (C:\code\zentala.eu\node_modules\astro\dist\runtime\server\astro-component.js:16:12)
    at callComponentAsTemplateResultOrResponse (file:///C:/code/zentala.eu/node_modules/astro/dist/runtime/server/render/astro/render.js:90:31)
    at renderToAsyncIterable (file:///C:/code/zentala.eu/node_modules/astro/dist/runtime/server/render/astro/render.js:132:32)
    at renderPage (file:///C:/code/zentala.eu/node_modules/astro/dist/runtime/server/render/page.js:31:30)
    at lastNext (file:///C:/code/zentala.eu/node_modules/astro/dist/core/render-context.js:133:31)
    at process.processTicksAndRejections (node:internal/process/task_queues:105:5)
    at async callMiddleware (file:///C:/code/zentala.eu/node_modules/astro/dist/core/middleware/callMiddleware.js:21:10) @ http://localhost:4322/@vite/client:1385
[ 1097302ms] [ERROR] Failed to load resource: the server responded with a status of 500 (Internal Server Error) @ http://localhost:4322/resources:0
[ 1097413ms] [ERROR] Failed to load resource: the server responded with a status of 500 (Internal Server Error) @ http://localhost:4322/resources:0
[ 1097514ms] [ERROR] [vite] Internal Server Error
Cannot read properties of undefined (reading &#39;localeCompare&#39;)
TypeError: Cannot read properties of undefined (reading 'localeCompare')
    at C:\code\zentala.eu\src\pages\resources\index.astro:13:30
    at Array.sort (<anonymous>)
    at C:\code\zentala.eu\src\pages\resources\index.astro:13:4
    at index (C:\code\zentala.eu\node_modules\astro\dist\runtime\server\astro-component.js:16:12)
    at callComponentAsTemplateResultOrResponse (file:///C:/code/zentala.eu/node_modules/astro/dist/runtime/server/render/astro/render.js:90:31)
    at renderToAsyncIterable (file:///C:/code/zentala.eu/node_modules/astro/dist/runtime/server/render/astro/render.js:132:32)
    at renderPage (file:///C:/code/zentala.eu/node_modules/astro/dist/runtime/server/render/page.js:31:30)
    at lastNext (file:///C:/code/zentala.eu/node_modules/astro/dist/core/render-context.js:133:31)
    at process.processTicksAndRejections (node:internal/process/task_queues:105:5)
    at async callMiddleware (file:///C:/code/zentala.eu/node_modules/astro/dist/core/middleware/callMiddleware.js:21:10) @ http://localhost:4322/@vite/client:1385
[ 1097523ms] [ERROR] Failed to load resource: the server responded with a status of 500 (Internal Server Error) @ http://localhost:4322/resources:0
[ 1097635ms] [ERROR] [vite] Internal Server Error
Cannot read properties of undefined (reading &#39;localeCompare&#39;)
TypeError: Cannot read properties of undefined (reading 'localeCompare')
    at C:\code\zentala.eu\src\pages\resources\index.astro:13:30
    at Array.sort (<anonymous>)
    at C:\code\zentala.eu\src\pages\resources\index.astro:13:4
    at index (C:\code\zentala.eu\node_modules\astro\dist\runtime\server\astro-component.js:16:12)
    at callComponentAsTemplateResultOrResponse (file:///C:/code/zentala.eu/node_modules/astro/dist/runtime/server/render/astro/render.js:90:31)
    at renderToAsyncIterable (file:///C:/code/zentala.eu/node_modules/astro/dist/runtime/server/render/astro/render.js:132:32)
    at renderPage (file:///C:/code/zentala.eu/node_modules/astro/dist/runtime/server/render/page.js:31:30)
    at lastNext (file:///C:/code/zentala.eu/node_modules/astro/dist/core/render-context.js:133:31)
    at process.processTicksAndRejections (node:internal/process/task_queues:105:5)
    at async callMiddleware (file:///C:/code/zentala.eu/node_modules/astro/dist/core/middleware/callMiddleware.js:21:10) @ http://localhost:4322/@vite/client:1385
[ 1097637ms] [ERROR] Failed to load resource: the server responded with a status of 500 (Internal Server Error) @ http://localhost:4322/resources:0
[ 1097754ms] [ERROR] [vite] Internal Server Error
Cannot read properties of undefined (reading &#39;localeCompare&#39;)
TypeError: Cannot read properties of undefined (reading 'localeCompare')
    at C:\code\zentala.eu\src\pages\resources\index.astro:13:30
    at Array.sort (<anonymous>)
    at C:\code\zentala.eu\src\pages\resources\index.astro:13:4
    at index (C:\code\zentala.eu\node_modules\astro\dist\runtime\server\astro-component.js:16:12)
    at callComponentAsTemplateResultOrResponse (file:///C:/code/zentala.eu/node_modules/astro/dist/runtime/server/render/astro/render.js:90:31)
    at renderToAsyncIterable (file:///C:/code/zentala.eu/node_modules/astro/dist/runtime/server/render/astro/render.js:132:32)
    at renderPage (file:///C:/code/zentala.eu/node_modules/astro/dist/runtime/server/render/page.js:31:30)
    at lastNext (file:///C:/code/zentala.eu/node_modules/astro/dist/core/render-context.js:133:31)
    at process.processTicksAndRejections (node:internal/process/task_queues:105:5)
    at async callMiddleware (file:///C:/code/zentala.eu/node_modules/astro/dist/core/middleware/callMiddleware.js:21:10) @ http://localhost:4322/@vite/client:1385
[ 1097835ms] [ERROR] Failed to load resource: the server responded with a status of 500 (Internal Server Error) @ http://localhost:4322/resources:0
[ 1097860ms] [ERROR] [vite] Internal Server Error
Cannot read properties of undefined (reading &#39;localeCompare&#39;)
TypeError: Cannot read properties of undefined (reading 'localeCompare')
    at C:\code\zentala.eu\src\pages\resources\index.astro:13:30
    at Array.sort (<anonymous>)
    at C:\code\zentala.eu\src\pages\resources\index.astro:13:4
    at index (C:\code\zentala.eu\node_modules\astro\dist\runtime\server\astro-component.js:16:12)
    at callComponentAsTemplateResultOrResponse (file:///C:/code/zentala.eu/node_modules/astro/dist/runtime/server/render/astro/render.js:90:31)
    at renderToAsyncIterable (file:///C:/code/zentala.eu/node_modules/astro/dist/runtime/server/render/astro/render.js:132:32)
    at renderPage (file:///C:/code/zentala.eu/node_modules/astro/dist/runtime/server/render/page.js:31:30)
    at lastNext (file:///C:/code/zentala.eu/node_modules/astro/dist/core/render-context.js:133:31)
    at process.processTicksAndRejections (node:internal/process/task_queues:105:5)
    at async callMiddleware (file:///C:/code/zentala.eu/node_modules/astro/dist/core/middleware/callMiddleware.js:21:10) @ http://localhost:4322/@vite/client:1385
[ 1098044ms] [ERROR] Failed to load resource: the server responded with a status of 500 (Internal Server Error) @ http://localhost:4322/resources:0
[ 1098269ms] [ERROR] [vite] Internal Server Error
Cannot read properties of undefined (reading &#39;localeCompare&#39;)
TypeError: Cannot read properties of undefined (reading 'localeCompare')
    at C:\code\zentala.eu\src\pages\resources\index.astro:13:30
    at Array.sort (<anonymous>)
    at C:\code\zentala.eu\src\pages\resources\index.astro:13:4
    at index (C:\code\zentala.eu\node_modules\astro\dist\runtime\server\astro-component.js:16:12)
    at callComponentAsTemplateResultOrResponse (file:///C:/code/zentala.eu/node_modules/astro/dist/runtime/server/render/astro/render.js:90:31)
    at renderToAsyncIterable (file:///C:/code/zentala.eu/node_modules/astro/dist/runtime/server/render/astro/render.js:132:32)
    at renderPage (file:///C:/code/zentala.eu/node_modules/astro/dist/runtime/server/render/page.js:31:30)
    at lastNext (file:///C:/code/zentala.eu/node_modules/astro/dist/core/render-context.js:133:31)
    at process.processTicksAndRejections (node:internal/process/task_queues:105:5)
    at async callMiddleware (file:///C:/code/zentala.eu/node_modules/astro/dist/core/middleware/callMiddleware.js:21:10) @ http://localhost:4322/@vite/client:1385
[ 1098370ms] [ERROR] Failed to load resource: the server responded with a status of 500 (Internal Server Error) @ http://localhost:4322/resources:0
[ 1098482ms] [ERROR] Failed to load resource: the server responded with a status of 500 (Internal Server Error) @ http://localhost:4322/resources:0
[ 1098588ms] [ERROR] [vite] Internal Server Error
Cannot read properties of undefined (reading &#39;localeCompare&#39;)
TypeError: Cannot read properties of undefined (reading 'localeCompare')
    at C:\code\zentala.eu\src\pages\resources\index.astro:13:30
    at Array.sort (<anonymous>)
    at C:\code\zentala.eu\src\pages\resources\index.astro:13:4
    at index (C:\code\zentala.eu\node_modules\astro\dist\runtime\server\astro-component.js:16:12)
    at callComponentAsTemplateResultOrResponse (file:///C:/code/zentala.eu/node_modules/astro/dist/runtime/server/render/astro/render.js:90:31)
    at renderToAsyncIterable (file:///C:/code/zentala.eu/node_modules/astro/dist/runtime/server/render/astro/render.js:132:32)
    at renderPage (file:///C:/code/zentala.eu/node_modules/astro/dist/runtime/server/render/page.js:31:30)
    at lastNext (file:///C:/code/zentala.eu/node_modules/astro/dist/core/render-context.js:133:31)
    at process.processTicksAndRejections (node:internal/process/task_queues:105:5)
    at async callMiddleware (file:///C:/code/zentala.eu/node_modules/astro/dist/core/middleware/callMiddleware.js:21:10) @ http://localhost:4322/@vite/client:1385
[ 1098598ms] [ERROR] Failed to load resource: the server responded with a status of 500 (Internal Server Error) @ http://localhost:4322/resources:0
[ 1098682ms] [ERROR] [vite] Internal Server Error
Cannot read properties of undefined (reading &#39;localeCompare&#39;)
TypeError: Cannot read properties of undefined (reading 'localeCompare')
    at C:\code\zentala.eu\src\pages\resources\index.astro:13:30
    at Array.sort (<anonymous>)
    at C:\code\zentala.eu\src\pages\resources\index.astro:13:4
    at index (C:\code\zentala.eu\node_modules\astro\dist\runtime\server\astro-component.js:16:12)
    at callComponentAsTemplateResultOrResponse (file:///C:/code/zentala.eu/node_modules/astro/dist/runtime/server/render/astro/render.js:90:31)
    at renderToAsyncIterable (file:///C:/code/zentala.eu/node_modules/astro/dist/runtime/server/render/astro/render.js:132:32)
    at renderPage (file:///C:/code/zentala.eu/node_modules/astro/dist/runtime/server/render/page.js:31:30)
    at lastNext (file:///C:/code/zentala.eu/node_modules/astro/dist/core/render-context.js:133:31)
    at process.processTicksAndRejections (node:internal/process/task_queues:105:5)
    at async callMiddleware (file:///C:/code/zentala.eu/node_modules/astro/dist/core/middleware/callMiddleware.js:21:10) @ http://localhost:4322/@vite/client:1385
[ 1098790ms] [ERROR] Failed to load resource: the server responded with a status of 500 (Internal Server Error) @ http://localhost:4322/resources:0
[ 1098815ms] [ERROR] [vite] Internal Server Error
Cannot read properties of undefined (reading &#39;localeCompare&#39;)
TypeError: Cannot read properties of undefined (reading 'localeCompare')
    at C:\code\zentala.eu\src\pages\resources\index.astro:13:30
    at Array.sort (<anonymous>)
    at C:\code\zentala.eu\src\pages\resources\index.astro:13:4
    at index (C:\code\zentala.eu\node_modules\astro\dist\runtime\server\astro-component.js:16:12)
    at callComponentAsTemplateResultOrResponse (file:///C:/code/zentala.eu/node_modules/astro/dist/runtime/server/render/astro/render.js:90:31)
    at renderToAsyncIterable (file:///C:/code/zentala.eu/node_modules/astro/dist/runtime/server/render/astro/render.js:132:32)
    at renderPage (file:///C:/code/zentala.eu/node_modules/astro/dist/runtime/server/render/page.js:31:30)
    at lastNext (file:///C:/code/zentala.eu/node_modules/astro/dist/core/render-context.js:133:31)
    at process.processTicksAndRejections (node:internal/process/task_queues:105:5)
    at async callMiddleware (file:///C:/code/zentala.eu/node_modules/astro/dist/core/middleware/callMiddleware.js:21:10) @ http://localhost:4322/@vite/client:1385
[ 1098891ms] [ERROR] Failed to load resource: the server responded with a status of 500 (Internal Server Error) @ http://localhost:4322/resources:0
[ 1098999ms] [ERROR] [vite] Internal Server Error
Cannot read properties of undefined (reading &#39;localeCompare&#39;)
TypeError: Cannot read properties of undefined (reading 'localeCompare')
    at C:\code\zentala.eu\src\pages\resources\index.astro:13:30
    at Array.sort (<anonymous>)
    at C:\code\zentala.eu\src\pages\resources\index.astro:13:4
    at index (C:\code\zentala.eu\node_modules\astro\dist\runtime\server\astro-component.js:16:12)
    at callComponentAsTemplateResultOrResponse (file:///C:/code/zentala.eu/node_modules/astro/dist/runtime/server/render/astro/render.js:90:31)
    at renderToAsyncIterable (file:///C:/code/zentala.eu/node_modules/astro/dist/runtime/server/render/astro/render.js:132:32)
    at renderPage (file:///C:/code/zentala.eu/node_modules/astro/dist/runtime/server/render/page.js:31:30)
    at lastNext (file:///C:/code/zentala.eu/node_modules/astro/dist/core/render-context.js:133:31)
    at process.processTicksAndRejections (node:internal/process/task_queues:105:5)
    at async callMiddleware (file:///C:/code/zentala.eu/node_modules/astro/dist/core/middleware/callMiddleware.js:21:10) @ http://localhost:4322/@vite/client:1385
[ 1099013ms] [ERROR] Failed to load resource: the server responded with a status of 500 (Internal Server Error) @ http://localhost:4322/resources:0
[ 1099102ms] [ERROR] [vite] Internal Server Error
Cannot read properties of undefined (reading &#39;localeCompare&#39;)
TypeError: Cannot read properties of undefined (reading 'localeCompare')
    at C:\code\zentala.eu\src\pages\resources\index.astro:13:30
    at Array.sort (<anonymous>)
    at C:\code\zentala.eu\src\pages\resources\index.astro:13:4
    at index (C:\code\zentala.eu\node_modules\astro\dist\runtime\server\astro-component.js:16:12)
    at callComponentAsTemplateResultOrResponse (file:///C:/code/zentala.eu/node_modules/astro/dist/runtime/server/render/astro/render.js:90:31)
    at renderToAsyncIterable (file:///C:/code/zentala.eu/node_modules/astro/dist/runtime/server/render/astro/render.js:132:32)
    at renderPage (file:///C:/code/zentala.eu/node_modules/astro/dist/runtime/server/render/page.js:31:30)
    at lastNext (file:///C:/code/zentala.eu/node_modules/astro/dist/core/render-context.js:133:31)
    at process.processTicksAndRejections (node:internal/process/task_queues:105:5)
    at async callMiddleware (file:///C:/code/zentala.eu/node_modules/astro/dist/core/middleware/callMiddleware.js:21:10) @ http://localhost:4322/@vite/client:1385
[ 1099222ms] [ERROR] Failed to load resource: the server responded with a status of 500 (Internal Server Error) @ http://localhost:4322/resources:0
[ 1099323ms] [ERROR] Failed to load resource: the server responded with a status of 500 (Internal Server Error) @ http://localhost:4322/resources:0
[ 1099443ms] [ERROR] [vite] Internal Server Error
Cannot read properties of undefined (reading &#39;localeCompare&#39;)
TypeError: Cannot read properties of undefined (reading 'localeCompare')
    at C:\code\zentala.eu\src\pages\resources\index.astro:13:30
    at Array.sort (<anonymous>)
    at C:\code\zentala.eu\src\pages\resources\index.astro:13:4
    at index (C:\code\zentala.eu\node_modules\astro\dist\runtime\server\astro-component.js:16:12)
    at callComponentAsTemplateResultOrResponse (file:///C:/code/zentala.eu/node_modules/astro/dist/runtime/server/render/astro/render.js:90:31)
    at renderToAsyncIterable (file:///C:/code/zentala.eu/node_modules/astro/dist/runtime/server/render/astro/render.js:132:32)
    at renderPage (file:///C:/code/zentala.eu/node_modules/astro/dist/runtime/server/render/page.js:31:30)
    at lastNext (file:///C:/code/zentala.eu/node_modules/astro/dist/core/render-context.js:133:31)
    at process.processTicksAndRejections (node:internal/process/task_queues:105:5)
    at async callMiddleware (file:///C:/code/zentala.eu/node_modules/astro/dist/core/middleware/callMiddleware.js:21:10) @ http://localhost:4322/@vite/client:1385
[ 1099532ms] [ERROR] [vite] Internal Server Error
Cannot read properties of undefined (reading &#39;localeCompare&#39;)
TypeError: Cannot read properties of undefined (reading 'localeCompare')
    at C:\code\zentala.eu\src\pages\resources\index.astro:13:30
    at Array.sort (<anonymous>)
    at C:\code\zentala.eu\src\pages\resources\index.astro:13:4
    at index (C:\code\zentala.eu\node_modules\astro\dist\runtime\server\astro-component.js:16:12)
    at callComponentAsTemplateResultOrResponse (file:///C:/code/zentala.eu/node_modules/astro/dist/runtime/server/render/astro/render.js:90:31)
    at renderToAsyncIterable (file:///C:/code/zentala.eu/node_modules/astro/dist/runtime/server/render/astro/render.js:132:32)
    at renderPage (file:///C:/code/zentala.eu/node_modules/astro/dist/runtime/server/render/page.js:31:30)
    at lastNext (file:///C:/code/zentala.eu/node_modules/astro/dist/core/render-context.js:133:31)
    at process.processTicksAndRejections (node:internal/process/task_queues:105:5)
    at async callMiddleware (file:///C:/code/zentala.eu/node_modules/astro/dist/core/middleware/callMiddleware.js:21:10) @ http://localhost:4322/@vite/client:1385
[ 1099630ms] [ERROR] Failed to load resource: the server responded with a status of 500 (Internal Server Error) @ http://localhost:4322/resources:0
[ 1099738ms] [ERROR] Failed to load resource: the server responded with a status of 500 (Internal Server Error) @ http://localhost:4322/resources:0
[ 1099842ms] [ERROR] [vite] Internal Server Error
Cannot read properties of undefined (reading &#39;localeCompare&#39;)
TypeError: Cannot read properties of undefined (reading 'localeCompare')
    at C:\code\zentala.eu\src\pages\resources\index.astro:13:30
    at Array.sort (<anonymous>)
    at C:\code\zentala.eu\src\pages\resources\index.astro:13:4
    at index (C:\code\zentala.eu\node_modules\astro\dist\runtime\server\astro-component.js:16:12)
    at callComponentAsTemplateResultOrResponse (file:///C:/code/zentala.eu/node_modules/astro/dist/runtime/server/render/astro/render.js:90:31)
    at renderToAsyncIterable (file:///C:/code/zentala.eu/node_modules/astro/dist/runtime/server/render/astro/render.js:132:32)
    at renderPage (file:///C:/code/zentala.eu/node_modules/astro/dist/runtime/server/render/page.js:31:30)
    at lastNext (file:///C:/code/zentala.eu/node_modules/astro/dist/core/render-context.js:133:31)
    at process.processTicksAndRejections (node:internal/process/task_queues:105:5)
    at async callMiddleware (file:///C:/code/zentala.eu/node_modules/astro/dist/core/middleware/callMiddleware.js:21:10) @ http://localhost:4322/@vite/client:1385
[ 1099858ms] [ERROR] Failed to load resource: the server responded with a status of 500 (Internal Server Error) @ http://localhost:4322/resources:0
[ 1099950ms] [ERROR] [vite] Internal Server Error
Cannot read properties of undefined (reading &#39;localeCompare&#39;)
TypeError: Cannot read properties of undefined (reading 'localeCompare')
    at C:\code\zentala.eu\src\pages\resources\index.astro:13:30
    at Array.sort (<anonymous>)
    at C:\code\zentala.eu\src\pages\resources\index.astro:13:4
    at index (C:\code\zentala.eu\node_modules\astro\dist\runtime\server\astro-component.js:16:12)
    at callComponentAsTemplateResultOrResponse (file:///C:/code/zentala.eu/node_modules/astro/dist/runtime/server/render/astro/render.js:90:31)
    at renderToAsyncIterable (file:///C:/code/zentala.eu/node_modules/astro/dist/runtime/server/render/astro/render.js:132:32)
    at renderPage (file:///C:/code/zentala.eu/node_modules/astro/dist/runtime/server/render/page.js:31:30)
    at lastNext (file:///C:/code/zentala.eu/node_modules/astro/dist/core/render-context.js:133:31)
    at process.processTicksAndRejections (node:internal/process/task_queues:105:5)
    at async callMiddleware (file:///C:/code/zentala.eu/node_modules/astro/dist/core/middleware/callMiddleware.js:21:10) @ http://localhost:4322/@vite/client:1385
[ 1100061ms] [ERROR] [vite] Internal Server Error
Cannot read properties of undefined (reading &#39;localeCompare&#39;)
TypeError: Cannot read properties of undefined (reading 'localeCompare')
    at C:\code\zentala.eu\src\pages\resources\index.astro:13:30
    at Array.sort (<anonymous>)
    at C:\code\zentala.eu\src\pages\resources\index.astro:13:4
    at index (C:\code\zentala.eu\node_modules\astro\dist\runtime\server\astro-component.js:16:12)
    at callComponentAsTemplateResultOrResponse (file:///C:/code/zentala.eu/node_modules/astro/dist/runtime/server/render/astro/render.js:90:31)
    at renderToAsyncIterable (file:///C:/code/zentala.eu/node_modules/astro/dist/runtime/server/render/astro/render.js:132:32)
    at renderPage (file:///C:/code/zentala.eu/node_modules/astro/dist/runtime/server/render/page.js:31:30)
    at lastNext (file:///C:/code/zentala.eu/node_modules/astro/dist/core/render-context.js:133:31)
    at process.processTicksAndRejections (node:internal/process/task_queues:105:5)
    at async callMiddleware (file:///C:/code/zentala.eu/node_modules/astro/dist/core/middleware/callMiddleware.js:21:10) @ http://localhost:4322/@vite/client:1385
[ 1100072ms] [ERROR] Failed to load resource: the server responded with a status of 500 (Internal Server Error) @ http://localhost:4322/resources:0
[ 1100286ms] [ERROR] [vite] Internal Server Error
Cannot read properties of undefined (reading &#39;localeCompare&#39;)
TypeError: Cannot read properties of undefined (reading 'localeCompare')
    at C:\code\zentala.eu\src\pages\resources\index.astro:13:30
    at Array.sort (<anonymous>)
    at C:\code\zentala.eu\src\pages\resources\index.astro:13:4
    at index (C:\code\zentala.eu\node_modules\astro\dist\runtime\server\astro-component.js:16:12)
    at callComponentAsTemplateResultOrResponse (file:///C:/code/zentala.eu/node_modules/astro/dist/runtime/server/render/astro/render.js:90:31)
    at renderToAsyncIterable (file:///C:/code/zentala.eu/node_modules/astro/dist/runtime/server/render/astro/render.js:132:32)
    at renderPage (file:///C:/code/zentala.eu/node_modules/astro/dist/runtime/server/render/page.js:31:30)
    at lastNext (file:///C:/code/zentala.eu/node_modules/astro/dist/core/render-context.js:133:31)
    at process.processTicksAndRejections (node:internal/process/task_queues:105:5)
    at async callMiddleware (file:///C:/code/zentala.eu/node_modules/astro/dist/core/middleware/callMiddleware.js:21:10) @ http://localhost:4322/@vite/client:1385
[ 1100385ms] [ERROR] Failed to load resource: the server responded with a status of 500 (Internal Server Error) @ http://localhost:4322/resources:0
[ 1100498ms] [ERROR] Failed to load resource: the server responded with a status of 500 (Internal Server Error) @ http://localhost:4322/resources:0
[ 1100596ms] [ERROR] [vite] Internal Server Error
Cannot read properties of undefined (reading &#39;localeCompare&#39;)
TypeError: Cannot read properties of undefined (reading 'localeCompare')
    at C:\code\zentala.eu\src\pages\resources\index.astro:13:30
    at Array.sort (<anonymous>)
    at C:\code\zentala.eu\src\pages\resources\index.astro:13:4
    at index (C:\code\zentala.eu\node_modules\astro\dist\runtime\server\astro-component.js:16:12)
    at callComponentAsTemplateResultOrResponse (file:///C:/code/zentala.eu/node_modules/astro/dist/runtime/server/render/astro/render.js:90:31)
    at renderToAsyncIterable (file:///C:/code/zentala.eu/node_modules/astro/dist/runtime/server/render/astro/render.js:132:32)
    at renderPage (file:///C:/code/zentala.eu/node_modules/astro/dist/runtime/server/render/page.js:31:30)
    at lastNext (file:///C:/code/zentala.eu/node_modules/astro/dist/core/render-context.js:133:31)
    at process.processTicksAndRejections (node:internal/process/task_queues:105:5)
    at async callMiddleware (file:///C:/code/zentala.eu/node_modules/astro/dist/core/middleware/callMiddleware.js:21:10) @ http://localhost:4322/@vite/client:1385
[ 1100709ms] [ERROR] Failed to load resource: the server responded with a status of 500 (Internal Server Error) @ http://localhost:4322/resources:0
[ 1100936ms] [ERROR] [vite] Internal Server Error
Cannot read properties of undefined (reading &#39;localeCompare&#39;)
TypeError: Cannot read properties of undefined (reading 'localeCompare')
    at C:\code\zentala.eu\src\pages\resources\index.astro:13:30
    at Array.sort (<anonymous>)
    at C:\code\zentala.eu\src\pages\resources\index.astro:13:4
    at index (C:\code\zentala.eu\node_modules\astro\dist\runtime\server\astro-component.js:16:12)
    at callComponentAsTemplateResultOrResponse (file:///C:/code/zentala.eu/node_modules/astro/dist/runtime/server/render/astro/render.js:90:31)
    at renderToAsyncIterable (file:///C:/code/zentala.eu/node_modules/astro/dist/runtime/server/render/astro/render.js:132:32)
    at renderPage (file:///C:/code/zentala.eu/node_modules/astro/dist/runtime/server/render/page.js:31:30)
    at lastNext (file:///C:/code/zentala.eu/node_modules/astro/dist/core/render-context.js:133:31)
    at process.processTicksAndRejections (node:internal/process/task_queues:105:5)
    at async callMiddleware (file:///C:/code/zentala.eu/node_modules/astro/dist/core/middleware/callMiddleware.js:21:10) @ http://localhost:4322/@vite/client:1385
[ 1101029ms] [ERROR] Failed to load resource: the server responded with a status of 500 (Internal Server Error) @ http://localhost:4322/resources:0
[ 1101147ms] [ERROR] Failed to load resource: the server responded with a status of 500 (Internal Server Error) @ http://localhost:4322/resources:0
[ 1101241ms] [ERROR] [vite] Internal Server Error
Cannot read properties of undefined (reading &#39;localeCompare&#39;)
TypeError: Cannot read properties of undefined (reading 'localeCompare')
    at C:\code\zentala.eu\src\pages\resources\index.astro:13:30
    at Array.sort (<anonymous>)
    at C:\code\zentala.eu\src\pages\resources\index.astro:13:4
    at index (C:\code\zentala.eu\node_modules\astro\dist\runtime\server\astro-component.js:16:12)
    at callComponentAsTemplateResultOrResponse (file:///C:/code/zentala.eu/node_modules/astro/dist/runtime/server/render/astro/render.js:90:31)
    at renderToAsyncIterable (file:///C:/code/zentala.eu/node_modules/astro/dist/runtime/server/render/astro/render.js:132:32)
    at renderPage (file:///C:/code/zentala.eu/node_modules/astro/dist/runtime/server/render/page.js:31:30)
    at lastNext (file:///C:/code/zentala.eu/node_modules/astro/dist/core/render-context.js:133:31)
    at process.processTicksAndRejections (node:internal/process/task_queues:105:5)
    at async callMiddleware (file:///C:/code/zentala.eu/node_modules/astro/dist/core/middleware/callMiddleware.js:21:10) @ http://localhost:4322/@vite/client:1385
[ 1101352ms] [ERROR] Failed to load resource: the server responded with a status of 500 (Internal Server Error) @ http://localhost:4322/resources:0
[ 1101561ms] [ERROR] [vite] Internal Server Error
Cannot read properties of undefined (reading &#39;localeCompare&#39;)
TypeError: Cannot read properties of undefined (reading 'localeCompare')
    at C:\code\zentala.eu\src\pages\resources\index.astro:13:30
    at Array.sort (<anonymous>)
    at C:\code\zentala.eu\src\pages\resources\index.astro:13:4
    at index (C:\code\zentala.eu\node_modules\astro\dist\runtime\server\astro-component.js:16:12)
    at callComponentAsTemplateResultOrResponse (file:///C:/code/zentala.eu/node_modules/astro/dist/runtime/server/render/astro/render.js:90:31)
    at renderToAsyncIterable (file:///C:/code/zentala.eu/node_modules/astro/dist/runtime/server/render/astro/render.js:132:32)
    at renderPage (file:///C:/code/zentala.eu/node_modules/astro/dist/runtime/server/render/page.js:31:30)
    at lastNext (file:///C:/code/zentala.eu/node_modules/astro/dist/core/render-context.js:133:31)
    at process.processTicksAndRejections (node:internal/process/task_queues:105:5)
    at async callMiddleware (file:///C:/code/zentala.eu/node_modules/astro/dist/core/middleware/callMiddleware.js:21:10) @ http://localhost:4322/@vite/client:1385
[ 1101676ms] [ERROR] Failed to load resource: the server responded with a status of 500 (Internal Server Error) @ http://localhost:4322/resources:0
[ 1101784ms] [ERROR] Failed to load resource: the server responded with a status of 500 (Internal Server Error) @ http://localhost:4322/resources:0
[ 1101888ms] [ERROR] [vite] Internal Server Error
Cannot read properties of undefined (reading &#39;localeCompare&#39;)
TypeError: Cannot read properties of undefined (reading 'localeCompare')
    at C:\code\zentala.eu\src\pages\resources\index.astro:13:30
    at Array.sort (<anonymous>)
    at C:\code\zentala.eu\src\pages\resources\index.astro:13:4
    at index (C:\code\zentala.eu\node_modules\astro\dist\runtime\server\astro-component.js:16:12)
    at callComponentAsTemplateResultOrResponse (file:///C:/code/zentala.eu/node_modules/astro/dist/runtime/server/render/astro/render.js:90:31)
    at renderToAsyncIterable (file:///C:/code/zentala.eu/node_modules/astro/dist/runtime/server/render/astro/render.js:132:32)
    at renderPage (file:///C:/code/zentala.eu/node_modules/astro/dist/runtime/server/render/page.js:31:30)
    at lastNext (file:///C:/code/zentala.eu/node_modules/astro/dist/core/render-context.js:133:31)
    at process.processTicksAndRejections (node:internal/process/task_queues:105:5)
    at async callMiddleware (file:///C:/code/zentala.eu/node_modules/astro/dist/core/middleware/callMiddleware.js:21:10) @ http://localhost:4322/@vite/client:1385
[ 1101897ms] [ERROR] Failed to load resource: the server responded with a status of 500 (Internal Server Error) @ http://localhost:4322/resources:0
[ 1101993ms] [ERROR] [vite] Internal Server Error
Cannot read properties of undefined (reading &#39;localeCompare&#39;)
TypeError: Cannot read properties of undefined (reading 'localeCompare')
    at C:\code\zentala.eu\src\pages\resources\index.astro:13:30
    at Array.sort (<anonymous>)
    at C:\code\zentala.eu\src\pages\resources\index.astro:13:4
    at index (C:\code\zentala.eu\node_modules\astro\dist\runtime\server\astro-component.js:16:12)
    at callComponentAsTemplateResultOrResponse (file:///C:/code/zentala.eu/node_modules/astro/dist/runtime/server/render/astro/render.js:90:31)
    at renderToAsyncIterable (file:///C:/code/zentala.eu/node_modules/astro/dist/runtime/server/render/astro/render.js:132:32)
    at renderPage (file:///C:/code/zentala.eu/node_modules/astro/dist/runtime/server/render/page.js:31:30)
    at lastNext (file:///C:/code/zentala.eu/node_modules/astro/dist/core/render-context.js:133:31)
    at process.processTicksAndRejections (node:internal/process/task_queues:105:5)
    at async callMiddleware (file:///C:/code/zentala.eu/node_modules/astro/dist/core/middleware/callMiddleware.js:21:10) @ http://localhost:4322/@vite/client:1385
[ 1102112ms] [ERROR] Failed to load resource: the server responded with a status of 500 (Internal Server Error) @ http://localhost:4322/resources:0
[ 1102326ms] [ERROR] [vite] Internal Server Error
Cannot read properties of undefined (reading &#39;localeCompare&#39;)
TypeError: Cannot read properties of undefined (reading 'localeCompare')
    at C:\code\zentala.eu\src\pages\resources\index.astro:13:30
    at Array.sort (<anonymous>)
    at C:\code\zentala.eu\src\pages\resources\index.astro:13:4
    at index (C:\code\zentala.eu\node_modules\astro\dist\runtime\server\astro-component.js:16:12)
    at callComponentAsTemplateResultOrResponse (file:///C:/code/zentala.eu/node_modules/astro/dist/runtime/server/render/astro/render.js:90:31)
    at renderToAsyncIterable (file:///C:/code/zentala.eu/node_modules/astro/dist/runtime/server/render/astro/render.js:132:32)
    at renderPage (file:///C:/code/zentala.eu/node_modules/astro/dist/runtime/server/render/page.js:31:30)
    at lastNext (file:///C:/code/zentala.eu/node_modules/astro/dist/core/render-context.js:133:31)
    at process.processTicksAndRejections (node:internal/process/task_queues:105:5)
    at async callMiddleware (file:///C:/code/zentala.eu/node_modules/astro/dist/core/middleware/callMiddleware.js:21:10) @ http://localhost:4322/@vite/client:1385
[ 1102441ms] [ERROR] Failed to load resource: the server responded with a status of 500 (Internal Server Error) @ http://localhost:4322/resources:0
[ 1102651ms] [ERROR] [vite] Internal Server Error
Cannot read properties of undefined (reading &#39;localeCompare&#39;)
TypeError: Cannot read properties of undefined (reading 'localeCompare')
    at C:\code\zentala.eu\src\pages\resources\index.astro:13:30
    at Array.sort (<anonymous>)
    at C:\code\zentala.eu\src\pages\resources\index.astro:13:4
    at index (C:\code\zentala.eu\node_modules\astro\dist\runtime\server\astro-component.js:16:12)
    at callComponentAsTemplateResultOrResponse (file:///C:/code/zentala.eu/node_modules/astro/dist/runtime/server/render/astro/render.js:90:31)
    at renderToAsyncIterable (file:///C:/code/zentala.eu/node_modules/astro/dist/runtime/server/render/astro/render.js:132:32)
    at renderPage (file:///C:/code/zentala.eu/node_modules/astro/dist/runtime/server/render/page.js:31:30)
    at lastNext (file:///C:/code/zentala.eu/node_modules/astro/dist/core/render-context.js:133:31)
    at process.processTicksAndRejections (node:internal/process/task_queues:105:5)
    at async callMiddleware (file:///C:/code/zentala.eu/node_modules/astro/dist/core/middleware/callMiddleware.js:21:10) @ http://localhost:4322/@vite/client:1385
[ 1102751ms] [ERROR] Failed to load resource: the server responded with a status of 500 (Internal Server Error) @ http://localhost:4322/resources:0
[ 1102857ms] [ERROR] Failed to load resource: the server responded with a status of 500 (Internal Server Error) @ http://localhost:4322/resources:0
[ 1102965ms] [ERROR] [vite] Internal Server Error
Cannot read properties of undefined (reading &#39;localeCompare&#39;)
TypeError: Cannot read properties of undefined (reading 'localeCompare')
    at C:\code\zentala.eu\src\pages\resources\index.astro:13:30
    at Array.sort (<anonymous>)
    at C:\code\zentala.eu\src\pages\resources\index.astro:13:4
    at index (C:\code\zentala.eu\node_modules\astro\dist\runtime\server\astro-component.js:16:12)
    at callComponentAsTemplateResultOrResponse (file:///C:/code/zentala.eu/node_modules/astro/dist/runtime/server/render/astro/render.js:90:31)
    at renderToAsyncIterable (file:///C:/code/zentala.eu/node_modules/astro/dist/runtime/server/render/astro/render.js:132:32)
    at renderPage (file:///C:/code/zentala.eu/node_modules/astro/dist/runtime/server/render/page.js:31:30)
    at lastNext (file:///C:/code/zentala.eu/node_modules/astro/dist/core/render-context.js:133:31)
    at process.processTicksAndRejections (node:internal/process/task_queues:105:5)
    at async callMiddleware (file:///C:/code/zentala.eu/node_modules/astro/dist/core/middleware/callMiddleware.js:21:10) @ http://localhost:4322/@vite/client:1385
[ 1102976ms] [ERROR] Failed to load resource: the server responded with a status of 500 (Internal Server Error) @ http://localhost:4322/resources:0
[ 1103068ms] [ERROR] [vite] Internal Server Error
Cannot read properties of undefined (reading &#39;localeCompare&#39;)
TypeError: Cannot read properties of undefined (reading 'localeCompare')
    at C:\code\zentala.eu\src\pages\resources\index.astro:13:30
    at Array.sort (<anonymous>)
    at C:\code\zentala.eu\src\pages\resources\index.astro:13:4
    at index (C:\code\zentala.eu\node_modules\astro\dist\runtime\server\astro-component.js:16:12)
    at callComponentAsTemplateResultOrResponse (file:///C:/code/zentala.eu/node_modules/astro/dist/runtime/server/render/astro/render.js:90:31)
    at renderToAsyncIterable (file:///C:/code/zentala.eu/node_modules/astro/dist/runtime/server/render/astro/render.js:132:32)
    at renderPage (file:///C:/code/zentala.eu/node_modules/astro/dist/runtime/server/render/page.js:31:30)
    at lastNext (file:///C:/code/zentala.eu/node_modules/astro/dist/core/render-context.js:133:31)
    at process.processTicksAndRejections (node:internal/process/task_queues:105:5)
    at async callMiddleware (file:///C:/code/zentala.eu/node_modules/astro/dist/core/middleware/callMiddleware.js:21:10) @ http://localhost:4322/@vite/client:1385
[ 1103177ms] [ERROR] Failed to load resource: the server responded with a status of 500 (Internal Server Error) @ http://localhost:4322/resources:0
[ 1103393ms] [ERROR] [vite] Internal Server Error
Cannot read properties of undefined (reading &#39;localeCompare&#39;)
TypeError: Cannot read properties of undefined (reading 'localeCompare')
    at C:\code\zentala.eu\src\pages\resources\index.astro:13:30
    at Array.sort (<anonymous>)
    at C:\code\zentala.eu\src\pages\resources\index.astro:13:4
    at index (C:\code\zentala.eu\node_modules\astro\dist\runtime\server\astro-component.js:16:12)
    at callComponentAsTemplateResultOrResponse (file:///C:/code/zentala.eu/node_modules/astro/dist/runtime/server/render/astro/render.js:90:31)
    at renderToAsyncIterable (file:///C:/code/zentala.eu/node_modules/astro/dist/runtime/server/render/astro/render.js:132:32)
    at renderPage (file:///C:/code/zentala.eu/node_modules/astro/dist/runtime/server/render/page.js:31:30)
    at lastNext (file:///C:/code/zentala.eu/node_modules/astro/dist/core/render-context.js:133:31)
    at process.processTicksAndRejections (node:internal/process/task_queues:105:5)
    at async callMiddleware (file:///C:/code/zentala.eu/node_modules/astro/dist/core/middleware/callMiddleware.js:21:10) @ http://localhost:4322/@vite/client:1385
[ 1103490ms] [ERROR] Failed to load resource: the server responded with a status of 500 (Internal Server Error) @ http://localhost:4322/resources:0
[ 1103601ms] [ERROR] Failed to load resource: the server responded with a status of 500 (Internal Server Error) @ http://localhost:4322/resources:0
[ 1103708ms] [ERROR] [vite] Internal Server Error
Cannot read properties of undefined (reading &#39;localeCompare&#39;)
TypeError: Cannot read properties of undefined (reading 'localeCompare')
    at C:\code\zentala.eu\src\pages\resources\index.astro:13:30
    at Array.sort (<anonymous>)
    at C:\code\zentala.eu\src\pages\resources\index.astro:13:4
    at index (C:\code\zentala.eu\node_modules\astro\dist\runtime\server\astro-component.js:16:12)
    at callComponentAsTemplateResultOrResponse (file:///C:/code/zentala.eu/node_modules/astro/dist/runtime/server/render/astro/render.js:90:31)
    at renderToAsyncIterable (file:///C:/code/zentala.eu/node_modules/astro/dist/runtime/server/render/astro/render.js:132:32)
    at renderPage (file:///C:/code/zentala.eu/node_modules/astro/dist/runtime/server/render/page.js:31:30)
    at lastNext (file:///C:/code/zentala.eu/node_modules/astro/dist/core/render-context.js:133:31)
    at process.processTicksAndRejections (node:internal/process/task_queues:105:5)
    at async callMiddleware (file:///C:/code/zentala.eu/node_modules/astro/dist/core/middleware/callMiddleware.js:21:10) @ http://localhost:4322/@vite/client:1385
[ 1103719ms] [ERROR] Failed to load resource: the server responded with a status of 500 (Internal Server Error) @ http://localhost:4322/resources:0
[ 1103828ms] [ERROR] [vite] Internal Server Error
Cannot read properties of undefined (reading &#39;localeCompare&#39;)
TypeError: Cannot read properties of undefined (reading 'localeCompare')
    at C:\code\zentala.eu\src\pages\resources\index.astro:13:30
    at Array.sort (<anonymous>)
    at C:\code\zentala.eu\src\pages\resources\index.astro:13:4
    at index (C:\code\zentala.eu\node_modules\astro\dist\runtime\server\astro-component.js:16:12)
    at callComponentAsTemplateResultOrResponse (file:///C:/code/zentala.eu/node_modules/astro/dist/runtime/server/render/astro/render.js:90:31)
    at renderToAsyncIterable (file:///C:/code/zentala.eu/node_modules/astro/dist/runtime/server/render/astro/render.js:132:32)
    at renderPage (file:///C:/code/zentala.eu/node_modules/astro/dist/runtime/server/render/page.js:31:30)
    at lastNext (file:///C:/code/zentala.eu/node_modules/astro/dist/core/render-context.js:133:31)
    at process.processTicksAndRejections (node:internal/process/task_queues:105:5)
    at async callMiddleware (file:///C:/code/zentala.eu/node_modules/astro/dist/core/middleware/callMiddleware.js:21:10) @ http://localhost:4322/@vite/client:1385
[ 1103922ms] [ERROR] Failed to load resource: the server responded with a status of 500 (Internal Server Error) @ http://localhost:4322/resources:0
[ 1104039ms] [ERROR] Failed to load resource: the server responded with a status of 500 (Internal Server Error) @ http://localhost:4322/resources:0
[ 1104142ms] [ERROR] [vite] Internal Server Error
Cannot read properties of undefined (reading &#39;localeCompare&#39;)
TypeError: Cannot read properties of undefined (reading 'localeCompare')
    at C:\code\zentala.eu\src\pages\resources\index.astro:13:30
    at Array.sort (<anonymous>)
    at C:\code\zentala.eu\src\pages\resources\index.astro:13:4
    at index (C:\code\zentala.eu\node_modules\astro\dist\runtime\server\astro-component.js:16:12)
    at callComponentAsTemplateResultOrResponse (file:///C:/code/zentala.eu/node_modules/astro/dist/runtime/server/render/astro/render.js:90:31)
    at renderToAsyncIterable (file:///C:/code/zentala.eu/node_modules/astro/dist/runtime/server/render/astro/render.js:132:32)
    at renderPage (file:///C:/code/zentala.eu/node_modules/astro/dist/runtime/server/render/page.js:31:30)
    at lastNext (file:///C:/code/zentala.eu/node_modules/astro/dist/core/render-context.js:133:31)
    at process.processTicksAndRejections (node:internal/process/task_queues:105:5)
    at async callMiddleware (file:///C:/code/zentala.eu/node_modules/astro/dist/core/middleware/callMiddleware.js:21:10) @ http://localhost:4322/@vite/client:1385
[ 1104250ms] [ERROR] Failed to load resource: the server responded with a status of 500 (Internal Server Error) @ http://localhost:4322/resources:0
[ 1104466ms] [ERROR] [vite] Internal Server Error
Cannot read properties of undefined (reading &#39;localeCompare&#39;)
TypeError: Cannot read properties of undefined (reading 'localeCompare')
    at C:\code\zentala.eu\src\pages\resources\index.astro:13:30
    at Array.sort (<anonymous>)
    at C:\code\zentala.eu\src\pages\resources\index.astro:13:4
    at index (C:\code\zentala.eu\node_modules\astro\dist\runtime\server\astro-component.js:16:12)
    at callComponentAsTemplateResultOrResponse (file:///C:/code/zentala.eu/node_modules/astro/dist/runtime/server/render/astro/render.js:90:31)
    at renderToAsyncIterable (file:///C:/code/zentala.eu/node_modules/astro/dist/runtime/server/render/astro/render.js:132:32)
    at renderPage (file:///C:/code/zentala.eu/node_modules/astro/dist/runtime/server/render/page.js:31:30)
    at lastNext (file:///C:/code/zentala.eu/node_modules/astro/dist/core/render-context.js:133:31)
    at process.processTicksAndRejections (node:internal/process/task_queues:105:5)
    at async callMiddleware (file:///C:/code/zentala.eu/node_modules/astro/dist/core/middleware/callMiddleware.js:21:10) @ http://localhost:4322/@vite/client:1385
[ 1104565ms] [ERROR] Failed to load resource: the server responded with a status of 500 (Internal Server Error) @ http://localhost:4322/resources:0
[ 1104674ms] [ERROR] Failed to load resource: the server responded with a status of 500 (Internal Server Error) @ http://localhost:4322/resources:0
[ 1104887ms] [ERROR] [vite] Internal Server Error
Cannot read properties of undefined (reading &#39;localeCompare&#39;)
TypeError: Cannot read properties of undefined (reading 'localeCompare')
    at C:\code\zentala.eu\src\pages\resources\index.astro:13:30
    at Array.sort (<anonymous>)
    at C:\code\zentala.eu\src\pages\resources\index.astro:13:4
    at index (C:\code\zentala.eu\node_modules\astro\dist\runtime\server\astro-component.js:16:12)
    at callComponentAsTemplateResultOrResponse (file:///C:/code/zentala.eu/node_modules/astro/dist/runtime/server/render/astro/render.js:90:31)
    at renderToAsyncIterable (file:///C:/code/zentala.eu/node_modules/astro/dist/runtime/server/render/astro/render.js:132:32)
    at renderPage (file:///C:/code/zentala.eu/node_modules/astro/dist/runtime/server/render/page.js:31:30)
    at lastNext (file:///C:/code/zentala.eu/node_modules/astro/dist/core/render-context.js:133:31)
    at process.processTicksAndRejections (node:internal/process/task_queues:105:5)
    at async callMiddleware (file:///C:/code/zentala.eu/node_modules/astro/dist/core/middleware/callMiddleware.js:21:10) @ http://localhost:4322/@vite/client:1385
[ 1105009ms] [ERROR] [vite] Internal Server Error
Cannot read properties of undefined (reading &#39;localeCompare&#39;)
TypeError: Cannot read properties of undefined (reading 'localeCompare')
    at C:\code\zentala.eu\src\pages\resources\index.astro:13:30
    at Array.sort (<anonymous>)
    at C:\code\zentala.eu\src\pages\resources\index.astro:13:4
    at index (C:\code\zentala.eu\node_modules\astro\dist\runtime\server\astro-component.js:16:12)
    at callComponentAsTemplateResultOrResponse (file:///C:/code/zentala.eu/node_modules/astro/dist/runtime/server/render/astro/render.js:90:31)
    at renderToAsyncIterable (file:///C:/code/zentala.eu/node_modules/astro/dist/runtime/server/render/astro/render.js:132:32)
    at renderPage (file:///C:/code/zentala.eu/node_modules/astro/dist/runtime/server/render/page.js:31:30)
    at lastNext (file:///C:/code/zentala.eu/node_modules/astro/dist/core/render-context.js:133:31)
    at process.processTicksAndRejections (node:internal/process/task_queues:105:5)
    at async callMiddleware (file:///C:/code/zentala.eu/node_modules/astro/dist/core/middleware/callMiddleware.js:21:10) @ http://localhost:4322/@vite/client:1385
[ 1105644ms] [ERROR] Failed to load resource: the server responded with a status of 500 (Internal Server Error) @ http://localhost:4322/resources:0
[ 1105856ms] [ERROR] [vite] Internal Server Error
Cannot read properties of undefined (reading &#39;localeCompare&#39;)
TypeError: Cannot read properties of undefined (reading 'localeCompare')
    at eval (C:/code/zentala.eu/src/pages/resources/index.astro:27:33)
    at Array.sort (<anonymous>)
    at eval (C:/code/zentala.eu/src/pages/resources/index.astro:27:7)
    at index (C:\code\zentala.eu\node_modules\astro\dist\runtime\server\astro-component.js:16:12)
    at callComponentAsTemplateResultOrResponse (file:///C:/code/zentala.eu/node_modules/astro/dist/runtime/server/render/astro/render.js:90:31)
    at renderToAsyncIterable (file:///C:/code/zentala.eu/node_modules/astro/dist/runtime/server/render/astro/render.js:132:32)
    at renderPage (file:///C:/code/zentala.eu/node_modules/astro/dist/runtime/server/render/page.js:31:30)
    at lastNext (file:///C:/code/zentala.eu/node_modules/astro/dist/core/render-context.js:133:31)
    at async callMiddleware (file:///C:/code/zentala.eu/node_modules/astro/dist/core/middleware/callMiddleware.js:21:10)
    at async RenderContext.render (file:///C:/code/zentala.eu/node_modules/astro/dist/core/render-context.js:161:22) @ http://localhost:4322/@vite/client:1385
[ 1105988ms] [ERROR] Failed to load resource: the server responded with a status of 500 (Internal Server Error) @ http://localhost:4322/resources:0
[ 1106190ms] [ERROR] Failed to load resource: the server responded with a status of 500 (Internal Server Error) @ http://localhost:4322/resources:0
[ 1106413ms] [ERROR] [vite] Internal Server Error
Cannot read properties of undefined (reading &#39;localeCompare&#39;)
TypeError: Cannot read properties of undefined (reading 'localeCompare')
    at C:\code\zentala.eu\src\pages\resources\index.astro:13:30
    at Array.sort (<anonymous>)
    at C:\code\zentala.eu\src\pages\resources\index.astro:13:4
    at index (C:\code\zentala.eu\node_modules\astro\dist\runtime\server\astro-component.js:16:12)
    at callComponentAsTemplateResultOrResponse (file:///C:/code/zentala.eu/node_modules/astro/dist/runtime/server/render/astro/render.js:90:31)
    at renderToAsyncIterable (file:///C:/code/zentala.eu/node_modules/astro/dist/runtime/server/render/astro/render.js:132:32)
    at renderPage (file:///C:/code/zentala.eu/node_modules/astro/dist/runtime/server/render/page.js:31:30)
    at lastNext (file:///C:/code/zentala.eu/node_modules/astro/dist/core/render-context.js:133:31)
    at process.processTicksAndRejections (node:internal/process/task_queues:105:5)
    at async callMiddleware (file:///C:/code/zentala.eu/node_modules/astro/dist/core/middleware/callMiddleware.js:21:10) @ http://localhost:4322/@vite/client:1385
[ 1106567ms] [ERROR] Failed to load resource: the server responded with a status of 500 (Internal Server Error) @ http://localhost:4322/resources:0
[ 1106794ms] [ERROR] Failed to load resource: the server responded with a status of 500 (Internal Server Error) @ http://localhost:4322/resources:0
[ 1107014ms] [ERROR] [vite] Internal Server Error
Cannot read properties of undefined (reading &#39;localeCompare&#39;)
TypeError: Cannot read properties of undefined (reading 'localeCompare')
    at C:\code\zentala.eu\src\pages\resources\index.astro:13:30
    at Array.sort (<anonymous>)
    at C:\code\zentala.eu\src\pages\resources\index.astro:13:4
    at index (C:\code\zentala.eu\node_modules\astro\dist\runtime\server\astro-component.js:16:12)
    at callComponentAsTemplateResultOrResponse (file:///C:/code/zentala.eu/node_modules/astro/dist/runtime/server/render/astro/render.js:90:31)
    at renderToAsyncIterable (file:///C:/code/zentala.eu/node_modules/astro/dist/runtime/server/render/astro/render.js:132:32)
    at renderPage (file:///C:/code/zentala.eu/node_modules/astro/dist/runtime/server/render/page.js:31:30)
    at lastNext (file:///C:/code/zentala.eu/node_modules/astro/dist/core/render-context.js:133:31)
    at process.processTicksAndRejections (node:internal/process/task_queues:105:5)
    at async callMiddleware (file:///C:/code/zentala.eu/node_modules/astro/dist/core/middleware/callMiddleware.js:21:10) @ http://localhost:4322/@vite/client:1385
[ 1107205ms] [ERROR] Failed to load resource: the server responded with a status of 500 (Internal Server Error) @ http://localhost:4322/resources:0
[ 1107418ms] [ERROR] Failed to load resource: the server responded with a status of 500 (Internal Server Error) @ http://localhost:4322/resources:0
[ 1107634ms] [ERROR] [vite] Internal Server Error
Cannot read properties of undefined (reading &#39;localeCompare&#39;)
TypeError: Cannot read properties of undefined (reading 'localeCompare')
    at C:\code\zentala.eu\src\pages\resources\index.astro:13:30
    at Array.sort (<anonymous>)
    at C:\code\zentala.eu\src\pages\resources\index.astro:13:4
    at index (C:\code\zentala.eu\node_modules\astro\dist\runtime\server\astro-component.js:16:12)
    at callComponentAsTemplateResultOrResponse (file:///C:/code/zentala.eu/node_modules/astro/dist/runtime/server/render/astro/render.js:90:31)
    at renderToAsyncIterable (file:///C:/code/zentala.eu/node_modules/astro/dist/runtime/server/render/astro/render.js:132:32)
    at renderPage (file:///C:/code/zentala.eu/node_modules/astro/dist/runtime/server/render/page.js:31:30)
    at lastNext (file:///C:/code/zentala.eu/node_modules/astro/dist/core/render-context.js:133:31)
    at process.processTicksAndRejections (node:internal/process/task_queues:105:5)
    at async callMiddleware (file:///C:/code/zentala.eu/node_modules/astro/dist/core/middleware/callMiddleware.js:21:10) @ http://localhost:4322/@vite/client:1385
[ 1107739ms] [ERROR] Failed to load resource: the server responded with a status of 500 (Internal Server Error) @ http://localhost:4322/resources:0
[ 1107984ms] [ERROR] [vite] Internal Server Error
Cannot read properties of undefined (reading &#39;localeCompare&#39;)
TypeError: Cannot read properties of undefined (reading 'localeCompare')
    at C:\code\zentala.eu\src\pages\resources\index.astro:13:30
    at Array.sort (<anonymous>)
    at C:\code\zentala.eu\src\pages\resources\index.astro:13:4
    at index (C:\code\zentala.eu\node_modules\astro\dist\runtime\server\astro-component.js:16:12)
    at callComponentAsTemplateResultOrResponse (file:///C:/code/zentala.eu/node_modules/astro/dist/runtime/server/render/astro/render.js:90:31)
    at renderToAsyncIterable (file:///C:/code/zentala.eu/node_modules/astro/dist/runtime/server/render/astro/render.js:132:32)
    at renderPage (file:///C:/code/zentala.eu/node_modules/astro/dist/runtime/server/render/page.js:31:30)
    at lastNext (file:///C:/code/zentala.eu/node_modules/astro/dist/core/render-context.js:133:31)
    at process.processTicksAndRejections (node:internal/process/task_queues:105:5)
    at async callMiddleware (file:///C:/code/zentala.eu/node_modules/astro/dist/core/middleware/callMiddleware.js:21:10) @ http://localhost:4322/@vite/client:1385
[ 1108169ms] [ERROR] Failed to load resource: the server responded with a status of 500 (Internal Server Error) @ http://localhost:4322/resources:0
[ 1108376ms] [ERROR] [vite] Internal Server Error
Cannot read properties of undefined (reading &#39;localeCompare&#39;)
TypeError: Cannot read properties of undefined (reading 'localeCompare')
    at C:\code\zentala.eu\src\pages\resources\index.astro:13:30
    at Array.sort (<anonymous>)
    at C:\code\zentala.eu\src\pages\resources\index.astro:13:4
    at index (C:\code\zentala.eu\node_modules\astro\dist\runtime\server\astro-component.js:16:12)
    at callComponentAsTemplateResultOrResponse (file:///C:/code/zentala.eu/node_modules/astro/dist/runtime/server/render/astro/render.js:90:31)
    at renderToAsyncIterable (file:///C:/code/zentala.eu/node_modules/astro/dist/runtime/server/render/astro/render.js:132:32)
    at renderPage (file:///C:/code/zentala.eu/node_modules/astro/dist/runtime/server/render/page.js:31:30)
    at lastNext (file:///C:/code/zentala.eu/node_modules/astro/dist/core/render-context.js:133:31)
    at process.processTicksAndRejections (node:internal/process/task_queues:105:5)
    at async callMiddleware (file:///C:/code/zentala.eu/node_modules/astro/dist/core/middleware/callMiddleware.js:21:10) @ http://localhost:4322/@vite/client:1385
[ 1108520ms] [ERROR] Failed to load resource: the server responded with a status of 500 (Internal Server Error) @ http://localhost:4322/resources:0
[ 1108698ms] [ERROR] Failed to load resource: the server responded with a status of 500 (Internal Server Error) @ http://localhost:4322/resources:0
[ 1108733ms] [ERROR] [vite] Internal Server Error
Cannot read properties of undefined (reading &#39;localeCompare&#39;)
TypeError: Cannot read properties of undefined (reading 'localeCompare')
    at C:\code\zentala.eu\src\pages\resources\index.astro:13:30
    at Array.sort (<anonymous>)
    at C:\code\zentala.eu\src\pages\resources\index.astro:13:4
    at index (C:\code\zentala.eu\node_modules\astro\dist\runtime\server\astro-component.js:16:12)
    at callComponentAsTemplateResultOrResponse (file:///C:/code/zentala.eu/node_modules/astro/dist/runtime/server/render/astro/render.js:90:31)
    at renderToAsyncIterable (file:///C:/code/zentala.eu/node_modules/astro/dist/runtime/server/render/astro/render.js:132:32)
    at renderPage (file:///C:/code/zentala.eu/node_modules/astro/dist/runtime/server/render/page.js:31:30)
    at lastNext (file:///C:/code/zentala.eu/node_modules/astro/dist/core/render-context.js:133:31)
    at process.processTicksAndRejections (node:internal/process/task_queues:105:5)
    at async callMiddleware (file:///C:/code/zentala.eu/node_modules/astro/dist/core/middleware/callMiddleware.js:21:10) @ http://localhost:4322/@vite/client:1385
[ 1108817ms] [ERROR] Failed to load resource: the server responded with a status of 500 (Internal Server Error) @ http://localhost:4322/resources:0
[ 1108933ms] [ERROR] [vite] Internal Server Error
Cannot read properties of undefined (reading &#39;localeCompare&#39;)
TypeError: Cannot read properties of undefined (reading 'localeCompare')
    at C:\code\zentala.eu\src\pages\resources\index.astro:13:30
    at Array.sort (<anonymous>)
    at C:\code\zentala.eu\src\pages\resources\index.astro:13:4
    at index (C:\code\zentala.eu\node_modules\astro\dist\runtime\server\astro-component.js:16:12)
    at callComponentAsTemplateResultOrResponse (file:///C:/code/zentala.eu/node_modules/astro/dist/runtime/server/render/astro/render.js:90:31)
    at renderToAsyncIterable (file:///C:/code/zentala.eu/node_modules/astro/dist/runtime/server/render/astro/render.js:132:32)
    at renderPage (file:///C:/code/zentala.eu/node_modules/astro/dist/runtime/server/render/page.js:31:30)
    at lastNext (file:///C:/code/zentala.eu/node_modules/astro/dist/core/render-context.js:133:31)
    at process.processTicksAndRejections (node:internal/process/task_queues:105:5)
    at async callMiddleware (file:///C:/code/zentala.eu/node_modules/astro/dist/core/middleware/callMiddleware.js:21:10) @ http://localhost:4322/@vite/client:1385
[ 1109035ms] [ERROR] [vite] Internal Server Error
Cannot read properties of undefined (reading &#39;localeCompare&#39;)
TypeError: Cannot read properties of undefined (reading 'localeCompare')
    at C:\code\zentala.eu\src\pages\resources\index.astro:13:30
    at Array.sort (<anonymous>)
    at C:\code\zentala.eu\src\pages\resources\index.astro:13:4
    at index (C:\code\zentala.eu\node_modules\astro\dist\runtime\server\astro-component.js:16:12)
    at callComponentAsTemplateResultOrResponse (file:///C:/code/zentala.eu/node_modules/astro/dist/runtime/server/render/astro/render.js:90:31)
    at renderToAsyncIterable (file:///C:/code/zentala.eu/node_modules/astro/dist/runtime/server/render/astro/render.js:132:32)
    at renderPage (file:///C:/code/zentala.eu/node_modules/astro/dist/runtime/server/render/page.js:31:30)
    at lastNext (file:///C:/code/zentala.eu/node_modules/astro/dist/core/render-context.js:133:31)
    at process.processTicksAndRejections (node:internal/process/task_queues:105:5)
    at async callMiddleware (file:///C:/code/zentala.eu/node_modules/astro/dist/core/middleware/callMiddleware.js:21:10) @ http://localhost:4322/@vite/client:1385
[ 1109124ms] [ERROR] Failed to load resource: the server responded with a status of 500 (Internal Server Error) @ http://localhost:4322/resources:0
[ 1109350ms] [ERROR] [vite] Internal Server Error
Cannot read properties of undefined (reading &#39;localeCompare&#39;)
TypeError: Cannot read properties of undefined (reading 'localeCompare')
    at C:\code\zentala.eu\src\pages\resources\index.astro:13:30
    at Array.sort (<anonymous>)
    at C:\code\zentala.eu\src\pages\resources\index.astro:13:4
    at index (C:\code\zentala.eu\node_modules\astro\dist\runtime\server\astro-component.js:16:12)
    at callComponentAsTemplateResultOrResponse (file:///C:/code/zentala.eu/node_modules/astro/dist/runtime/server/render/astro/render.js:90:31)
    at renderToAsyncIterable (file:///C:/code/zentala.eu/node_modules/astro/dist/runtime/server/render/astro/render.js:132:32)
    at renderPage (file:///C:/code/zentala.eu/node_modules/astro/dist/runtime/server/render/page.js:31:30)
    at lastNext (file:///C:/code/zentala.eu/node_modules/astro/dist/core/render-context.js:133:31)
    at process.processTicksAndRejections (node:internal/process/task_queues:105:5)
    at async callMiddleware (file:///C:/code/zentala.eu/node_modules/astro/dist/core/middleware/callMiddleware.js:21:10) @ http://localhost:4322/@vite/client:1385
[ 1109535ms] [ERROR] Failed to load resource: the server responded with a status of 500 (Internal Server Error) @ http://localhost:4322/resources:0
[ 1109645ms] [ERROR] Failed to load resource: the server responded with a status of 500 (Internal Server Error) @ http://localhost:4322/resources:0
[ 1109744ms] [ERROR] Failed to load resource: the server responded with a status of 500 (Internal Server Error) @ http://localhost:4322/resources:0
[ 1109870ms] [ERROR] [vite] Internal Server Error
Cannot read properties of undefined (reading &#39;localeCompare&#39;)
TypeError: Cannot read properties of undefined (reading 'localeCompare')
    at C:\code\zentala.eu\src\pages\resources\index.astro:13:30
    at Array.sort (<anonymous>)
    at C:\code\zentala.eu\src\pages\resources\index.astro:13:4
    at index (C:\code\zentala.eu\node_modules\astro\dist\runtime\server\astro-component.js:16:12)
    at callComponentAsTemplateResultOrResponse (file:///C:/code/zentala.eu/node_modules/astro/dist/runtime/server/render/astro/render.js:90:31)
    at renderToAsyncIterable (file:///C:/code/zentala.eu/node_modules/astro/dist/runtime/server/render/astro/render.js:132:32)
    at renderPage (file:///C:/code/zentala.eu/node_modules/astro/dist/runtime/server/render/page.js:31:30)
    at lastNext (file:///C:/code/zentala.eu/node_modules/astro/dist/core/render-context.js:133:31)
    at process.processTicksAndRejections (node:internal/process/task_queues:105:5)
    at async callMiddleware (file:///C:/code/zentala.eu/node_modules/astro/dist/core/middleware/callMiddleware.js:21:10) @ http://localhost:4322/@vite/client:1385
[ 1109957ms] [ERROR] [vite] Internal Server Error
Cannot read properties of undefined (reading &#39;localeCompare&#39;)
TypeError: Cannot read properties of undefined (reading 'localeCompare')
    at C:\code\zentala.eu\src\pages\resources\index.astro:13:30
    at Array.sort (<anonymous>)
    at C:\code\zentala.eu\src\pages\resources\index.astro:13:4
    at index (C:\code\zentala.eu\node_modules\astro\dist\runtime\server\astro-component.js:16:12)
    at callComponentAsTemplateResultOrResponse (file:///C:/code/zentala.eu/node_modules/astro/dist/runtime/server/render/astro/render.js:90:31)
    at renderToAsyncIterable (file:///C:/code/zentala.eu/node_modules/astro/dist/runtime/server/render/astro/render.js:132:32)
    at renderPage (file:///C:/code/zentala.eu/node_modules/astro/dist/runtime/server/render/page.js:31:30)
    at lastNext (file:///C:/code/zentala.eu/node_modules/astro/dist/core/render-context.js:133:31)
    at process.processTicksAndRejections (node:internal/process/task_queues:105:5)
    at async callMiddleware (file:///C:/code/zentala.eu/node_modules/astro/dist/core/middleware/callMiddleware.js:21:10) @ http://localhost:4322/@vite/client:1385
[ 1110063ms] [ERROR] Failed to load resource: the server responded with a status of 500 (Internal Server Error) @ http://localhost:4322/resources:0
[ 1110285ms] [ERROR] [vite] Internal Server Error
Cannot read properties of undefined (reading &#39;localeCompare&#39;)
TypeError: Cannot read properties of undefined (reading 'localeCompare')
    at C:\code\zentala.eu\src\pages\resources\index.astro:13:30
    at Array.sort (<anonymous>)
    at C:\code\zentala.eu\src\pages\resources\index.astro:13:4
    at index (C:\code\zentala.eu\node_modules\astro\dist\runtime\server\astro-component.js:16:12)
    at callComponentAsTemplateResultOrResponse (file:///C:/code/zentala.eu/node_modules/astro/dist/runtime/server/render/astro/render.js:90:31)
    at renderToAsyncIterable (file:///C:/code/zentala.eu/node_modules/astro/dist/runtime/server/render/astro/render.js:132:32)
    at renderPage (file:///C:/code/zentala.eu/node_modules/astro/dist/runtime/server/render/page.js:31:30)
    at lastNext (file:///C:/code/zentala.eu/node_modules/astro/dist/core/render-context.js:133:31)
    at process.processTicksAndRejections (node:internal/process/task_queues:105:5)
    at async callMiddleware (file:///C:/code/zentala.eu/node_modules/astro/dist/core/middleware/callMiddleware.js:21:10) @ http://localhost:4322/@vite/client:1385
[ 1110489ms] [ERROR] Failed to load resource: the server responded with a status of 500 (Internal Server Error) @ http://localhost:4322/resources:0
[ 1110600ms] [ERROR] Failed to load resource: the server responded with a status of 500 (Internal Server Error) @ http://localhost:4322/resources:0
[ 1110731ms] [ERROR] [vite] Internal Server Error
Cannot read properties of undefined (reading &#39;localeCompare&#39;)
TypeError: Cannot read properties of undefined (reading 'localeCompare')
    at C:\code\zentala.eu\src\pages\resources\index.astro:13:30
    at Array.sort (<anonymous>)
    at C:\code\zentala.eu\src\pages\resources\index.astro:13:4
    at index (C:\code\zentala.eu\node_modules\astro\dist\runtime\server\astro-component.js:16:12)
    at callComponentAsTemplateResultOrResponse (file:///C:/code/zentala.eu/node_modules/astro/dist/runtime/server/render/astro/render.js:90:31)
    at renderToAsyncIterable (file:///C:/code/zentala.eu/node_modules/astro/dist/runtime/server/render/astro/render.js:132:32)
    at renderPage (file:///C:/code/zentala.eu/node_modules/astro/dist/runtime/server/render/page.js:31:30)
    at lastNext (file:///C:/code/zentala.eu/node_modules/astro/dist/core/render-context.js:133:31)
    at process.processTicksAndRejections (node:internal/process/task_queues:105:5)
    at async callMiddleware (file:///C:/code/zentala.eu/node_modules/astro/dist/core/middleware/callMiddleware.js:21:10) @ http://localhost:4322/@vite/client:1385
[ 1110829ms] [ERROR] [vite] Internal Server Error
Cannot read properties of undefined (reading &#39;localeCompare&#39;)
TypeError: Cannot read properties of undefined (reading 'localeCompare')
    at C:\code\zentala.eu\src\pages\resources\index.astro:13:30
    at Array.sort (<anonymous>)
    at C:\code\zentala.eu\src\pages\resources\index.astro:13:4
    at index (C:\code\zentala.eu\node_modules\astro\dist\runtime\server\astro-component.js:16:12)
    at callComponentAsTemplateResultOrResponse (file:///C:/code/zentala.eu/node_modules/astro/dist/runtime/server/render/astro/render.js:90:31)
    at renderToAsyncIterable (file:///C:/code/zentala.eu/node_modules/astro/dist/runtime/server/render/astro/render.js:132:32)
    at renderPage (file:///C:/code/zentala.eu/node_modules/astro/dist/runtime/server/render/page.js:31:30)
    at lastNext (file:///C:/code/zentala.eu/node_modules/astro/dist/core/render-context.js:133:31)
    at process.processTicksAndRejections (node:internal/process/task_queues:105:5)
    at async callMiddleware (file:///C:/code/zentala.eu/node_modules/astro/dist/core/middleware/callMiddleware.js:21:10) @ http://localhost:4322/@vite/client:1385
[ 1110910ms] [ERROR] Failed to load resource: the server responded with a status of 500 (Internal Server Error) @ http://localhost:4322/resources:0
[ 1111133ms] [ERROR] [vite] Internal Server Error
Cannot read properties of undefined (reading &#39;localeCompare&#39;)
TypeError: Cannot read properties of undefined (reading 'localeCompare')
    at C:\code\zentala.eu\src\pages\resources\index.astro:13:30
    at Array.sort (<anonymous>)
    at C:\code\zentala.eu\src\pages\resources\index.astro:13:4
    at index (C:\code\zentala.eu\node_modules\astro\dist\runtime\server\astro-component.js:16:12)
    at callComponentAsTemplateResultOrResponse (file:///C:/code/zentala.eu/node_modules/astro/dist/runtime/server/render/astro/render.js:90:31)
    at renderToAsyncIterable (file:///C:/code/zentala.eu/node_modules/astro/dist/runtime/server/render/astro/render.js:132:32)
    at renderPage (file:///C:/code/zentala.eu/node_modules/astro/dist/runtime/server/render/page.js:31:30)
    at lastNext (file:///C:/code/zentala.eu/node_modules/astro/dist/core/render-context.js:133:31)
    at process.processTicksAndRejections (node:internal/process/task_queues:105:5)
    at async callMiddleware (file:///C:/code/zentala.eu/node_modules/astro/dist/core/middleware/callMiddleware.js:21:10) @ http://localhost:4322/@vite/client:1385
[ 1111243ms] [ERROR] Failed to load resource: the server responded with a status of 500 (Internal Server Error) @ http://localhost:4322/resources:0
[ 1111464ms] [ERROR] Failed to load resource: the server responded with a status of 500 (Internal Server Error) @ http://localhost:4322/resources:0
[ 1111685ms] [ERROR] [vite] Internal Server Error
Cannot read properties of undefined (reading &#39;localeCompare&#39;)
TypeError: Cannot read properties of undefined (reading 'localeCompare')
    at C:\code\zentala.eu\src\pages\resources\index.astro:13:30
    at Array.sort (<anonymous>)
    at C:\code\zentala.eu\src\pages\resources\index.astro:13:4
    at index (C:\code\zentala.eu\node_modules\astro\dist\runtime\server\astro-component.js:16:12)
    at callComponentAsTemplateResultOrResponse (file:///C:/code/zentala.eu/node_modules/astro/dist/runtime/server/render/astro/render.js:90:31)
    at renderToAsyncIterable (file:///C:/code/zentala.eu/node_modules/astro/dist/runtime/server/render/astro/render.js:132:32)
    at renderPage (file:///C:/code/zentala.eu/node_modules/astro/dist/runtime/server/render/page.js:31:30)
    at lastNext (file:///C:/code/zentala.eu/node_modules/astro/dist/core/render-context.js:133:31)
    at process.processTicksAndRejections (node:internal/process/task_queues:105:5)
    at async callMiddleware (file:///C:/code/zentala.eu/node_modules/astro/dist/core/middleware/callMiddleware.js:21:10) @ http://localhost:4322/@vite/client:1385
[ 1111841ms] [ERROR] Failed to load resource: the server responded with a status of 500 (Internal Server Error) @ http://localhost:4322/resources:0
[ 1112024ms] [ERROR] Failed to load resource: the server responded with a status of 500 (Internal Server Error) @ http://localhost:4322/resources:0
[ 1112051ms] [ERROR] [vite] Internal Server Error
Cannot read properties of undefined (reading &#39;localeCompare&#39;)
TypeError: Cannot read properties of undefined (reading 'localeCompare')
    at C:\code\zentala.eu\src\pages\resources\index.astro:13:30
    at Array.sort (<anonymous>)
    at C:\code\zentala.eu\src\pages\resources\index.astro:13:4
    at index (C:\code\zentala.eu\node_modules\astro\dist\runtime\server\astro-component.js:16:12)
    at callComponentAsTemplateResultOrResponse (file:///C:/code/zentala.eu/node_modules/astro/dist/runtime/server/render/astro/render.js:90:31)
    at renderToAsyncIterable (file:///C:/code/zentala.eu/node_modules/astro/dist/runtime/server/render/astro/render.js:132:32)
    at renderPage (file:///C:/code/zentala.eu/node_modules/astro/dist/runtime/server/render/page.js:31:30)
    at lastNext (file:///C:/code/zentala.eu/node_modules/astro/dist/core/render-context.js:133:31)
    at process.processTicksAndRejections (node:internal/process/task_queues:105:5)
    at async callMiddleware (file:///C:/code/zentala.eu/node_modules/astro/dist/core/middleware/callMiddleware.js:21:10) @ http://localhost:4322/@vite/client:1385
[ 1112136ms] [ERROR] Failed to load resource: the server responded with a status of 500 (Internal Server Error) @ http://localhost:4322/resources:0
[ 1112228ms] [ERROR] Failed to load resource: the server responded with a status of 500 (Internal Server Error) @ http://localhost:4322/resources:0
[ 1112394ms] [ERROR] [vite] Internal Server Error
Cannot read properties of undefined (reading &#39;localeCompare&#39;)
TypeError: Cannot read properties of undefined (reading 'localeCompare')
    at C:\code\zentala.eu\src\pages\resources\index.astro:13:30
    at Array.sort (<anonymous>)
    at C:\code\zentala.eu\src\pages\resources\index.astro:13:4
    at index (C:\code\zentala.eu\node_modules\astro\dist\runtime\server\astro-component.js:16:12)
    at callComponentAsTemplateResultOrResponse (file:///C:/code/zentala.eu/node_modules/astro/dist/runtime/server/render/astro/render.js:90:31)
    at renderToAsyncIterable (file:///C:/code/zentala.eu/node_modules/astro/dist/runtime/server/render/astro/render.js:132:32)
    at renderPage (file:///C:/code/zentala.eu/node_modules/astro/dist/runtime/server/render/page.js:31:30)
    at lastNext (file:///C:/code/zentala.eu/node_modules/astro/dist/core/render-context.js:133:31)
    at process.processTicksAndRejections (node:internal/process/task_queues:105:5)
    at async callMiddleware (file:///C:/code/zentala.eu/node_modules/astro/dist/core/middleware/callMiddleware.js:21:10) @ http://localhost:4322/@vite/client:1385
[ 1112455ms] [ERROR] [vite] Internal Server Error
Cannot read properties of undefined (reading &#39;localeCompare&#39;)
TypeError: Cannot read properties of undefined (reading 'localeCompare')
    at C:\code\zentala.eu\src\pages\resources\index.astro:13:30
    at Array.sort (<anonymous>)
    at C:\code\zentala.eu\src\pages\resources\index.astro:13:4
    at index (C:\code\zentala.eu\node_modules\astro\dist\runtime\server\astro-component.js:16:12)
    at callComponentAsTemplateResultOrResponse (file:///C:/code/zentala.eu/node_modules/astro/dist/runtime/server/render/astro/render.js:90:31)
    at renderToAsyncIterable (file:///C:/code/zentala.eu/node_modules/astro/dist/runtime/server/render/astro/render.js:132:32)
    at renderPage (file:///C:/code/zentala.eu/node_modules/astro/dist/runtime/server/render/page.js:31:30)
    at lastNext (file:///C:/code/zentala.eu/node_modules/astro/dist/core/render-context.js:133:31)
    at process.processTicksAndRejections (node:internal/process/task_queues:105:5)
    at async callMiddleware (file:///C:/code/zentala.eu/node_modules/astro/dist/core/middleware/callMiddleware.js:21:10) @ http://localhost:4322/@vite/client:1385
[ 1112607ms] [ERROR] Failed to load resource: the server responded with a status of 500 (Internal Server Error) @ http://localhost:4322/resources:0
[ 1112797ms] [ERROR] Failed to load resource: the server responded with a status of 500 (Internal Server Error) @ http://localhost:4322/resources:0
[ 1113010ms] [ERROR] [vite] Internal Server Error
Cannot read properties of undefined (reading &#39;localeCompare&#39;)
TypeError: Cannot read properties of undefined (reading 'localeCompare')
    at C:\code\zentala.eu\src\pages\resources\index.astro:13:30
    at Array.sort (<anonymous>)
    at C:\code\zentala.eu\src\pages\resources\index.astro:13:4
    at index (C:\code\zentala.eu\node_modules\astro\dist\runtime\server\astro-component.js:16:12)
    at callComponentAsTemplateResultOrResponse (file:///C:/code/zentala.eu/node_modules/astro/dist/runtime/server/render/astro/render.js:90:31)
    at renderToAsyncIterable (file:///C:/code/zentala.eu/node_modules/astro/dist/runtime/server/render/astro/render.js:132:32)
    at renderPage (file:///C:/code/zentala.eu/node_modules/astro/dist/runtime/server/render/page.js:31:30)
    at lastNext (file:///C:/code/zentala.eu/node_modules/astro/dist/core/render-context.js:133:31)
    at process.processTicksAndRejections (node:internal/process/task_queues:105:5)
    at async callMiddleware (file:///C:/code/zentala.eu/node_modules/astro/dist/core/middleware/callMiddleware.js:21:10) @ http://localhost:4322/@vite/client:1385
[ 1113123ms] [ERROR] Failed to load resource: the server responded with a status of 500 (Internal Server Error) @ http://localhost:4322/resources:0
[ 1113337ms] [ERROR] Failed to load resource: the server responded with a status of 500 (Internal Server Error) @ http://localhost:4322/resources:0
[ 1113554ms] [ERROR] [vite] Internal Server Error
Cannot read properties of undefined (reading &#39;localeCompare&#39;)
TypeError: Cannot read properties of undefined (reading 'localeCompare')
    at C:\code\zentala.eu\src\pages\resources\index.astro:13:30
    at Array.sort (<anonymous>)
    at C:\code\zentala.eu\src\pages\resources\index.astro:13:4
    at index (C:\code\zentala.eu\node_modules\astro\dist\runtime\server\astro-component.js:16:12)
    at callComponentAsTemplateResultOrResponse (file:///C:/code/zentala.eu/node_modules/astro/dist/runtime/server/render/astro/render.js:90:31)
    at renderToAsyncIterable (file:///C:/code/zentala.eu/node_modules/astro/dist/runtime/server/render/astro/render.js:132:32)
    at renderPage (file:///C:/code/zentala.eu/node_modules/astro/dist/runtime/server/render/page.js:31:30)
    at lastNext (file:///C:/code/zentala.eu/node_modules/astro/dist/core/render-context.js:133:31)
    at process.processTicksAndRejections (node:internal/process/task_queues:105:5)
    at async callMiddleware (file:///C:/code/zentala.eu/node_modules/astro/dist/core/middleware/callMiddleware.js:21:10) @ http://localhost:4322/@vite/client:1385
[ 1113652ms] [ERROR] Failed to load resource: the server responded with a status of 500 (Internal Server Error) @ http://localhost:4322/resources:0
[ 1113866ms] [ERROR] [vite] Internal Server Error
Cannot read properties of undefined (reading &#39;localeCompare&#39;)
TypeError: Cannot read properties of undefined (reading 'localeCompare')
    at C:\code\zentala.eu\src\pages\resources\index.astro:13:30
    at Array.sort (<anonymous>)
    at C:\code\zentala.eu\src\pages\resources\index.astro:13:4
    at index (C:\code\zentala.eu\node_modules\astro\dist\runtime\server\astro-component.js:16:12)
    at callComponentAsTemplateResultOrResponse (file:///C:/code/zentala.eu/node_modules/astro/dist/runtime/server/render/astro/render.js:90:31)
    at renderToAsyncIterable (file:///C:/code/zentala.eu/node_modules/astro/dist/runtime/server/render/astro/render.js:132:32)
    at renderPage (file:///C:/code/zentala.eu/node_modules/astro/dist/runtime/server/render/page.js:31:30)
    at lastNext (file:///C:/code/zentala.eu/node_modules/astro/dist/core/render-context.js:133:31)
    at process.processTicksAndRejections (node:internal/process/task_queues:105:5)
    at async callMiddleware (file:///C:/code/zentala.eu/node_modules/astro/dist/core/middleware/callMiddleware.js:21:10) @ http://localhost:4322/@vite/client:1385
[ 1114082ms] [ERROR] Failed to load resource: the server responded with a status of 500 (Internal Server Error) @ http://localhost:4322/resources:0
[ 1114300ms] [ERROR] [vite] Internal Server Error
Cannot read properties of undefined (reading &#39;localeCompare&#39;)
TypeError: Cannot read properties of undefined (reading 'localeCompare')
    at C:\code\zentala.eu\src\pages\resources\index.astro:13:30
    at Array.sort (<anonymous>)
    at C:\code\zentala.eu\src\pages\resources\index.astro:13:4
    at index (C:\code\zentala.eu\node_modules\astro\dist\runtime\server\astro-component.js:16:12)
    at callComponentAsTemplateResultOrResponse (file:///C:/code/zentala.eu/node_modules/astro/dist/runtime/server/render/astro/render.js:90:31)
    at renderToAsyncIterable (file:///C:/code/zentala.eu/node_modules/astro/dist/runtime/server/render/astro/render.js:132:32)
    at renderPage (file:///C:/code/zentala.eu/node_modules/astro/dist/runtime/server/render/page.js:31:30)
    at lastNext (file:///C:/code/zentala.eu/node_modules/astro/dist/core/render-context.js:133:31)
    at process.processTicksAndRejections (node:internal/process/task_queues:105:5)
    at async callMiddleware (file:///C:/code/zentala.eu/node_modules/astro/dist/core/middleware/callMiddleware.js:21:10) @ http://localhost:4322/@vite/client:1385
[ 1114519ms] [ERROR] Failed to load resource: the server responded with a status of 500 (Internal Server Error) @ http://localhost:4322/resources:0
[ 1114743ms] [ERROR] Failed to load resource: the server responded with a status of 500 (Internal Server Error) @ http://localhost:4322/resources:0
[ 1114964ms] [ERROR] [vite] Internal Server Error
Cannot read properties of undefined (reading &#39;localeCompare&#39;)
TypeError: Cannot read properties of undefined (reading 'localeCompare')
    at C:\code\zentala.eu\src\pages\resources\index.astro:13:30
    at Array.sort (<anonymous>)
    at C:\code\zentala.eu\src\pages\resources\index.astro:13:4
    at index (C:\code\zentala.eu\node_modules\astro\dist\runtime\server\astro-component.js:16:12)
    at callComponentAsTemplateResultOrResponse (file:///C:/code/zentala.eu/node_modules/astro/dist/runtime/server/render/astro/render.js:90:31)
    at renderToAsyncIterable (file:///C:/code/zentala.eu/node_modules/astro/dist/runtime/server/render/astro/render.js:132:32)
    at renderPage (file:///C:/code/zentala.eu/node_modules/astro/dist/runtime/server/render/page.js:31:30)
    at lastNext (file:///C:/code/zentala.eu/node_modules/astro/dist/core/render-context.js:133:31)
    at process.processTicksAndRejections (node:internal/process/task_queues:105:5)
    at async callMiddleware (file:///C:/code/zentala.eu/node_modules/astro/dist/core/middleware/callMiddleware.js:21:10) @ http://localhost:4322/@vite/client:1385
[ 1115141ms] [ERROR] Failed to load resource: the server responded with a status of 500 (Internal Server Error) @ http://localhost:4322/resources:0
[ 1115358ms] [ERROR] [vite] Internal Server Error
Cannot read properties of undefined (reading &#39;localeCompare&#39;)
TypeError: Cannot read properties of undefined (reading 'localeCompare')
    at C:\code\zentala.eu\src\pages\resources\index.astro:13:30
    at Array.sort (<anonymous>)
    at C:\code\zentala.eu\src\pages\resources\index.astro:13:4
    at index (C:\code\zentala.eu\node_modules\astro\dist\runtime\server\astro-component.js:16:12)
    at callComponentAsTemplateResultOrResponse (file:///C:/code/zentala.eu/node_modules/astro/dist/runtime/server/render/astro/render.js:90:31)
    at renderToAsyncIterable (file:///C:/code/zentala.eu/node_modules/astro/dist/runtime/server/render/astro/render.js:132:32)
    at renderPage (file:///C:/code/zentala.eu/node_modules/astro/dist/runtime/server/render/page.js:31:30)
    at lastNext (file:///C:/code/zentala.eu/node_modules/astro/dist/core/render-context.js:133:31)
    at process.processTicksAndRejections (node:internal/process/task_queues:105:5)
    at async callMiddleware (file:///C:/code/zentala.eu/node_modules/astro/dist/core/middleware/callMiddleware.js:21:10) @ http://localhost:4322/@vite/client:1385
[ 1115463ms] [ERROR] Failed to load resource: the server responded with a status of 500 (Internal Server Error) @ http://localhost:4322/resources:0
[ 1115561ms] [ERROR] Failed to load resource: the server responded with a status of 500 (Internal Server Error) @ http://localhost:4322/resources:0
[ 1115670ms] [ERROR] [vite] Internal Server Error
Cannot read properties of undefined (reading &#39;localeCompare&#39;)
TypeError: Cannot read properties of undefined (reading 'localeCompare')
    at C:\code\zentala.eu\src\pages\resources\index.astro:13:30
    at Array.sort (<anonymous>)
    at C:\code\zentala.eu\src\pages\resources\index.astro:13:4
    at index (C:\code\zentala.eu\node_modules\astro\dist\runtime\server\astro-component.js:16:12)
    at callComponentAsTemplateResultOrResponse (file:///C:/code/zentala.eu/node_modules/astro/dist/runtime/server/render/astro/render.js:90:31)
    at renderToAsyncIterable (file:///C:/code/zentala.eu/node_modules/astro/dist/runtime/server/render/astro/render.js:132:32)
    at renderPage (file:///C:/code/zentala.eu/node_modules/astro/dist/runtime/server/render/page.js:31:30)
    at lastNext (file:///C:/code/zentala.eu/node_modules/astro/dist/core/render-context.js:133:31)
    at process.processTicksAndRejections (node:internal/process/task_queues:105:5)
    at async callMiddleware (file:///C:/code/zentala.eu/node_modules/astro/dist/core/middleware/callMiddleware.js:21:10) @ http://localhost:4322/@vite/client:1385
[ 1115771ms] [ERROR] Failed to load resource: the server responded with a status of 500 (Internal Server Error) @ http://localhost:4322/resources:0
[ 1115979ms] [ERROR] [vite] Internal Server Error
Cannot read properties of undefined (reading &#39;localeCompare&#39;)
TypeError: Cannot read properties of undefined (reading 'localeCompare')
    at C:\code\zentala.eu\src\pages\resources\index.astro:13:30
    at Array.sort (<anonymous>)
    at C:\code\zentala.eu\src\pages\resources\index.astro:13:4
    at index (C:\code\zentala.eu\node_modules\astro\dist\runtime\server\astro-component.js:16:12)
    at callComponentAsTemplateResultOrResponse (file:///C:/code/zentala.eu/node_modules/astro/dist/runtime/server/render/astro/render.js:90:31)
    at renderToAsyncIterable (file:///C:/code/zentala.eu/node_modules/astro/dist/runtime/server/render/astro/render.js:132:32)
    at renderPage (file:///C:/code/zentala.eu/node_modules/astro/dist/runtime/server/render/page.js:31:30)
    at lastNext (file:///C:/code/zentala.eu/node_modules/astro/dist/core/render-context.js:133:31)
    at process.processTicksAndRejections (node:internal/process/task_queues:105:5)
    at async callMiddleware (file:///C:/code/zentala.eu/node_modules/astro/dist/core/middleware/callMiddleware.js:21:10) @ http://localhost:4322/@vite/client:1385
[ 1116109ms] [ERROR] Failed to load resource: the server responded with a status of 500 (Internal Server Error) @ http://localhost:4322/resources:0
[ 1116314ms] [ERROR] [vite] Internal Server Error
Cannot read properties of undefined (reading &#39;localeCompare&#39;)
TypeError: Cannot read properties of undefined (reading 'localeCompare')
    at C:\code\zentala.eu\src\pages\resources\index.astro:13:30
    at Array.sort (<anonymous>)
    at C:\code\zentala.eu\src\pages\resources\index.astro:13:4
    at index (C:\code\zentala.eu\node_modules\astro\dist\runtime\server\astro-component.js:16:12)
    at callComponentAsTemplateResultOrResponse (file:///C:/code/zentala.eu/node_modules/astro/dist/runtime/server/render/astro/render.js:90:31)
    at renderToAsyncIterable (file:///C:/code/zentala.eu/node_modules/astro/dist/runtime/server/render/astro/render.js:132:32)
    at renderPage (file:///C:/code/zentala.eu/node_modules/astro/dist/runtime/server/render/page.js:31:30)
    at lastNext (file:///C:/code/zentala.eu/node_modules/astro/dist/core/render-context.js:133:31)
    at process.processTicksAndRejections (node:internal/process/task_queues:105:5)
    at async callMiddleware (file:///C:/code/zentala.eu/node_modules/astro/dist/core/middleware/callMiddleware.js:21:10) @ http://localhost:4322/@vite/client:1385
[ 1116444ms] [ERROR] Failed to load resource: the server responded with a status of 500 (Internal Server Error) @ http://localhost:4322/resources:0
[ 1116639ms] [ERROR] Failed to load resource: the server responded with a status of 500 (Internal Server Error) @ http://localhost:4322/resources:0
[ 1116854ms] [ERROR] [vite] Internal Server Error
Cannot read properties of undefined (reading &#39;localeCompare&#39;)
TypeError: Cannot read properties of undefined (reading 'localeCompare')
    at C:\code\zentala.eu\src\pages\resources\index.astro:13:30
    at Array.sort (<anonymous>)
    at C:\code\zentala.eu\src\pages\resources\index.astro:13:4
    at index (C:\code\zentala.eu\node_modules\astro\dist\runtime\server\astro-component.js:16:12)
    at callComponentAsTemplateResultOrResponse (file:///C:/code/zentala.eu/node_modules/astro/dist/runtime/server/render/astro/render.js:90:31)
    at renderToAsyncIterable (file:///C:/code/zentala.eu/node_modules/astro/dist/runtime/server/render/astro/render.js:132:32)
    at renderPage (file:///C:/code/zentala.eu/node_modules/astro/dist/runtime/server/render/page.js:31:30)
    at lastNext (file:///C:/code/zentala.eu/node_modules/astro/dist/core/render-context.js:133:31)
    at process.processTicksAndRejections (node:internal/process/task_queues:105:5)
    at async callMiddleware (file:///C:/code/zentala.eu/node_modules/astro/dist/core/middleware/callMiddleware.js:21:10) @ http://localhost:4322/@vite/client:1385
[ 1116975ms] [ERROR] Failed to load resource: the server responded with a status of 500 (Internal Server Error) @ http://localhost:4322/resources:0
[ 1117074ms] [ERROR] Failed to load resource: the server responded with a status of 500 (Internal Server Error) @ http://localhost:4322/resources:0
[ 1117186ms] [ERROR] Failed to load resource: the server responded with a status of 500 (Internal Server Error) @ http://localhost:4322/resources:0
[ 1117294ms] [ERROR] [vite] Internal Server Error
Cannot read properties of undefined (reading &#39;localeCompare&#39;)
TypeError: Cannot read properties of undefined (reading 'localeCompare')
    at C:\code\zentala.eu\src\pages\resources\index.astro:13:30
    at Array.sort (<anonymous>)
    at C:\code\zentala.eu\src\pages\resources\index.astro:13:4
    at index (C:\code\zentala.eu\node_modules\astro\dist\runtime\server\astro-component.js:16:12)
    at callComponentAsTemplateResultOrResponse (file:///C:/code/zentala.eu/node_modules/astro/dist/runtime/server/render/astro/render.js:90:31)
    at renderToAsyncIterable (file:///C:/code/zentala.eu/node_modules/astro/dist/runtime/server/render/astro/render.js:132:32)
    at renderPage (file:///C:/code/zentala.eu/node_modules/astro/dist/runtime/server/render/page.js:31:30)
    at lastNext (file:///C:/code/zentala.eu/node_modules/astro/dist/core/render-context.js:133:31)
    at process.processTicksAndRejections (node:internal/process/task_queues:105:5)
    at async callMiddleware (file:///C:/code/zentala.eu/node_modules/astro/dist/core/middleware/callMiddleware.js:21:10) @ http://localhost:4322/@vite/client:1385
[ 1117400ms] [ERROR] Failed to load resource: the server responded with a status of 500 (Internal Server Error) @ http://localhost:4322/resources:0
[ 1117505ms] [ERROR] Failed to load resource: the server responded with a status of 500 (Internal Server Error) @ http://localhost:4322/resources:0
[ 1117607ms] [ERROR] [vite] Internal Server Error
Cannot read properties of undefined (reading &#39;localeCompare&#39;)
TypeError: Cannot read properties of undefined (reading 'localeCompare')
    at C:\code\zentala.eu\src\pages\resources\index.astro:13:30
    at Array.sort (<anonymous>)
    at C:\code\zentala.eu\src\pages\resources\index.astro:13:4
    at index (C:\code\zentala.eu\node_modules\astro\dist\runtime\server\astro-component.js:16:12)
    at callComponentAsTemplateResultOrResponse (file:///C:/code/zentala.eu/node_modules/astro/dist/runtime/server/render/astro/render.js:90:31)
    at renderToAsyncIterable (file:///C:/code/zentala.eu/node_modules/astro/dist/runtime/server/render/astro/render.js:132:32)
    at renderPage (file:///C:/code/zentala.eu/node_modules/astro/dist/runtime/server/render/page.js:31:30)
    at lastNext (file:///C:/code/zentala.eu/node_modules/astro/dist/core/render-context.js:133:31)
    at process.processTicksAndRejections (node:internal/process/task_queues:105:5)
    at async callMiddleware (file:///C:/code/zentala.eu/node_modules/astro/dist/core/middleware/callMiddleware.js:21:10) @ http://localhost:4322/@vite/client:1385
[ 1117717ms] [ERROR] Failed to load resource: the server responded with a status of 500 (Internal Server Error) @ http://localhost:4322/resources:0
[ 1117920ms] [ERROR] [vite] Internal Server Error
Cannot read properties of undefined (reading &#39;localeCompare&#39;)
TypeError: Cannot read properties of undefined (reading 'localeCompare')
    at C:\code\zentala.eu\src\pages\resources\index.astro:13:30
    at Array.sort (<anonymous>)
    at C:\code\zentala.eu\src\pages\resources\index.astro:13:4
    at index (C:\code\zentala.eu\node_modules\astro\dist\runtime\server\astro-component.js:16:12)
    at callComponentAsTemplateResultOrResponse (file:///C:/code/zentala.eu/node_modules/astro/dist/runtime/server/render/astro/render.js:90:31)
    at renderToAsyncIterable (file:///C:/code/zentala.eu/node_modules/astro/dist/runtime/server/render/astro/render.js:132:32)
    at renderPage (file:///C:/code/zentala.eu/node_modules/astro/dist/runtime/server/render/page.js:31:30)
    at lastNext (file:///C:/code/zentala.eu/node_modules/astro/dist/core/render-context.js:133:31)
    at process.processTicksAndRejections (node:internal/process/task_queues:105:5)
    at async callMiddleware (file:///C:/code/zentala.eu/node_modules/astro/dist/core/middleware/callMiddleware.js:21:10) @ http://localhost:4322/@vite/client:1385
[ 1118037ms] [ERROR] Failed to load resource: the server responded with a status of 500 (Internal Server Error) @ http://localhost:4322/resources:0
[ 1118123ms] [ERROR] Failed to load resource: the server responded with a status of 500 (Internal Server Error) @ http://localhost:4322/resources:0
[ 1118236ms] [ERROR] Failed to load resource: the server responded with a status of 500 (Internal Server Error) @ http://localhost:4322/resources:0
[ 1118337ms] [ERROR] [vite] Internal Server Error
Cannot read properties of undefined (reading &#39;localeCompare&#39;)
TypeError: Cannot read properties of undefined (reading 'localeCompare')
    at C:\code\zentala.eu\src\pages\resources\index.astro:13:30
    at Array.sort (<anonymous>)
    at C:\code\zentala.eu\src\pages\resources\index.astro:13:4
    at index (C:\code\zentala.eu\node_modules\astro\dist\runtime\server\astro-component.js:16:12)
    at callComponentAsTemplateResultOrResponse (file:///C:/code/zentala.eu/node_modules/astro/dist/runtime/server/render/astro/render.js:90:31)
    at renderToAsyncIterable (file:///C:/code/zentala.eu/node_modules/astro/dist/runtime/server/render/astro/render.js:132:32)
    at renderPage (file:///C:/code/zentala.eu/node_modules/astro/dist/runtime/server/render/page.js:31:30)
    at lastNext (file:///C:/code/zentala.eu/node_modules/astro/dist/core/render-context.js:133:31)
    at process.processTicksAndRejections (node:internal/process/task_queues:105:5)
    at async callMiddleware (file:///C:/code/zentala.eu/node_modules/astro/dist/core/middleware/callMiddleware.js:21:10) @ http://localhost:4322/@vite/client:1385
[ 1118447ms] [ERROR] [vite] Internal Server Error
Cannot read properties of undefined (reading &#39;localeCompare&#39;)
TypeError: Cannot read properties of undefined (reading 'localeCompare')
    at C:\code\zentala.eu\src\pages\resources\index.astro:13:30
    at Array.sort (<anonymous>)
    at C:\code\zentala.eu\src\pages\resources\index.astro:13:4
    at index (C:\code\zentala.eu\node_modules\astro\dist\runtime\server\astro-component.js:16:12)
    at callComponentAsTemplateResultOrResponse (file:///C:/code/zentala.eu/node_modules/astro/dist/runtime/server/render/astro/render.js:90:31)
    at renderToAsyncIterable (file:///C:/code/zentala.eu/node_modules/astro/dist/runtime/server/render/astro/render.js:132:32)
    at renderPage (file:///C:/code/zentala.eu/node_modules/astro/dist/runtime/server/render/page.js:31:30)
    at lastNext (file:///C:/code/zentala.eu/node_modules/astro/dist/core/render-context.js:133:31)
    at process.processTicksAndRejections (node:internal/process/task_queues:105:5)
    at async callMiddleware (file:///C:/code/zentala.eu/node_modules/astro/dist/core/middleware/callMiddleware.js:21:10) @ http://localhost:4322/@vite/client:1385
[ 1118462ms] [ERROR] Failed to load resource: the server responded with a status of 500 (Internal Server Error) @ http://localhost:4322/resources:0
[ 1118679ms] [ERROR] [vite] Internal Server Error
Cannot read properties of undefined (reading &#39;localeCompare&#39;)
TypeError: Cannot read properties of undefined (reading 'localeCompare')
    at C:\code\zentala.eu\src\pages\resources\index.astro:13:30
    at Array.sort (<anonymous>)
    at C:\code\zentala.eu\src\pages\resources\index.astro:13:4
    at index (C:\code\zentala.eu\node_modules\astro\dist\runtime\server\astro-component.js:16:12)
    at callComponentAsTemplateResultOrResponse (file:///C:/code/zentala.eu/node_modules/astro/dist/runtime/server/render/astro/render.js:90:31)
    at renderToAsyncIterable (file:///C:/code/zentala.eu/node_modules/astro/dist/runtime/server/render/astro/render.js:132:32)
    at renderPage (file:///C:/code/zentala.eu/node_modules/astro/dist/runtime/server/render/page.js:31:30)
    at lastNext (file:///C:/code/zentala.eu/node_modules/astro/dist/core/render-context.js:133:31)
    at process.processTicksAndRejections (node:internal/process/task_queues:105:5)
    at async callMiddleware (file:///C:/code/zentala.eu/node_modules/astro/dist/core/middleware/callMiddleware.js:21:10) @ http://localhost:4322/@vite/client:1385
[ 1118791ms] [ERROR] Failed to load resource: the server responded with a status of 500 (Internal Server Error) @ http://localhost:4322/resources:0
[ 1119000ms] [ERROR] [vite] Internal Server Error
Cannot read properties of undefined (reading &#39;localeCompare&#39;)
TypeError: Cannot read properties of undefined (reading 'localeCompare')
    at C:\code\zentala.eu\src\pages\resources\index.astro:13:30
    at Array.sort (<anonymous>)
    at C:\code\zentala.eu\src\pages\resources\index.astro:13:4
    at index (C:\code\zentala.eu\node_modules\astro\dist\runtime\server\astro-component.js:16:12)
    at callComponentAsTemplateResultOrResponse (file:///C:/code/zentala.eu/node_modules/astro/dist/runtime/server/render/astro/render.js:90:31)
    at renderToAsyncIterable (file:///C:/code/zentala.eu/node_modules/astro/dist/runtime/server/render/astro/render.js:132:32)
    at renderPage (file:///C:/code/zentala.eu/node_modules/astro/dist/runtime/server/render/page.js:31:30)
    at lastNext (file:///C:/code/zentala.eu/node_modules/astro/dist/core/render-context.js:133:31)
    at process.processTicksAndRejections (node:internal/process/task_queues:105:5)
    at async callMiddleware (file:///C:/code/zentala.eu/node_modules/astro/dist/core/middleware/callMiddleware.js:21:10) @ http://localhost:4322/@vite/client:1385
[ 1119108ms] [ERROR] Failed to load resource: the server responded with a status of 500 (Internal Server Error) @ http://localhost:4322/resources:0
[ 1119324ms] [ERROR] [vite] Internal Server Error
Cannot read properties of undefined (reading &#39;localeCompare&#39;)
TypeError: Cannot read properties of undefined (reading 'localeCompare')
    at C:\code\zentala.eu\src\pages\resources\index.astro:13:30
    at Array.sort (<anonymous>)
    at C:\code\zentala.eu\src\pages\resources\index.astro:13:4
    at index (C:\code\zentala.eu\node_modules\astro\dist\runtime\server\astro-component.js:16:12)
    at callComponentAsTemplateResultOrResponse (file:///C:/code/zentala.eu/node_modules/astro/dist/runtime/server/render/astro/render.js:90:31)
    at renderToAsyncIterable (file:///C:/code/zentala.eu/node_modules/astro/dist/runtime/server/render/astro/render.js:132:32)
    at renderPage (file:///C:/code/zentala.eu/node_modules/astro/dist/runtime/server/render/page.js:31:30)
    at lastNext (file:///C:/code/zentala.eu/node_modules/astro/dist/core/render-context.js:133:31)
    at process.processTicksAndRejections (node:internal/process/task_queues:105:5)
    at async callMiddleware (file:///C:/code/zentala.eu/node_modules/astro/dist/core/middleware/callMiddleware.js:21:10) @ http://localhost:4322/@vite/client:1385
[ 1119408ms] [ERROR] Failed to load resource: the server responded with a status of 500 (Internal Server Error) @ http://localhost:4322/resources:0
[ 1119531ms] [ERROR] Failed to load resource: the server responded with a status of 500 (Internal Server Error) @ http://localhost:4322/resources:0
[ 1119628ms] [ERROR] [vite] Internal Server Error
Cannot read properties of undefined (reading &#39;localeCompare&#39;)
TypeError: Cannot read properties of undefined (reading 'localeCompare')
    at C:\code\zentala.eu\src\pages\resources\index.astro:13:30
    at Array.sort (<anonymous>)
    at C:\code\zentala.eu\src\pages\resources\index.astro:13:4
    at index (C:\code\zentala.eu\node_modules\astro\dist\runtime\server\astro-component.js:16:12)
    at callComponentAsTemplateResultOrResponse (file:///C:/code/zentala.eu/node_modules/astro/dist/runtime/server/render/astro/render.js:90:31)
    at renderToAsyncIterable (file:///C:/code/zentala.eu/node_modules/astro/dist/runtime/server/render/astro/render.js:132:32)
    at renderPage (file:///C:/code/zentala.eu/node_modules/astro/dist/runtime/server/render/page.js:31:30)
    at lastNext (file:///C:/code/zentala.eu/node_modules/astro/dist/core/render-context.js:133:31)
    at process.processTicksAndRejections (node:internal/process/task_queues:105:5)
    at async callMiddleware (file:///C:/code/zentala.eu/node_modules/astro/dist/core/middleware/callMiddleware.js:21:10) @ http://localhost:4322/@vite/client:1385
[ 1119738ms] [ERROR] [vite] Internal Server Error
Cannot read properties of undefined (reading &#39;localeCompare&#39;)
TypeError: Cannot read properties of undefined (reading 'localeCompare')
    at C:\code\zentala.eu\src\pages\resources\index.astro:13:30
    at Array.sort (<anonymous>)
    at C:\code\zentala.eu\src\pages\resources\index.astro:13:4
    at index (C:\code\zentala.eu\node_modules\astro\dist\runtime\server\astro-component.js:16:12)
    at callComponentAsTemplateResultOrResponse (file:///C:/code/zentala.eu/node_modules/astro/dist/runtime/server/render/astro/render.js:90:31)
    at renderToAsyncIterable (file:///C:/code/zentala.eu/node_modules/astro/dist/runtime/server/render/astro/render.js:132:32)
    at renderPage (file:///C:/code/zentala.eu/node_modules/astro/dist/runtime/server/render/page.js:31:30)
    at lastNext (file:///C:/code/zentala.eu/node_modules/astro/dist/core/render-context.js:133:31)
    at process.processTicksAndRejections (node:internal/process/task_queues:105:5)
    at async callMiddleware (file:///C:/code/zentala.eu/node_modules/astro/dist/core/middleware/callMiddleware.js:21:10) @ http://localhost:4322/@vite/client:1385
[ 1119755ms] [ERROR] Failed to load resource: the server responded with a status of 500 (Internal Server Error) @ http://localhost:4322/resources:0
[ 1119968ms] [ERROR] [vite] Internal Server Error
Cannot read properties of undefined (reading &#39;localeCompare&#39;)
TypeError: Cannot read properties of undefined (reading 'localeCompare')
    at C:\code\zentala.eu\src\pages\resources\index.astro:13:30
    at Array.sort (<anonymous>)
    at C:\code\zentala.eu\src\pages\resources\index.astro:13:4
    at index (C:\code\zentala.eu\node_modules\astro\dist\runtime\server\astro-component.js:16:12)
    at callComponentAsTemplateResultOrResponse (file:///C:/code/zentala.eu/node_modules/astro/dist/runtime/server/render/astro/render.js:90:31)
    at renderToAsyncIterable (file:///C:/code/zentala.eu/node_modules/astro/dist/runtime/server/render/astro/render.js:132:32)
    at renderPage (file:///C:/code/zentala.eu/node_modules/astro/dist/runtime/server/render/page.js:31:30)
    at lastNext (file:///C:/code/zentala.eu/node_modules/astro/dist/core/render-context.js:133:31)
    at process.processTicksAndRejections (node:internal/process/task_queues:105:5)
    at async callMiddleware (file:///C:/code/zentala.eu/node_modules/astro/dist/core/middleware/callMiddleware.js:21:10) @ http://localhost:4322/@vite/client:1385
[ 1120068ms] [ERROR] Failed to load resource: the server responded with a status of 500 (Internal Server Error) @ http://localhost:4322/resources:0
[ 1120182ms] [ERROR] Failed to load resource: the server responded with a status of 500 (Internal Server Error) @ http://localhost:4322/resources:0
[ 1120298ms] [ERROR] [vite] Internal Server Error
Cannot read properties of undefined (reading &#39;localeCompare&#39;)
TypeError: Cannot read properties of undefined (reading 'localeCompare')
    at C:\code\zentala.eu\src\pages\resources\index.astro:13:30
    at Array.sort (<anonymous>)
    at C:\code\zentala.eu\src\pages\resources\index.astro:13:4
    at index (C:\code\zentala.eu\node_modules\astro\dist\runtime\server\astro-component.js:16:12)
    at callComponentAsTemplateResultOrResponse (file:///C:/code/zentala.eu/node_modules/astro/dist/runtime/server/render/astro/render.js:90:31)
    at renderToAsyncIterable (file:///C:/code/zentala.eu/node_modules/astro/dist/runtime/server/render/astro/render.js:132:32)
    at renderPage (file:///C:/code/zentala.eu/node_modules/astro/dist/runtime/server/render/page.js:31:30)
    at lastNext (file:///C:/code/zentala.eu/node_modules/astro/dist/core/render-context.js:133:31)
    at process.processTicksAndRejections (node:internal/process/task_queues:105:5)
    at async callMiddleware (file:///C:/code/zentala.eu/node_modules/astro/dist/core/middleware/callMiddleware.js:21:10) @ http://localhost:4322/@vite/client:1385
[ 1120391ms] [ERROR] Failed to load resource: the server responded with a status of 500 (Internal Server Error) @ http://localhost:4322/resources:0
[ 1120623ms] [ERROR] [vite] Internal Server Error
Cannot read properties of undefined (reading &#39;localeCompare&#39;)
TypeError: Cannot read properties of undefined (reading 'localeCompare')
    at C:\code\zentala.eu\src\pages\resources\index.astro:13:30
    at Array.sort (<anonymous>)
    at C:\code\zentala.eu\src\pages\resources\index.astro:13:4
    at index (C:\code\zentala.eu\node_modules\astro\dist\runtime\server\astro-component.js:16:12)
    at callComponentAsTemplateResultOrResponse (file:///C:/code/zentala.eu/node_modules/astro/dist/runtime/server/render/astro/render.js:90:31)
    at renderToAsyncIterable (file:///C:/code/zentala.eu/node_modules/astro/dist/runtime/server/render/astro/render.js:132:32)
    at renderPage (file:///C:/code/zentala.eu/node_modules/astro/dist/runtime/server/render/page.js:31:30)
    at lastNext (file:///C:/code/zentala.eu/node_modules/astro/dist/core/render-context.js:133:31)
    at process.processTicksAndRejections (node:internal/process/task_queues:105:5)
    at async callMiddleware (file:///C:/code/zentala.eu/node_modules/astro/dist/core/middleware/callMiddleware.js:21:10) @ http://localhost:4322/@vite/client:1385
[ 1121145ms] [ERROR] Failed to load resource: the server responded with a status of 500 (Internal Server Error) @ http://localhost:4322/resources:0
[ 1121437ms] [ERROR] [vite] Internal Server Error
Cannot read properties of undefined (reading &#39;localeCompare&#39;)
TypeError: Cannot read properties of undefined (reading 'localeCompare')
    at C:\code\zentala.eu\src\pages\resources\index.astro:13:30
    at Array.sort (<anonymous>)
    at C:\code\zentala.eu\src\pages\resources\index.astro:13:4
    at index (C:\code\zentala.eu\node_modules\astro\dist\runtime\server\astro-component.js:16:12)
    at callComponentAsTemplateResultOrResponse (file:///C:/code/zentala.eu/node_modules/astro/dist/runtime/server/render/astro/render.js:90:31)
    at renderToAsyncIterable (file:///C:/code/zentala.eu/node_modules/astro/dist/runtime/server/render/astro/render.js:132:32)
    at renderPage (file:///C:/code/zentala.eu/node_modules/astro/dist/runtime/server/render/page.js:31:30)
    at lastNext (file:///C:/code/zentala.eu/node_modules/astro/dist/core/render-context.js:133:31)
    at async callMiddleware (file:///C:/code/zentala.eu/node_modules/astro/dist/core/middleware/callMiddleware.js:21:10)
    at async RenderContext.render (file:///C:/code/zentala.eu/node_modules/astro/dist/core/render-context.js:161:22) @ http://localhost:4322/@vite/client:1385
[ 1121746ms] [ERROR] Failed to load resource: the server responded with a status of 500 (Internal Server Error) @ http://localhost:4322/resources:0
[ 1121870ms] [ERROR] Failed to load resource: the server responded with a status of 500 (Internal Server Error) @ http://localhost:4322/resources:0
[ 1121962ms] [ERROR] [vite] Internal Server Error
Cannot read properties of undefined (reading &#39;localeCompare&#39;)
TypeError: Cannot read properties of undefined (reading 'localeCompare')
    at C:\code\zentala.eu\src\pages\resources\index.astro:13:30
    at Array.sort (<anonymous>)
    at C:\code\zentala.eu\src\pages\resources\index.astro:13:4
    at index (C:\code\zentala.eu\node_modules\astro\dist\runtime\server\astro-component.js:16:12)
    at callComponentAsTemplateResultOrResponse (file:///C:/code/zentala.eu/node_modules/astro/dist/runtime/server/render/astro/render.js:90:31)
    at renderToAsyncIterable (file:///C:/code/zentala.eu/node_modules/astro/dist/runtime/server/render/astro/render.js:132:32)
    at renderPage (file:///C:/code/zentala.eu/node_modules/astro/dist/runtime/server/render/page.js:31:30)
    at lastNext (file:///C:/code/zentala.eu/node_modules/astro/dist/core/render-context.js:133:31)
    at async callMiddleware (file:///C:/code/zentala.eu/node_modules/astro/dist/core/middleware/callMiddleware.js:21:10)
    at async RenderContext.render (file:///C:/code/zentala.eu/node_modules/astro/dist/core/render-context.js:161:22) @ http://localhost:4322/@vite/client:1385
[ 1121976ms] [ERROR] [vite] Internal Server Error
Cannot read properties of undefined (reading &#39;localeCompare&#39;)
TypeError: Cannot read properties of undefined (reading 'localeCompare')
    at C:\code\zentala.eu\src\pages\resources\index.astro:13:30
    at Array.sort (<anonymous>)
    at C:\code\zentala.eu\src\pages\resources\index.astro:13:4
    at index (C:\code\zentala.eu\node_modules\astro\dist\runtime\server\astro-component.js:16:12)
    at callComponentAsTemplateResultOrResponse (file:///C:/code/zentala.eu/node_modules/astro/dist/runtime/server/render/astro/render.js:90:31)
    at renderToAsyncIterable (file:///C:/code/zentala.eu/node_modules/astro/dist/runtime/server/render/astro/render.js:132:32)
    at renderPage (file:///C:/code/zentala.eu/node_modules/astro/dist/runtime/server/render/page.js:31:30)
    at lastNext (file:///C:/code/zentala.eu/node_modules/astro/dist/core/render-context.js:133:31)
    at async callMiddleware (file:///C:/code/zentala.eu/node_modules/astro/dist/core/middleware/callMiddleware.js:21:10)
    at async RenderContext.render (file:///C:/code/zentala.eu/node_modules/astro/dist/core/render-context.js:161:22) @ http://localhost:4322/@vite/client:1385
[ 1122092ms] [ERROR] [vite] Internal Server Error
Cannot read properties of undefined (reading &#39;localeCompare&#39;)
TypeError: Cannot read properties of undefined (reading 'localeCompare')
    at C:\code\zentala.eu\src\pages\resources\index.astro:13:30
    at Array.sort (<anonymous>)
    at C:\code\zentala.eu\src\pages\resources\index.astro:13:4
    at index (C:\code\zentala.eu\node_modules\astro\dist\runtime\server\astro-component.js:16:12)
    at callComponentAsTemplateResultOrResponse (file:///C:/code/zentala.eu/node_modules/astro/dist/runtime/server/render/astro/render.js:90:31)
    at renderToAsyncIterable (file:///C:/code/zentala.eu/node_modules/astro/dist/runtime/server/render/astro/render.js:132:32)
    at renderPage (file:///C:/code/zentala.eu/node_modules/astro/dist/runtime/server/render/page.js:31:30)
    at lastNext (file:///C:/code/zentala.eu/node_modules/astro/dist/core/render-context.js:133:31)
    at process.processTicksAndRejections (node:internal/process/task_queues:105:5)
    at async callMiddleware (file:///C:/code/zentala.eu/node_modules/astro/dist/core/middleware/callMiddleware.js:21:10) @ http://localhost:4322/@vite/client:1385
[ 1122121ms] [ERROR] Failed to load resource: the server responded with a status of 500 (Internal Server Error) @ http://localhost:4322/resources:0
[ 1122337ms] [ERROR] [vite] Internal Server Error
Cannot read properties of undefined (reading &#39;localeCompare&#39;)
TypeError: Cannot read properties of undefined (reading 'localeCompare')
    at C:\code\zentala.eu\src\pages\resources\index.astro:13:30
    at Array.sort (<anonymous>)
    at C:\code\zentala.eu\src\pages\resources\index.astro:13:4
    at index (C:\code\zentala.eu\node_modules\astro\dist\runtime\server\astro-component.js:16:12)
    at callComponentAsTemplateResultOrResponse (file:///C:/code/zentala.eu/node_modules/astro/dist/runtime/server/render/astro/render.js:90:31)
    at renderToAsyncIterable (file:///C:/code/zentala.eu/node_modules/astro/dist/runtime/server/render/astro/render.js:132:32)
    at renderPage (file:///C:/code/zentala.eu/node_modules/astro/dist/runtime/server/render/page.js:31:30)
    at lastNext (file:///C:/code/zentala.eu/node_modules/astro/dist/core/render-context.js:133:31)
    at process.processTicksAndRejections (node:internal/process/task_queues:105:5)
    at async callMiddleware (file:///C:/code/zentala.eu/node_modules/astro/dist/core/middleware/callMiddleware.js:21:10) @ http://localhost:4322/@vite/client:1385
[ 1122523ms] [ERROR] Failed to load resource: the server responded with a status of 500 (Internal Server Error) @ http://localhost:4322/resources:0
[ 1122636ms] [ERROR] Failed to load resource: the server responded with a status of 500 (Internal Server Error) @ http://localhost:4322/resources:0
[ 1122732ms] [ERROR] [vite] Internal Server Error
Cannot read properties of undefined (reading &#39;localeCompare&#39;)
TypeError: Cannot read properties of undefined (reading 'localeCompare')
    at C:\code\zentala.eu\src\pages\resources\index.astro:13:30
    at Array.sort (<anonymous>)
    at C:\code\zentala.eu\src\pages\resources\index.astro:13:4
    at index (C:\code\zentala.eu\node_modules\astro\dist\runtime\server\astro-component.js:16:12)
    at callComponentAsTemplateResultOrResponse (file:///C:/code/zentala.eu/node_modules/astro/dist/runtime/server/render/astro/render.js:90:31)
    at renderToAsyncIterable (file:///C:/code/zentala.eu/node_modules/astro/dist/runtime/server/render/astro/render.js:132:32)
    at renderPage (file:///C:/code/zentala.eu/node_modules/astro/dist/runtime/server/render/page.js:31:30)
    at lastNext (file:///C:/code/zentala.eu/node_modules/astro/dist/core/render-context.js:133:31)
    at process.processTicksAndRejections (node:internal/process/task_queues:105:5)
    at async callMiddleware (file:///C:/code/zentala.eu/node_modules/astro/dist/core/middleware/callMiddleware.js:21:10) @ http://localhost:4322/@vite/client:1385
[ 1122834ms] [ERROR] Failed to load resource: the server responded with a status of 500 (Internal Server Error) @ http://localhost:4322/resources:0
[ 1122936ms] [ERROR] Failed to load resource: the server responded with a status of 500 (Internal Server Error) @ http://localhost:4322/resources:0
[ 1123043ms] [ERROR] [vite] Internal Server Error
Cannot read properties of undefined (reading &#39;localeCompare&#39;)
TypeError: Cannot read properties of undefined (reading 'localeCompare')
    at C:\code\zentala.eu\src\pages\resources\index.astro:13:30
    at Array.sort (<anonymous>)
    at C:\code\zentala.eu\src\pages\resources\index.astro:13:4
    at index (C:\code\zentala.eu\node_modules\astro\dist\runtime\server\astro-component.js:16:12)
    at callComponentAsTemplateResultOrResponse (file:///C:/code/zentala.eu/node_modules/astro/dist/runtime/server/render/astro/render.js:90:31)
    at renderToAsyncIterable (file:///C:/code/zentala.eu/node_modules/astro/dist/runtime/server/render/astro/render.js:132:32)
    at renderPage (file:///C:/code/zentala.eu/node_modules/astro/dist/runtime/server/render/page.js:31:30)
    at lastNext (file:///C:/code/zentala.eu/node_modules/astro/dist/core/render-context.js:133:31)
    at process.processTicksAndRejections (node:internal/process/task_queues:105:5)
    at async callMiddleware (file:///C:/code/zentala.eu/node_modules/astro/dist/core/middleware/callMiddleware.js:21:10) @ http://localhost:4322/@vite/client:1385
[ 1123053ms] [ERROR] Failed to load resource: the server responded with a status of 500 (Internal Server Error) @ http://localhost:4322/resources:0
[ 1123150ms] [ERROR] [vite] Internal Server Error
Cannot read properties of undefined (reading &#39;localeCompare&#39;)
TypeError: Cannot read properties of undefined (reading 'localeCompare')
    at C:\code\zentala.eu\src\pages\resources\index.astro:13:30
    at Array.sort (<anonymous>)
    at C:\code\zentala.eu\src\pages\resources\index.astro:13:4
    at index (C:\code\zentala.eu\node_modules\astro\dist\runtime\server\astro-component.js:16:12)
    at callComponentAsTemplateResultOrResponse (file:///C:/code/zentala.eu/node_modules/astro/dist/runtime/server/render/astro/render.js:90:31)
    at renderToAsyncIterable (file:///C:/code/zentala.eu/node_modules/astro/dist/runtime/server/render/astro/render.js:132:32)
    at renderPage (file:///C:/code/zentala.eu/node_modules/astro/dist/runtime/server/render/page.js:31:30)
    at lastNext (file:///C:/code/zentala.eu/node_modules/astro/dist/core/render-context.js:133:31)
    at process.processTicksAndRejections (node:internal/process/task_queues:105:5)
    at async callMiddleware (file:///C:/code/zentala.eu/node_modules/astro/dist/core/middleware/callMiddleware.js:21:10) @ http://localhost:4322/@vite/client:1385
[ 1123166ms] [ERROR] Failed to load resource: the server responded with a status of 500 (Internal Server Error) @ http://localhost:4322/resources:0
[ 1123293ms] [ERROR] [vite] Internal Server Error
Cannot read properties of undefined (reading &#39;localeCompare&#39;)
TypeError: Cannot read properties of undefined (reading 'localeCompare')
    at C:\code\zentala.eu\src\pages\resources\index.astro:13:30
    at Array.sort (<anonymous>)
    at C:\code\zentala.eu\src\pages\resources\index.astro:13:4
    at index (C:\code\zentala.eu\node_modules\astro\dist\runtime\server\astro-component.js:16:12)
    at callComponentAsTemplateResultOrResponse (file:///C:/code/zentala.eu/node_modules/astro/dist/runtime/server/render/astro/render.js:90:31)
    at renderToAsyncIterable (file:///C:/code/zentala.eu/node_modules/astro/dist/runtime/server/render/astro/render.js:132:32)
    at renderPage (file:///C:/code/zentala.eu/node_modules/astro/dist/runtime/server/render/page.js:31:30)
    at lastNext (file:///C:/code/zentala.eu/node_modules/astro/dist/core/render-context.js:133:31)
    at process.processTicksAndRejections (node:internal/process/task_queues:105:5)
    at async callMiddleware (file:///C:/code/zentala.eu/node_modules/astro/dist/core/middleware/callMiddleware.js:21:10) @ http://localhost:4322/@vite/client:1385
[ 1123380ms] [ERROR] [vite] Internal Server Error
Cannot read properties of undefined (reading &#39;localeCompare&#39;)
TypeError: Cannot read properties of undefined (reading 'localeCompare')
    at C:\code\zentala.eu\src\pages\resources\index.astro:13:30
    at Array.sort (<anonymous>)
    at C:\code\zentala.eu\src\pages\resources\index.astro:13:4
    at index (C:\code\zentala.eu\node_modules\astro\dist\runtime\server\astro-component.js:16:12)
    at callComponentAsTemplateResultOrResponse (file:///C:/code/zentala.eu/node_modules/astro/dist/runtime/server/render/astro/render.js:90:31)
    at renderToAsyncIterable (file:///C:/code/zentala.eu/node_modules/astro/dist/runtime/server/render/astro/render.js:132:32)
    at renderPage (file:///C:/code/zentala.eu/node_modules/astro/dist/runtime/server/render/page.js:31:30)
    at lastNext (file:///C:/code/zentala.eu/node_modules/astro/dist/core/render-context.js:133:31)
    at process.processTicksAndRejections (node:internal/process/task_queues:105:5)
    at async callMiddleware (file:///C:/code/zentala.eu/node_modules/astro/dist/core/middleware/callMiddleware.js:21:10) @ http://localhost:4322/@vite/client:1385
[ 1123464ms] [ERROR] Failed to load resource: the server responded with a status of 500 (Internal Server Error) @ http://localhost:4322/resources:0
[ 1123572ms] [ERROR] Failed to load resource: the server responded with a status of 500 (Internal Server Error) @ http://localhost:4322/resources:0
[ 1123668ms] [ERROR] [vite] Internal Server Error
Cannot read properties of undefined (reading &#39;localeCompare&#39;)
TypeError: Cannot read properties of undefined (reading 'localeCompare')
    at C:\code\zentala.eu\src\pages\resources\index.astro:13:30
    at Array.sort (<anonymous>)
    at C:\code\zentala.eu\src\pages\resources\index.astro:13:4
    at index (C:\code\zentala.eu\node_modules\astro\dist\runtime\server\astro-component.js:16:12)
    at callComponentAsTemplateResultOrResponse (file:///C:/code/zentala.eu/node_modules/astro/dist/runtime/server/render/astro/render.js:90:31)
    at renderToAsyncIterable (file:///C:/code/zentala.eu/node_modules/astro/dist/runtime/server/render/astro/render.js:132:32)
    at renderPage (file:///C:/code/zentala.eu/node_modules/astro/dist/runtime/server/render/page.js:31:30)
    at lastNext (file:///C:/code/zentala.eu/node_modules/astro/dist/core/render-context.js:133:31)
    at process.processTicksAndRejections (node:internal/process/task_queues:105:5)
    at async callMiddleware (file:///C:/code/zentala.eu/node_modules/astro/dist/core/middleware/callMiddleware.js:21:10) @ http://localhost:4322/@vite/client:1385
[ 1123673ms] [ERROR] Failed to load resource: the server responded with a status of 500 (Internal Server Error) @ http://localhost:4322/resources:0
[ 1123798ms] [ERROR] Failed to load resource: the server responded with a status of 500 (Internal Server Error) @ http://localhost:4322/resources:0
[ 1123882ms] [ERROR] [vite] Internal Server Error
Cannot read properties of undefined (reading &#39;localeCompare&#39;)
TypeError: Cannot read properties of undefined (reading 'localeCompare')
    at C:\code\zentala.eu\src\pages\resources\index.astro:13:30
    at Array.sort (<anonymous>)
    at C:\code\zentala.eu\src\pages\resources\index.astro:13:4
    at index (C:\code\zentala.eu\node_modules\astro\dist\runtime\server\astro-component.js:16:12)
    at callComponentAsTemplateResultOrResponse (file:///C:/code/zentala.eu/node_modules/astro/dist/runtime/server/render/astro/render.js:90:31)
    at renderToAsyncIterable (file:///C:/code/zentala.eu/node_modules/astro/dist/runtime/server/render/astro/render.js:132:32)
    at renderPage (file:///C:/code/zentala.eu/node_modules/astro/dist/runtime/server/render/page.js:31:30)
    at lastNext (file:///C:/code/zentala.eu/node_modules/astro/dist/core/render-context.js:133:31)
    at process.processTicksAndRejections (node:internal/process/task_queues:105:5)
    at async callMiddleware (file:///C:/code/zentala.eu/node_modules/astro/dist/core/middleware/callMiddleware.js:21:10) @ http://localhost:4322/@vite/client:1385
[ 1123899ms] [ERROR] Failed to load resource: the server responded with a status of 500 (Internal Server Error) @ http://localhost:4322/resources:0
[ 1123998ms] [ERROR] Failed to load resource: the server responded with a status of 500 (Internal Server Error) @ http://localhost:4322/resources:0
[ 1124105ms] [ERROR] [vite] Internal Server Error
Cannot read properties of undefined (reading &#39;localeCompare&#39;)
TypeError: Cannot read properties of undefined (reading 'localeCompare')
    at C:\code\zentala.eu\src\pages\resources\index.astro:13:30
    at Array.sort (<anonymous>)
    at C:\code\zentala.eu\src\pages\resources\index.astro:13:4
    at index (C:\code\zentala.eu\node_modules\astro\dist\runtime\server\astro-component.js:16:12)
    at callComponentAsTemplateResultOrResponse (file:///C:/code/zentala.eu/node_modules/astro/dist/runtime/server/render/astro/render.js:90:31)
    at renderToAsyncIterable (file:///C:/code/zentala.eu/node_modules/astro/dist/runtime/server/render/astro/render.js:132:32)
    at renderPage (file:///C:/code/zentala.eu/node_modules/astro/dist/runtime/server/render/page.js:31:30)
    at lastNext (file:///C:/code/zentala.eu/node_modules/astro/dist/core/render-context.js:133:31)
    at process.processTicksAndRejections (node:internal/process/task_queues:105:5)
    at async callMiddleware (file:///C:/code/zentala.eu/node_modules/astro/dist/core/middleware/callMiddleware.js:21:10) @ http://localhost:4322/@vite/client:1385
[ 1124211ms] [ERROR] Failed to load resource: the server responded with a status of 500 (Internal Server Error) @ http://localhost:4322/resources:0
[ 1124424ms] [ERROR] [vite] Internal Server Error
Cannot read properties of undefined (reading &#39;localeCompare&#39;)
TypeError: Cannot read properties of undefined (reading 'localeCompare')
    at C:\code\zentala.eu\src\pages\resources\index.astro:13:30
    at Array.sort (<anonymous>)
    at C:\code\zentala.eu\src\pages\resources\index.astro:13:4
    at index (C:\code\zentala.eu\node_modules\astro\dist\runtime\server\astro-component.js:16:12)
    at callComponentAsTemplateResultOrResponse (file:///C:/code/zentala.eu/node_modules/astro/dist/runtime/server/render/astro/render.js:90:31)
    at renderToAsyncIterable (file:///C:/code/zentala.eu/node_modules/astro/dist/runtime/server/render/astro/render.js:132:32)
    at renderPage (file:///C:/code/zentala.eu/node_modules/astro/dist/runtime/server/render/page.js:31:30)
    at lastNext (file:///C:/code/zentala.eu/node_modules/astro/dist/core/render-context.js:133:31)
    at process.processTicksAndRejections (node:internal/process/task_queues:105:5)
    at async callMiddleware (file:///C:/code/zentala.eu/node_modules/astro/dist/core/middleware/callMiddleware.js:21:10) @ http://localhost:4322/@vite/client:1385
[ 1124529ms] [ERROR] Failed to load resource: the server responded with a status of 500 (Internal Server Error) @ http://localhost:4322/resources:0
[ 1124635ms] [ERROR] Failed to load resource: the server responded with a status of 500 (Internal Server Error) @ http://localhost:4322/resources:0
[ 1124749ms] [ERROR] Failed to load resource: the server responded with a status of 500 (Internal Server Error) @ http://localhost:4322/resources:0
[ 1124859ms] [ERROR] [vite] Internal Server Error
Cannot read properties of undefined (reading &#39;localeCompare&#39;)
TypeError: Cannot read properties of undefined (reading 'localeCompare')
    at C:\code\zentala.eu\src\pages\resources\index.astro:13:30
    at Array.sort (<anonymous>)
    at C:\code\zentala.eu\src\pages\resources\index.astro:13:4
    at index (C:\code\zentala.eu\node_modules\astro\dist\runtime\server\astro-component.js:16:12)
    at callComponentAsTemplateResultOrResponse (file:///C:/code/zentala.eu/node_modules/astro/dist/runtime/server/render/astro/render.js:90:31)
    at renderToAsyncIterable (file:///C:/code/zentala.eu/node_modules/astro/dist/runtime/server/render/astro/render.js:132:32)
    at renderPage (file:///C:/code/zentala.eu/node_modules/astro/dist/runtime/server/render/page.js:31:30)
    at lastNext (file:///C:/code/zentala.eu/node_modules/astro/dist/core/render-context.js:133:31)
    at process.processTicksAndRejections (node:internal/process/task_queues:105:5)
    at async callMiddleware (file:///C:/code/zentala.eu/node_modules/astro/dist/core/middleware/callMiddleware.js:21:10) @ http://localhost:4322/@vite/client:1385
[ 1124971ms] [ERROR] [vite] Internal Server Error
Cannot read properties of undefined (reading &#39;localeCompare&#39;)
TypeError: Cannot read properties of undefined (reading 'localeCompare')
    at C:\code\zentala.eu\src\pages\resources\index.astro:13:30
    at Array.sort (<anonymous>)
    at C:\code\zentala.eu\src\pages\resources\index.astro:13:4
    at index (C:\code\zentala.eu\node_modules\astro\dist\runtime\server\astro-component.js:16:12)
    at callComponentAsTemplateResultOrResponse (file:///C:/code/zentala.eu/node_modules/astro/dist/runtime/server/render/astro/render.js:90:31)
    at renderToAsyncIterable (file:///C:/code/zentala.eu/node_modules/astro/dist/runtime/server/render/astro/render.js:132:32)
    at renderPage (file:///C:/code/zentala.eu/node_modules/astro/dist/runtime/server/render/page.js:31:30)
    at lastNext (file:///C:/code/zentala.eu/node_modules/astro/dist/core/render-context.js:133:31)
    at process.processTicksAndRejections (node:internal/process/task_queues:105:5)
    at async callMiddleware (file:///C:/code/zentala.eu/node_modules/astro/dist/core/middleware/callMiddleware.js:21:10) @ http://localhost:4322/@vite/client:1385
[ 1125005ms] [ERROR] Failed to load resource: the server responded with a status of 500 (Internal Server Error) @ http://localhost:4322/resources:0
[ 1125229ms] [ERROR] [vite] Internal Server Error
Cannot read properties of undefined (reading &#39;localeCompare&#39;)
TypeError: Cannot read properties of undefined (reading 'localeCompare')
    at C:\code\zentala.eu\src\pages\resources\index.astro:13:30
    at Array.sort (<anonymous>)
    at C:\code\zentala.eu\src\pages\resources\index.astro:13:4
    at index (C:\code\zentala.eu\node_modules\astro\dist\runtime\server\astro-component.js:16:12)
    at callComponentAsTemplateResultOrResponse (file:///C:/code/zentala.eu/node_modules/astro/dist/runtime/server/render/astro/render.js:90:31)
    at renderToAsyncIterable (file:///C:/code/zentala.eu/node_modules/astro/dist/runtime/server/render/astro/render.js:132:32)
    at renderPage (file:///C:/code/zentala.eu/node_modules/astro/dist/runtime/server/render/page.js:31:30)
    at lastNext (file:///C:/code/zentala.eu/node_modules/astro/dist/core/render-context.js:133:31)
    at process.processTicksAndRejections (node:internal/process/task_queues:105:5)
    at async callMiddleware (file:///C:/code/zentala.eu/node_modules/astro/dist/core/middleware/callMiddleware.js:21:10) @ http://localhost:4322/@vite/client:1385
[ 1125419ms] [ERROR] Failed to load resource: the server responded with a status of 500 (Internal Server Error) @ http://localhost:4322/resources:0
[ 1125525ms] [ERROR] Failed to load resource: the server responded with a status of 500 (Internal Server Error) @ http://localhost:4322/resources:0
[ 1125659ms] [ERROR] [vite] Internal Server Error
Cannot read properties of undefined (reading &#39;localeCompare&#39;)
TypeError: Cannot read properties of undefined (reading 'localeCompare')
    at C:\code\zentala.eu\src\pages\resources\index.astro:13:30
    at Array.sort (<anonymous>)
    at C:\code\zentala.eu\src\pages\resources\index.astro:13:4
    at index (C:\code\zentala.eu\node_modules\astro\dist\runtime\server\astro-component.js:16:12)
    at callComponentAsTemplateResultOrResponse (file:///C:/code/zentala.eu/node_modules/astro/dist/runtime/server/render/astro/render.js:90:31)
    at renderToAsyncIterable (file:///C:/code/zentala.eu/node_modules/astro/dist/runtime/server/render/astro/render.js:132:32)
    at renderPage (file:///C:/code/zentala.eu/node_modules/astro/dist/runtime/server/render/page.js:31:30)
    at lastNext (file:///C:/code/zentala.eu/node_modules/astro/dist/core/render-context.js:133:31)
    at process.processTicksAndRejections (node:internal/process/task_queues:105:5)
    at async callMiddleware (file:///C:/code/zentala.eu/node_modules/astro/dist/core/middleware/callMiddleware.js:21:10) @ http://localhost:4322/@vite/client:1385
[ 1125745ms] [ERROR] [vite] Internal Server Error
Cannot read properties of undefined (reading &#39;localeCompare&#39;)
TypeError: Cannot read properties of undefined (reading 'localeCompare')
    at C:\code\zentala.eu\src\pages\resources\index.astro:13:30
    at Array.sort (<anonymous>)
    at C:\code\zentala.eu\src\pages\resources\index.astro:13:4
    at index (C:\code\zentala.eu\node_modules\astro\dist\runtime\server\astro-component.js:16:12)
    at callComponentAsTemplateResultOrResponse (file:///C:/code/zentala.eu/node_modules/astro/dist/runtime/server/render/astro/render.js:90:31)
    at renderToAsyncIterable (file:///C:/code/zentala.eu/node_modules/astro/dist/runtime/server/render/astro/render.js:132:32)
    at renderPage (file:///C:/code/zentala.eu/node_modules/astro/dist/runtime/server/render/page.js:31:30)
    at lastNext (file:///C:/code/zentala.eu/node_modules/astro/dist/core/render-context.js:133:31)
    at process.processTicksAndRejections (node:internal/process/task_queues:105:5)
    at async callMiddleware (file:///C:/code/zentala.eu/node_modules/astro/dist/core/middleware/callMiddleware.js:21:10) @ http://localhost:4322/@vite/client:1385
[ 1125831ms] [ERROR] Failed to load resource: the server responded with a status of 500 (Internal Server Error) @ http://localhost:4322/resources:0
[ 1126051ms] [ERROR] [vite] Internal Server Error
Cannot read properties of undefined (reading &#39;localeCompare&#39;)
TypeError: Cannot read properties of undefined (reading 'localeCompare')
    at C:\code\zentala.eu\src\pages\resources\index.astro:13:30
    at Array.sort (<anonymous>)
    at C:\code\zentala.eu\src\pages\resources\index.astro:13:4
    at index (C:\code\zentala.eu\node_modules\astro\dist\runtime\server\astro-component.js:16:12)
    at callComponentAsTemplateResultOrResponse (file:///C:/code/zentala.eu/node_modules/astro/dist/runtime/server/render/astro/render.js:90:31)
    at renderToAsyncIterable (file:///C:/code/zentala.eu/node_modules/astro/dist/runtime/server/render/astro/render.js:132:32)
    at renderPage (file:///C:/code/zentala.eu/node_modules/astro/dist/runtime/server/render/page.js:31:30)
    at lastNext (file:///C:/code/zentala.eu/node_modules/astro/dist/core/render-context.js:133:31)
    at process.processTicksAndRejections (node:internal/process/task_queues:105:5)
    at async callMiddleware (file:///C:/code/zentala.eu/node_modules/astro/dist/core/middleware/callMiddleware.js:21:10) @ http://localhost:4322/@vite/client:1385
[ 1126251ms] [ERROR] Failed to load resource: the server responded with a status of 500 (Internal Server Error) @ http://localhost:4322/resources:0
[ 1126373ms] [ERROR] Failed to load resource: the server responded with a status of 500 (Internal Server Error) @ http://localhost:4322/resources:0
[ 1126486ms] [ERROR] [vite] Internal Server Error
Cannot read properties of undefined (reading &#39;localeCompare&#39;)
TypeError: Cannot read properties of undefined (reading 'localeCompare')
    at C:\code\zentala.eu\src\pages\resources\index.astro:13:30
    at Array.sort (<anonymous>)
    at C:\code\zentala.eu\src\pages\resources\index.astro:13:4
    at index (C:\code\zentala.eu\node_modules\astro\dist\runtime\server\astro-component.js:16:12)
    at callComponentAsTemplateResultOrResponse (file:///C:/code/zentala.eu/node_modules/astro/dist/runtime/server/render/astro/render.js:90:31)
    at renderToAsyncIterable (file:///C:/code/zentala.eu/node_modules/astro/dist/runtime/server/render/astro/render.js:132:32)
    at renderPage (file:///C:/code/zentala.eu/node_modules/astro/dist/runtime/server/render/page.js:31:30)
    at lastNext (file:///C:/code/zentala.eu/node_modules/astro/dist/core/render-context.js:133:31)
    at process.processTicksAndRejections (node:internal/process/task_queues:105:5)
    at async callMiddleware (file:///C:/code/zentala.eu/node_modules/astro/dist/core/middleware/callMiddleware.js:21:10) @ http://localhost:4322/@vite/client:1385
[ 1126565ms] [ERROR] Failed to load resource: the server responded with a status of 500 (Internal Server Error) @ http://localhost:4322/resources:0
[ 1126600ms] [ERROR] [vite] Internal Server Error
Cannot read properties of undefined (reading &#39;localeCompare&#39;)
TypeError: Cannot read properties of undefined (reading 'localeCompare')
    at C:\code\zentala.eu\src\pages\resources\index.astro:13:30
    at Array.sort (<anonymous>)
    at C:\code\zentala.eu\src\pages\resources\index.astro:13:4
    at index (C:\code\zentala.eu\node_modules\astro\dist\runtime\server\astro-component.js:16:12)
    at callComponentAsTemplateResultOrResponse (file:///C:/code/zentala.eu/node_modules/astro/dist/runtime/server/render/astro/render.js:90:31)
    at renderToAsyncIterable (file:///C:/code/zentala.eu/node_modules/astro/dist/runtime/server/render/astro/render.js:132:32)
    at renderPage (file:///C:/code/zentala.eu/node_modules/astro/dist/runtime/server/render/page.js:31:30)
    at lastNext (file:///C:/code/zentala.eu/node_modules/astro/dist/core/render-context.js:133:31)
    at process.processTicksAndRejections (node:internal/process/task_queues:105:5)
    at async callMiddleware (file:///C:/code/zentala.eu/node_modules/astro/dist/core/middleware/callMiddleware.js:21:10) @ http://localhost:4322/@vite/client:1385
[ 1126779ms] [ERROR] [vite] Internal Server Error
Cannot read properties of undefined (reading &#39;localeCompare&#39;)
TypeError: Cannot read properties of undefined (reading 'localeCompare')
    at C:\code\zentala.eu\src\pages\resources\index.astro:13:30
    at Array.sort (<anonymous>)
    at C:\code\zentala.eu\src\pages\resources\index.astro:13:4
    at index (C:\code\zentala.eu\node_modules\astro\dist\runtime\server\astro-component.js:16:12)
    at callComponentAsTemplateResultOrResponse (file:///C:/code/zentala.eu/node_modules/astro/dist/runtime/server/render/astro/render.js:90:31)
    at renderToAsyncIterable (file:///C:/code/zentala.eu/node_modules/astro/dist/runtime/server/render/astro/render.js:132:32)
    at renderPage (file:///C:/code/zentala.eu/node_modules/astro/dist/runtime/server/render/page.js:31:30)
    at lastNext (file:///C:/code/zentala.eu/node_modules/astro/dist/core/render-context.js:133:31)
    at process.processTicksAndRejections (node:internal/process/task_queues:105:5)
    at async callMiddleware (file:///C:/code/zentala.eu/node_modules/astro/dist/core/middleware/callMiddleware.js:21:10) @ http://localhost:4322/@vite/client:1385
[ 1126806ms] [ERROR] Failed to load resource: the server responded with a status of 500 (Internal Server Error) @ http://localhost:4322/resources:0
[ 1127007ms] [ERROR] Failed to load resource: the server responded with a status of 500 (Internal Server Error) @ http://localhost:4322/resources:0
[ 1127217ms] [ERROR] [vite] Internal Server Error
Cannot read properties of undefined (reading &#39;localeCompare&#39;)
TypeError: Cannot read properties of undefined (reading 'localeCompare')
    at C:\code\zentala.eu\src\pages\resources\index.astro:13:30
    at Array.sort (<anonymous>)
    at C:\code\zentala.eu\src\pages\resources\index.astro:13:4
    at index (C:\code\zentala.eu\node_modules\astro\dist\runtime\server\astro-component.js:16:12)
    at callComponentAsTemplateResultOrResponse (file:///C:/code/zentala.eu/node_modules/astro/dist/runtime/server/render/astro/render.js:90:31)
    at renderToAsyncIterable (file:///C:/code/zentala.eu/node_modules/astro/dist/runtime/server/render/astro/render.js:132:32)
    at renderPage (file:///C:/code/zentala.eu/node_modules/astro/dist/runtime/server/render/page.js:31:30)
    at lastNext (file:///C:/code/zentala.eu/node_modules/astro/dist/core/render-context.js:133:31)
    at process.processTicksAndRejections (node:internal/process/task_queues:105:5)
    at async callMiddleware (file:///C:/code/zentala.eu/node_modules/astro/dist/core/middleware/callMiddleware.js:21:10) @ http://localhost:4322/@vite/client:1385
[ 1127339ms] [ERROR] Failed to load resource: the server responded with a status of 500 (Internal Server Error) @ http://localhost:4322/resources:0
[ 1127455ms] [ERROR] Failed to load resource: the server responded with a status of 500 (Internal Server Error) @ http://localhost:4322/resources:0
[ 1127544ms] [ERROR] [vite] Internal Server Error
Cannot read properties of undefined (reading &#39;localeCompare&#39;)
TypeError: Cannot read properties of undefined (reading 'localeCompare')
    at C:\code\zentala.eu\src\pages\resources\index.astro:13:30
    at Array.sort (<anonymous>)
    at C:\code\zentala.eu\src\pages\resources\index.astro:13:4
    at index (C:\code\zentala.eu\node_modules\astro\dist\runtime\server\astro-component.js:16:12)
    at callComponentAsTemplateResultOrResponse (file:///C:/code/zentala.eu/node_modules/astro/dist/runtime/server/render/astro/render.js:90:31)
    at renderToAsyncIterable (file:///C:/code/zentala.eu/node_modules/astro/dist/runtime/server/render/astro/render.js:132:32)
    at renderPage (file:///C:/code/zentala.eu/node_modules/astro/dist/runtime/server/render/page.js:31:30)
    at lastNext (file:///C:/code/zentala.eu/node_modules/astro/dist/core/render-context.js:133:31)
    at process.processTicksAndRejections (node:internal/process/task_queues:105:5)
    at async callMiddleware (file:///C:/code/zentala.eu/node_modules/astro/dist/core/middleware/callMiddleware.js:21:10) @ http://localhost:4322/@vite/client:1385
[ 1127658ms] [ERROR] Failed to load resource: the server responded with a status of 500 (Internal Server Error) @ http://localhost:4322/resources:0
[ 1127866ms] [ERROR] [vite] Internal Server Error
Cannot read properties of undefined (reading &#39;localeCompare&#39;)
TypeError: Cannot read properties of undefined (reading 'localeCompare')
    at C:\code\zentala.eu\src\pages\resources\index.astro:13:30
    at Array.sort (<anonymous>)
    at C:\code\zentala.eu\src\pages\resources\index.astro:13:4
    at index (C:\code\zentala.eu\node_modules\astro\dist\runtime\server\astro-component.js:16:12)
    at callComponentAsTemplateResultOrResponse (file:///C:/code/zentala.eu/node_modules/astro/dist/runtime/server/render/astro/render.js:90:31)
    at renderToAsyncIterable (file:///C:/code/zentala.eu/node_modules/astro/dist/runtime/server/render/astro/render.js:132:32)
    at renderPage (file:///C:/code/zentala.eu/node_modules/astro/dist/runtime/server/render/page.js:31:30)
    at lastNext (file:///C:/code/zentala.eu/node_modules/astro/dist/core/render-context.js:133:31)
    at process.processTicksAndRejections (node:internal/process/task_queues:105:5)
    at async callMiddleware (file:///C:/code/zentala.eu/node_modules/astro/dist/core/middleware/callMiddleware.js:21:10) @ http://localhost:4322/@vite/client:1385
[ 1127988ms] [ERROR] Failed to load resource: the server responded with a status of 500 (Internal Server Error) @ http://localhost:4322/resources:0
[ 1128203ms] [ERROR] [vite] Internal Server Error
Cannot read properties of undefined (reading &#39;localeCompare&#39;)
TypeError: Cannot read properties of undefined (reading 'localeCompare')
    at C:\code\zentala.eu\src\pages\resources\index.astro:13:30
    at Array.sort (<anonymous>)
    at C:\code\zentala.eu\src\pages\resources\index.astro:13:4
    at index (C:\code\zentala.eu\node_modules\astro\dist\runtime\server\astro-component.js:16:12)
    at callComponentAsTemplateResultOrResponse (file:///C:/code/zentala.eu/node_modules/astro/dist/runtime/server/render/astro/render.js:90:31)
    at renderToAsyncIterable (file:///C:/code/zentala.eu/node_modules/astro/dist/runtime/server/render/astro/render.js:132:32)
    at renderPage (file:///C:/code/zentala.eu/node_modules/astro/dist/runtime/server/render/page.js:31:30)
    at lastNext (file:///C:/code/zentala.eu/node_modules/astro/dist/core/render-context.js:133:31)
    at process.processTicksAndRejections (node:internal/process/task_queues:105:5)
    at async callMiddleware (file:///C:/code/zentala.eu/node_modules/astro/dist/core/middleware/callMiddleware.js:21:10) @ http://localhost:4322/@vite/client:1385
[ 1128400ms] [ERROR] Failed to load resource: the server responded with a status of 500 (Internal Server Error) @ http://localhost:4322/resources:0
[ 1128505ms] [ERROR] Failed to load resource: the server responded with a status of 500 (Internal Server Error) @ http://localhost:4322/resources:0
[ 1128592ms] [ERROR] Failed to load resource: the server responded with a status of 500 (Internal Server Error) @ http://localhost:4322/resources:0
[ 1128619ms] [ERROR] [vite] Internal Server Error
Cannot read properties of undefined (reading &#39;localeCompare&#39;)
TypeError: Cannot read properties of undefined (reading 'localeCompare')
    at C:\code\zentala.eu\src\pages\resources\index.astro:13:30
    at Array.sort (<anonymous>)
    at C:\code\zentala.eu\src\pages\resources\index.astro:13:4
    at index (C:\code\zentala.eu\node_modules\astro\dist\runtime\server\astro-component.js:16:12)
    at callComponentAsTemplateResultOrResponse (file:///C:/code/zentala.eu/node_modules/astro/dist/runtime/server/render/astro/render.js:90:31)
    at renderToAsyncIterable (file:///C:/code/zentala.eu/node_modules/astro/dist/runtime/server/render/astro/render.js:132:32)
    at renderPage (file:///C:/code/zentala.eu/node_modules/astro/dist/runtime/server/render/page.js:31:30)
    at lastNext (file:///C:/code/zentala.eu/node_modules/astro/dist/core/render-context.js:133:31)
    at process.processTicksAndRejections (node:internal/process/task_queues:105:5)
    at async callMiddleware (file:///C:/code/zentala.eu/node_modules/astro/dist/core/middleware/callMiddleware.js:21:10) @ http://localhost:4322/@vite/client:1385
[ 1128701ms] [ERROR] Failed to load resource: the server responded with a status of 500 (Internal Server Error) @ http://localhost:4322/resources:0
[ 1128730ms] [ERROR] [vite] Internal Server Error
Cannot read properties of undefined (reading &#39;localeCompare&#39;)
TypeError: Cannot read properties of undefined (reading 'localeCompare')
    at C:\code\zentala.eu\src\pages\resources\index.astro:13:30
    at Array.sort (<anonymous>)
    at C:\code\zentala.eu\src\pages\resources\index.astro:13:4
    at index (C:\code\zentala.eu\node_modules\astro\dist\runtime\server\astro-component.js:16:12)
    at callComponentAsTemplateResultOrResponse (file:///C:/code/zentala.eu/node_modules/astro/dist/runtime/server/render/astro/render.js:90:31)
    at renderToAsyncIterable (file:///C:/code/zentala.eu/node_modules/astro/dist/runtime/server/render/astro/render.js:132:32)
    at renderPage (file:///C:/code/zentala.eu/node_modules/astro/dist/runtime/server/render/page.js:31:30)
    at lastNext (file:///C:/code/zentala.eu/node_modules/astro/dist/core/render-context.js:133:31)
    at process.processTicksAndRejections (node:internal/process/task_queues:105:5)
    at async callMiddleware (file:///C:/code/zentala.eu/node_modules/astro/dist/core/middleware/callMiddleware.js:21:10) @ http://localhost:4322/@vite/client:1385
[ 1128814ms] [ERROR] [vite] Internal Server Error
Cannot read properties of undefined (reading &#39;localeCompare&#39;)
TypeError: Cannot read properties of undefined (reading 'localeCompare')
    at C:\code\zentala.eu\src\pages\resources\index.astro:13:30
    at Array.sort (<anonymous>)
    at C:\code\zentala.eu\src\pages\resources\index.astro:13:4
    at index (C:\code\zentala.eu\node_modules\astro\dist\runtime\server\astro-component.js:16:12)
    at callComponentAsTemplateResultOrResponse (file:///C:/code/zentala.eu/node_modules/astro/dist/runtime/server/render/astro/render.js:90:31)
    at renderToAsyncIterable (file:///C:/code/zentala.eu/node_modules/astro/dist/runtime/server/render/astro/render.js:132:32)
    at renderPage (file:///C:/code/zentala.eu/node_modules/astro/dist/runtime/server/render/page.js:31:30)
    at lastNext (file:///C:/code/zentala.eu/node_modules/astro/dist/core/render-context.js:133:31)
    at process.processTicksAndRejections (node:internal/process/task_queues:105:5)
    at async callMiddleware (file:///C:/code/zentala.eu/node_modules/astro/dist/core/middleware/callMiddleware.js:21:10) @ http://localhost:4322/@vite/client:1385
[ 1128908ms] [ERROR] [vite] Internal Server Error
Cannot read properties of undefined (reading &#39;localeCompare&#39;)
TypeError: Cannot read properties of undefined (reading 'localeCompare')
    at C:\code\zentala.eu\src\pages\resources\index.astro:13:30
    at Array.sort (<anonymous>)
    at C:\code\zentala.eu\src\pages\resources\index.astro:13:4
    at index (C:\code\zentala.eu\node_modules\astro\dist\runtime\server\astro-component.js:16:12)
    at callComponentAsTemplateResultOrResponse (file:///C:/code/zentala.eu/node_modules/astro/dist/runtime/server/render/astro/render.js:90:31)
    at renderToAsyncIterable (file:///C:/code/zentala.eu/node_modules/astro/dist/runtime/server/render/astro/render.js:132:32)
    at renderPage (file:///C:/code/zentala.eu/node_modules/astro/dist/runtime/server/render/page.js:31:30)
    at lastNext (file:///C:/code/zentala.eu/node_modules/astro/dist/core/render-context.js:133:31)
    at process.processTicksAndRejections (node:internal/process/task_queues:105:5)
    at async callMiddleware (file:///C:/code/zentala.eu/node_modules/astro/dist/core/middleware/callMiddleware.js:21:10) @ http://localhost:4322/@vite/client:1385
[ 1128926ms] [ERROR] Failed to load resource: the server responded with a status of 500 (Internal Server Error) @ http://localhost:4322/resources:0
[ 1129149ms] [ERROR] [vite] Internal Server Error
Cannot read properties of undefined (reading &#39;localeCompare&#39;)
TypeError: Cannot read properties of undefined (reading 'localeCompare')
    at C:\code\zentala.eu\src\pages\resources\index.astro:13:30
    at Array.sort (<anonymous>)
    at C:\code\zentala.eu\src\pages\resources\index.astro:13:4
    at index (C:\code\zentala.eu\node_modules\astro\dist\runtime\server\astro-component.js:16:12)
    at callComponentAsTemplateResultOrResponse (file:///C:/code/zentala.eu/node_modules/astro/dist/runtime/server/render/astro/render.js:90:31)
    at renderToAsyncIterable (file:///C:/code/zentala.eu/node_modules/astro/dist/runtime/server/render/astro/render.js:132:32)
    at renderPage (file:///C:/code/zentala.eu/node_modules/astro/dist/runtime/server/render/page.js:31:30)
    at lastNext (file:///C:/code/zentala.eu/node_modules/astro/dist/core/render-context.js:133:31)
    at process.processTicksAndRejections (node:internal/process/task_queues:105:5)
    at async callMiddleware (file:///C:/code/zentala.eu/node_modules/astro/dist/core/middleware/callMiddleware.js:21:10) @ http://localhost:4322/@vite/client:1385
[ 1129351ms] [ERROR] Failed to load resource: the server responded with a status of 500 (Internal Server Error) @ http://localhost:4322/resources:0
[ 1129585ms] [ERROR] [vite] Internal Server Error
Cannot read properties of undefined (reading &#39;localeCompare&#39;)
TypeError: Cannot read properties of undefined (reading 'localeCompare')
    at C:\code\zentala.eu\src\pages\resources\index.astro:13:30
    at Array.sort (<anonymous>)
    at C:\code\zentala.eu\src\pages\resources\index.astro:13:4
    at index (C:\code\zentala.eu\node_modules\astro\dist\runtime\server\astro-component.js:16:12)
    at callComponentAsTemplateResultOrResponse (file:///C:/code/zentala.eu/node_modules/astro/dist/runtime/server/render/astro/render.js:90:31)
    at renderToAsyncIterable (file:///C:/code/zentala.eu/node_modules/astro/dist/runtime/server/render/astro/render.js:132:32)
    at renderPage (file:///C:/code/zentala.eu/node_modules/astro/dist/runtime/server/render/page.js:31:30)
    at lastNext (file:///C:/code/zentala.eu/node_modules/astro/dist/core/render-context.js:133:31)
    at process.processTicksAndRejections (node:internal/process/task_queues:105:5)
    at async callMiddleware (file:///C:/code/zentala.eu/node_modules/astro/dist/core/middleware/callMiddleware.js:21:10) @ http://localhost:4322/@vite/client:1385
[ 1129762ms] [ERROR] Failed to load resource: the server responded with a status of 500 (Internal Server Error) @ http://localhost:4322/resources:0
[ 1129980ms] [ERROR] [vite] Internal Server Error
Cannot read properties of undefined (reading &#39;localeCompare&#39;)
TypeError: Cannot read properties of undefined (reading 'localeCompare')
    at C:\code\zentala.eu\src\pages\resources\index.astro:13:30
    at Array.sort (<anonymous>)
    at C:\code\zentala.eu\src\pages\resources\index.astro:13:4
    at index (C:\code\zentala.eu\node_modules\astro\dist\runtime\server\astro-component.js:16:12)
    at callComponentAsTemplateResultOrResponse (file:///C:/code/zentala.eu/node_modules/astro/dist/runtime/server/render/astro/render.js:90:31)
    at renderToAsyncIterable (file:///C:/code/zentala.eu/node_modules/astro/dist/runtime/server/render/astro/render.js:132:32)
    at renderPage (file:///C:/code/zentala.eu/node_modules/astro/dist/runtime/server/render/page.js:31:30)
    at lastNext (file:///C:/code/zentala.eu/node_modules/astro/dist/core/render-context.js:133:31)
    at process.processTicksAndRejections (node:internal/process/task_queues:105:5)
    at async callMiddleware (file:///C:/code/zentala.eu/node_modules/astro/dist/core/middleware/callMiddleware.js:21:10) @ http://localhost:4322/@vite/client:1385
[ 1130082ms] [ERROR] Failed to load resource: the server responded with a status of 500 (Internal Server Error) @ http://localhost:4322/resources:0
[ 1130193ms] [ERROR] Failed to load resource: the server responded with a status of 500 (Internal Server Error) @ http://localhost:4322/resources:0
[ 1130288ms] [ERROR] [vite] Internal Server Error
Cannot read properties of undefined (reading &#39;localeCompare&#39;)
TypeError: Cannot read properties of undefined (reading 'localeCompare')
    at C:\code\zentala.eu\src\pages\resources\index.astro:13:30
    at Array.sort (<anonymous>)
    at C:\code\zentala.eu\src\pages\resources\index.astro:13:4
    at index (C:\code\zentala.eu\node_modules\astro\dist\runtime\server\astro-component.js:16:12)
    at callComponentAsTemplateResultOrResponse (file:///C:/code/zentala.eu/node_modules/astro/dist/runtime/server/render/astro/render.js:90:31)
    at renderToAsyncIterable (file:///C:/code/zentala.eu/node_modules/astro/dist/runtime/server/render/astro/render.js:132:32)
    at renderPage (file:///C:/code/zentala.eu/node_modules/astro/dist/runtime/server/render/page.js:31:30)
    at lastNext (file:///C:/code/zentala.eu/node_modules/astro/dist/core/render-context.js:133:31)
    at process.processTicksAndRejections (node:internal/process/task_queues:105:5)
    at async callMiddleware (file:///C:/code/zentala.eu/node_modules/astro/dist/core/middleware/callMiddleware.js:21:10) @ http://localhost:4322/@vite/client:1385
[ 1130418ms] [ERROR] Failed to load resource: the server responded with a status of 500 (Internal Server Error) @ http://localhost:4322/resources:0
[ 1130621ms] [ERROR] [vite] Internal Server Error
Cannot read properties of undefined (reading &#39;localeCompare&#39;)
TypeError: Cannot read properties of undefined (reading 'localeCompare')
    at C:\code\zentala.eu\src\pages\resources\index.astro:13:30
    at Array.sort (<anonymous>)
    at C:\code\zentala.eu\src\pages\resources\index.astro:13:4
    at index (C:\code\zentala.eu\node_modules\astro\dist\runtime\server\astro-component.js:16:12)
    at callComponentAsTemplateResultOrResponse (file:///C:/code/zentala.eu/node_modules/astro/dist/runtime/server/render/astro/render.js:90:31)
    at renderToAsyncIterable (file:///C:/code/zentala.eu/node_modules/astro/dist/runtime/server/render/astro/render.js:132:32)
    at renderPage (file:///C:/code/zentala.eu/node_modules/astro/dist/runtime/server/render/page.js:31:30)
    at lastNext (file:///C:/code/zentala.eu/node_modules/astro/dist/core/render-context.js:133:31)
    at process.processTicksAndRejections (node:internal/process/task_queues:105:5)
    at async callMiddleware (file:///C:/code/zentala.eu/node_modules/astro/dist/core/middleware/callMiddleware.js:21:10) @ http://localhost:4322/@vite/client:1385
[ 1130742ms] [ERROR] Failed to load resource: the server responded with a status of 500 (Internal Server Error) @ http://localhost:4322/resources:0
[ 1130842ms] [ERROR] Failed to load resource: the server responded with a status of 500 (Internal Server Error) @ http://localhost:4322/resources:0
[ 1130943ms] [ERROR] Failed to load resource: the server responded with a status of 500 (Internal Server Error) @ http://localhost:4322/resources:0
[ 1130980ms] [ERROR] [vite] Internal Server Error
Cannot read properties of undefined (reading &#39;localeCompare&#39;)
TypeError: Cannot read properties of undefined (reading 'localeCompare')
    at C:\code\zentala.eu\src\pages\resources\index.astro:13:30
    at Array.sort (<anonymous>)
    at C:\code\zentala.eu\src\pages\resources\index.astro:13:4
    at index (C:\code\zentala.eu\node_modules\astro\dist\runtime\server\astro-component.js:16:12)
    at callComponentAsTemplateResultOrResponse (file:///C:/code/zentala.eu/node_modules/astro/dist/runtime/server/render/astro/render.js:90:31)
    at renderToAsyncIterable (file:///C:/code/zentala.eu/node_modules/astro/dist/runtime/server/render/astro/render.js:132:32)
    at renderPage (file:///C:/code/zentala.eu/node_modules/astro/dist/runtime/server/render/page.js:31:30)
    at lastNext (file:///C:/code/zentala.eu/node_modules/astro/dist/core/render-context.js:133:31)
    at process.processTicksAndRejections (node:internal/process/task_queues:105:5)
    at async callMiddleware (file:///C:/code/zentala.eu/node_modules/astro/dist/core/middleware/callMiddleware.js:21:10) @ http://localhost:4322/@vite/client:1385
[ 1131050ms] [ERROR] [vite] Internal Server Error
Cannot read properties of undefined (reading &#39;localeCompare&#39;)
TypeError: Cannot read properties of undefined (reading 'localeCompare')
    at C:\code\zentala.eu\src\pages\resources\index.astro:13:30
    at Array.sort (<anonymous>)
    at C:\code\zentala.eu\src\pages\resources\index.astro:13:4
    at index (C:\code\zentala.eu\node_modules\astro\dist\runtime\server\astro-component.js:16:12)
    at callComponentAsTemplateResultOrResponse (file:///C:/code/zentala.eu/node_modules/astro/dist/runtime/server/render/astro/render.js:90:31)
    at renderToAsyncIterable (file:///C:/code/zentala.eu/node_modules/astro/dist/runtime/server/render/astro/render.js:132:32)
    at renderPage (file:///C:/code/zentala.eu/node_modules/astro/dist/runtime/server/render/page.js:31:30)
    at lastNext (file:///C:/code/zentala.eu/node_modules/astro/dist/core/render-context.js:133:31)
    at process.processTicksAndRejections (node:internal/process/task_queues:105:5)
    at async callMiddleware (file:///C:/code/zentala.eu/node_modules/astro/dist/core/middleware/callMiddleware.js:21:10) @ http://localhost:4322/@vite/client:1385
[ 1131150ms] [ERROR] Failed to load resource: the server responded with a status of 500 (Internal Server Error) @ http://localhost:4322/resources:0
[ 1131380ms] [ERROR] [vite] Internal Server Error
Cannot read properties of undefined (reading &#39;localeCompare&#39;)
TypeError: Cannot read properties of undefined (reading 'localeCompare')
    at C:\code\zentala.eu\src\pages\resources\index.astro:13:30
    at Array.sort (<anonymous>)
    at C:\code\zentala.eu\src\pages\resources\index.astro:13:4
    at index (C:\code\zentala.eu\node_modules\astro\dist\runtime\server\astro-component.js:16:12)
    at callComponentAsTemplateResultOrResponse (file:///C:/code/zentala.eu/node_modules/astro/dist/runtime/server/render/astro/render.js:90:31)
    at renderToAsyncIterable (file:///C:/code/zentala.eu/node_modules/astro/dist/runtime/server/render/astro/render.js:132:32)
    at renderPage (file:///C:/code/zentala.eu/node_modules/astro/dist/runtime/server/render/page.js:31:30)
    at lastNext (file:///C:/code/zentala.eu/node_modules/astro/dist/core/render-context.js:133:31)
    at process.processTicksAndRejections (node:internal/process/task_queues:105:5)
    at async callMiddleware (file:///C:/code/zentala.eu/node_modules/astro/dist/core/middleware/callMiddleware.js:21:10) @ http://localhost:4322/@vite/client:1385
[ 1131563ms] [ERROR] Failed to load resource: the server responded with a status of 500 (Internal Server Error) @ http://localhost:4322/resources:0
[ 1131774ms] [ERROR] [vite] Internal Server Error
Cannot read properties of undefined (reading &#39;localeCompare&#39;)
TypeError: Cannot read properties of undefined (reading 'localeCompare')
    at C:\code\zentala.eu\src\pages\resources\index.astro:13:30
    at Array.sort (<anonymous>)
    at C:\code\zentala.eu\src\pages\resources\index.astro:13:4
    at index (C:\code\zentala.eu\node_modules\astro\dist\runtime\server\astro-component.js:16:12)
    at callComponentAsTemplateResultOrResponse (file:///C:/code/zentala.eu/node_modules/astro/dist/runtime/server/render/astro/render.js:90:31)
    at renderToAsyncIterable (file:///C:/code/zentala.eu/node_modules/astro/dist/runtime/server/render/astro/render.js:132:32)
    at renderPage (file:///C:/code/zentala.eu/node_modules/astro/dist/runtime/server/render/page.js:31:30)
    at lastNext (file:///C:/code/zentala.eu/node_modules/astro/dist/core/render-context.js:133:31)
    at process.processTicksAndRejections (node:internal/process/task_queues:105:5)
    at async callMiddleware (file:///C:/code/zentala.eu/node_modules/astro/dist/core/middleware/callMiddleware.js:21:10) @ http://localhost:4322/@vite/client:1385
[ 1131887ms] [ERROR] Failed to load resource: the server responded with a status of 500 (Internal Server Error) @ http://localhost:4322/resources:0
[ 1132002ms] [ERROR] Failed to load resource: the server responded with a status of 500 (Internal Server Error) @ http://localhost:4322/resources:0
[ 1132101ms] [ERROR] [vite] Internal Server Error
Cannot read properties of undefined (reading &#39;localeCompare&#39;)
TypeError: Cannot read properties of undefined (reading 'localeCompare')
    at C:\code\zentala.eu\src\pages\resources\index.astro:13:30
    at Array.sort (<anonymous>)
    at C:\code\zentala.eu\src\pages\resources\index.astro:13:4
    at index (C:\code\zentala.eu\node_modules\astro\dist\runtime\server\astro-component.js:16:12)
    at callComponentAsTemplateResultOrResponse (file:///C:/code/zentala.eu/node_modules/astro/dist/runtime/server/render/astro/render.js:90:31)
    at renderToAsyncIterable (file:///C:/code/zentala.eu/node_modules/astro/dist/runtime/server/render/astro/render.js:132:32)
    at renderPage (file:///C:/code/zentala.eu/node_modules/astro/dist/runtime/server/render/page.js:31:30)
    at lastNext (file:///C:/code/zentala.eu/node_modules/astro/dist/core/render-context.js:133:31)
    at process.processTicksAndRejections (node:internal/process/task_queues:105:5)
    at async callMiddleware (file:///C:/code/zentala.eu/node_modules/astro/dist/core/middleware/callMiddleware.js:21:10) @ http://localhost:4322/@vite/client:1385
[ 1132116ms] [ERROR] Failed to load resource: the server responded with a status of 500 (Internal Server Error) @ http://localhost:4322/resources:0
[ 1132228ms] [ERROR] [vite] Internal Server Error
Cannot read properties of undefined (reading &#39;localeCompare&#39;)
TypeError: Cannot read properties of undefined (reading 'localeCompare')
    at C:\code\zentala.eu\src\pages\resources\index.astro:13:30
    at Array.sort (<anonymous>)
    at C:\code\zentala.eu\src\pages\resources\index.astro:13:4
    at index (C:\code\zentala.eu\node_modules\astro\dist\runtime\server\astro-component.js:16:12)
    at callComponentAsTemplateResultOrResponse (file:///C:/code/zentala.eu/node_modules/astro/dist/runtime/server/render/astro/render.js:90:31)
    at renderToAsyncIterable (file:///C:/code/zentala.eu/node_modules/astro/dist/runtime/server/render/astro/render.js:132:32)
    at renderPage (file:///C:/code/zentala.eu/node_modules/astro/dist/runtime/server/render/page.js:31:30)
    at lastNext (file:///C:/code/zentala.eu/node_modules/astro/dist/core/render-context.js:133:31)
    at process.processTicksAndRejections (node:internal/process/task_queues:105:5)
    at async callMiddleware (file:///C:/code/zentala.eu/node_modules/astro/dist/core/middleware/callMiddleware.js:21:10) @ http://localhost:4322/@vite/client:1385
[ 1132331ms] [ERROR] [vite] Internal Server Error
Cannot read properties of undefined (reading &#39;localeCompare&#39;)
TypeError: Cannot read properties of undefined (reading 'localeCompare')
    at C:\code\zentala.eu\src\pages\resources\index.astro:13:30
    at Array.sort (<anonymous>)
    at C:\code\zentala.eu\src\pages\resources\index.astro:13:4
    at index (C:\code\zentala.eu\node_modules\astro\dist\runtime\server\astro-component.js:16:12)
    at callComponentAsTemplateResultOrResponse (file:///C:/code/zentala.eu/node_modules/astro/dist/runtime/server/render/astro/render.js:90:31)
    at renderToAsyncIterable (file:///C:/code/zentala.eu/node_modules/astro/dist/runtime/server/render/astro/render.js:132:32)
    at renderPage (file:///C:/code/zentala.eu/node_modules/astro/dist/runtime/server/render/page.js:31:30)
    at lastNext (file:///C:/code/zentala.eu/node_modules/astro/dist/core/render-context.js:133:31)
    at process.processTicksAndRejections (node:internal/process/task_queues:105:5)
    at async callMiddleware (file:///C:/code/zentala.eu/node_modules/astro/dist/core/middleware/callMiddleware.js:21:10) @ http://localhost:4322/@vite/client:1385
[ 1132412ms] [ERROR] Failed to load resource: the server responded with a status of 500 (Internal Server Error) @ http://localhost:4322/resources:0
[ 1132634ms] [ERROR] [vite] Internal Server Error
Cannot read properties of undefined (reading &#39;localeCompare&#39;)
TypeError: Cannot read properties of undefined (reading 'localeCompare')
    at C:\code\zentala.eu\src\pages\resources\index.astro:13:30
    at Array.sort (<anonymous>)
    at C:\code\zentala.eu\src\pages\resources\index.astro:13:4
    at index (C:\code\zentala.eu\node_modules\astro\dist\runtime\server\astro-component.js:16:12)
    at callComponentAsTemplateResultOrResponse (file:///C:/code/zentala.eu/node_modules/astro/dist/runtime/server/render/astro/render.js:90:31)
    at renderToAsyncIterable (file:///C:/code/zentala.eu/node_modules/astro/dist/runtime/server/render/astro/render.js:132:32)
    at renderPage (file:///C:/code/zentala.eu/node_modules/astro/dist/runtime/server/render/page.js:31:30)
    at lastNext (file:///C:/code/zentala.eu/node_modules/astro/dist/core/render-context.js:133:31)
    at process.processTicksAndRejections (node:internal/process/task_queues:105:5)
    at async callMiddleware (file:///C:/code/zentala.eu/node_modules/astro/dist/core/middleware/callMiddleware.js:21:10) @ http://localhost:4322/@vite/client:1385
[ 1132733ms] [ERROR] Failed to load resource: the server responded with a status of 500 (Internal Server Error) @ http://localhost:4322/resources:0
[ 1132842ms] [ERROR] Failed to load resource: the server responded with a status of 500 (Internal Server Error) @ http://localhost:4322/resources:0
[ 1132941ms] [ERROR] [vite] Internal Server Error
Cannot read properties of undefined (reading &#39;localeCompare&#39;)
TypeError: Cannot read properties of undefined (reading 'localeCompare')
    at C:\code\zentala.eu\src\pages\resources\index.astro:13:30
    at Array.sort (<anonymous>)
    at C:\code\zentala.eu\src\pages\resources\index.astro:13:4
    at index (C:\code\zentala.eu\node_modules\astro\dist\runtime\server\astro-component.js:16:12)
    at callComponentAsTemplateResultOrResponse (file:///C:/code/zentala.eu/node_modules/astro/dist/runtime/server/render/astro/render.js:90:31)
    at renderToAsyncIterable (file:///C:/code/zentala.eu/node_modules/astro/dist/runtime/server/render/astro/render.js:132:32)
    at renderPage (file:///C:/code/zentala.eu/node_modules/astro/dist/runtime/server/render/page.js:31:30)
    at lastNext (file:///C:/code/zentala.eu/node_modules/astro/dist/core/render-context.js:133:31)
    at process.processTicksAndRejections (node:internal/process/task_queues:105:5)
    at async callMiddleware (file:///C:/code/zentala.eu/node_modules/astro/dist/core/middleware/callMiddleware.js:21:10) @ http://localhost:4322/@vite/client:1385
[ 1132955ms] [ERROR] Failed to load resource: the server responded with a status of 500 (Internal Server Error) @ http://localhost:4322/resources:0
[ 1133049ms] [ERROR] [vite] Internal Server Error
Cannot read properties of undefined (reading &#39;localeCompare&#39;)
TypeError: Cannot read properties of undefined (reading 'localeCompare')
    at C:\code\zentala.eu\src\pages\resources\index.astro:13:30
    at Array.sort (<anonymous>)
    at C:\code\zentala.eu\src\pages\resources\index.astro:13:4
    at index (C:\code\zentala.eu\node_modules\astro\dist\runtime\server\astro-component.js:16:12)
    at callComponentAsTemplateResultOrResponse (file:///C:/code/zentala.eu/node_modules/astro/dist/runtime/server/render/astro/render.js:90:31)
    at renderToAsyncIterable (file:///C:/code/zentala.eu/node_modules/astro/dist/runtime/server/render/astro/render.js:132:32)
    at renderPage (file:///C:/code/zentala.eu/node_modules/astro/dist/runtime/server/render/page.js:31:30)
    at lastNext (file:///C:/code/zentala.eu/node_modules/astro/dist/core/render-context.js:133:31)
    at process.processTicksAndRejections (node:internal/process/task_queues:105:5)
    at async callMiddleware (file:///C:/code/zentala.eu/node_modules/astro/dist/core/middleware/callMiddleware.js:21:10) @ http://localhost:4322/@vite/client:1385
[ 1133164ms] [ERROR] Failed to load resource: the server responded with a status of 500 (Internal Server Error) @ http://localhost:4322/resources:0
[ 1133374ms] [ERROR] [vite] Internal Server Error
Cannot read properties of undefined (reading &#39;localeCompare&#39;)
TypeError: Cannot read properties of undefined (reading 'localeCompare')
    at C:\code\zentala.eu\src\pages\resources\index.astro:13:30
    at Array.sort (<anonymous>)
    at C:\code\zentala.eu\src\pages\resources\index.astro:13:4
    at index (C:\code\zentala.eu\node_modules\astro\dist\runtime\server\astro-component.js:16:12)
    at callComponentAsTemplateResultOrResponse (file:///C:/code/zentala.eu/node_modules/astro/dist/runtime/server/render/astro/render.js:90:31)
    at renderToAsyncIterable (file:///C:/code/zentala.eu/node_modules/astro/dist/runtime/server/render/astro/render.js:132:32)
    at renderPage (file:///C:/code/zentala.eu/node_modules/astro/dist/runtime/server/render/page.js:31:30)
    at lastNext (file:///C:/code/zentala.eu/node_modules/astro/dist/core/render-context.js:133:31)
    at process.processTicksAndRejections (node:internal/process/task_queues:105:5)
    at async callMiddleware (file:///C:/code/zentala.eu/node_modules/astro/dist/core/middleware/callMiddleware.js:21:10) @ http://localhost:4322/@vite/client:1385
[ 1133488ms] [ERROR] Failed to load resource: the server responded with a status of 500 (Internal Server Error) @ http://localhost:4322/resources:0
[ 1133595ms] [ERROR] Failed to load resource: the server responded with a status of 500 (Internal Server Error) @ http://localhost:4322/resources:0
[ 1133717ms] [ERROR] [vite] Internal Server Error
Cannot read properties of undefined (reading &#39;localeCompare&#39;)
TypeError: Cannot read properties of undefined (reading 'localeCompare')
    at C:\code\zentala.eu\src\pages\resources\index.astro:13:30
    at Array.sort (<anonymous>)
    at C:\code\zentala.eu\src\pages\resources\index.astro:13:4
    at index (C:\code\zentala.eu\node_modules\astro\dist\runtime\server\astro-component.js:16:12)
    at callComponentAsTemplateResultOrResponse (file:///C:/code/zentala.eu/node_modules/astro/dist/runtime/server/render/astro/render.js:90:31)
    at renderToAsyncIterable (file:///C:/code/zentala.eu/node_modules/astro/dist/runtime/server/render/astro/render.js:132:32)
    at renderPage (file:///C:/code/zentala.eu/node_modules/astro/dist/runtime/server/render/page.js:31:30)
    at lastNext (file:///C:/code/zentala.eu/node_modules/astro/dist/core/render-context.js:133:31)
    at process.processTicksAndRejections (node:internal/process/task_queues:105:5)
    at async callMiddleware (file:///C:/code/zentala.eu/node_modules/astro/dist/core/middleware/callMiddleware.js:21:10) @ http://localhost:4322/@vite/client:1385
[ 1133802ms] [ERROR] [vite] Internal Server Error
Cannot read properties of undefined (reading &#39;localeCompare&#39;)
TypeError: Cannot read properties of undefined (reading 'localeCompare')
    at C:\code\zentala.eu\src\pages\resources\index.astro:13:30
    at Array.sort (<anonymous>)
    at C:\code\zentala.eu\src\pages\resources\index.astro:13:4
    at index (C:\code\zentala.eu\node_modules\astro\dist\runtime\server\astro-component.js:16:12)
    at callComponentAsTemplateResultOrResponse (file:///C:/code/zentala.eu/node_modules/astro/dist/runtime/server/render/astro/render.js:90:31)
    at renderToAsyncIterable (file:///C:/code/zentala.eu/node_modules/astro/dist/runtime/server/render/astro/render.js:132:32)
    at renderPage (file:///C:/code/zentala.eu/node_modules/astro/dist/runtime/server/render/page.js:31:30)
    at lastNext (file:///C:/code/zentala.eu/node_modules/astro/dist/core/render-context.js:133:31)
    at process.processTicksAndRejections (node:internal/process/task_queues:105:5)
    at async callMiddleware (file:///C:/code/zentala.eu/node_modules/astro/dist/core/middleware/callMiddleware.js:21:10) @ http://localhost:4322/@vite/client:1385
[ 1133903ms] [ERROR] Failed to load resource: the server responded with a status of 500 (Internal Server Error) @ http://localhost:4322/resources:0
[ 1134016ms] [ERROR] Failed to load resource: the server responded with a status of 500 (Internal Server Error) @ http://localhost:4322/resources:0
[ 1134102ms] [ERROR] Failed to load resource: the server responded with a status of 500 (Internal Server Error) @ http://localhost:4322/resources:0
[ 1134209ms] [ERROR] Failed to load resource: the server responded with a status of 500 (Internal Server Error) @ http://localhost:4322/resources:0
[ 1134310ms] [ERROR] [vite] Internal Server Error
Cannot read properties of undefined (reading &#39;localeCompare&#39;)
TypeError: Cannot read properties of undefined (reading 'localeCompare')
    at C:\code\zentala.eu\src\pages\resources\index.astro:13:30
    at Array.sort (<anonymous>)
    at C:\code\zentala.eu\src\pages\resources\index.astro:13:4
    at index (C:\code\zentala.eu\node_modules\astro\dist\runtime\server\astro-component.js:16:12)
    at callComponentAsTemplateResultOrResponse (file:///C:/code/zentala.eu/node_modules/astro/dist/runtime/server/render/astro/render.js:90:31)
    at renderToAsyncIterable (file:///C:/code/zentala.eu/node_modules/astro/dist/runtime/server/render/astro/render.js:132:32)
    at renderPage (file:///C:/code/zentala.eu/node_modules/astro/dist/runtime/server/render/page.js:31:30)
    at lastNext (file:///C:/code/zentala.eu/node_modules/astro/dist/core/render-context.js:133:31)
    at process.processTicksAndRejections (node:internal/process/task_queues:105:5)
    at async callMiddleware (file:///C:/code/zentala.eu/node_modules/astro/dist/core/middleware/callMiddleware.js:21:10) @ http://localhost:4322/@vite/client:1385
[ 1134422ms] [ERROR] [vite] Internal Server Error
Cannot read properties of undefined (reading &#39;localeCompare&#39;)
TypeError: Cannot read properties of undefined (reading 'localeCompare')
    at C:\code\zentala.eu\src\pages\resources\index.astro:13:30
    at Array.sort (<anonymous>)
    at C:\code\zentala.eu\src\pages\resources\index.astro:13:4
    at index (C:\code\zentala.eu\node_modules\astro\dist\runtime\server\astro-component.js:16:12)
    at callComponentAsTemplateResultOrResponse (file:///C:/code/zentala.eu/node_modules/astro/dist/runtime/server/render/astro/render.js:90:31)
    at renderToAsyncIterable (file:///C:/code/zentala.eu/node_modules/astro/dist/runtime/server/render/astro/render.js:132:32)
    at renderPage (file:///C:/code/zentala.eu/node_modules/astro/dist/runtime/server/render/page.js:31:30)
    at lastNext (file:///C:/code/zentala.eu/node_modules/astro/dist/core/render-context.js:133:31)
    at process.processTicksAndRejections (node:internal/process/task_queues:105:5)
    at async callMiddleware (file:///C:/code/zentala.eu/node_modules/astro/dist/core/middleware/callMiddleware.js:21:10) @ http://localhost:4322/@vite/client:1385
[ 1134437ms] [ERROR] Failed to load resource: the server responded with a status of 500 (Internal Server Error) @ http://localhost:4322/resources:0
[ 1134630ms] [ERROR] Failed to load resource: the server responded with a status of 500 (Internal Server Error) @ http://localhost:4322/resources:0
[ 1134658ms] [ERROR] [vite] Internal Server Error
Cannot read properties of undefined (reading &#39;localeCompare&#39;)
TypeError: Cannot read properties of undefined (reading 'localeCompare')
    at C:\code\zentala.eu\src\pages\resources\index.astro:13:30
    at Array.sort (<anonymous>)
    at C:\code\zentala.eu\src\pages\resources\index.astro:13:4
    at index (C:\code\zentala.eu\node_modules\astro\dist\runtime\server\astro-component.js:16:12)
    at callComponentAsTemplateResultOrResponse (file:///C:/code/zentala.eu/node_modules/astro/dist/runtime/server/render/astro/render.js:90:31)
    at renderToAsyncIterable (file:///C:/code/zentala.eu/node_modules/astro/dist/runtime/server/render/astro/render.js:132:32)
    at renderPage (file:///C:/code/zentala.eu/node_modules/astro/dist/runtime/server/render/page.js:31:30)
    at lastNext (file:///C:/code/zentala.eu/node_modules/astro/dist/core/render-context.js:133:31)
    at process.processTicksAndRejections (node:internal/process/task_queues:105:5)
    at async callMiddleware (file:///C:/code/zentala.eu/node_modules/astro/dist/core/middleware/callMiddleware.js:21:10) @ http://localhost:4322/@vite/client:1385
[ 1134846ms] [ERROR] Failed to load resource: the server responded with a status of 500 (Internal Server Error) @ http://localhost:4322/resources:0
[ 1135063ms] [ERROR] [vite] Internal Server Error
Cannot read properties of undefined (reading &#39;localeCompare&#39;)
TypeError: Cannot read properties of undefined (reading 'localeCompare')
    at C:\code\zentala.eu\src\pages\resources\index.astro:13:30
    at Array.sort (<anonymous>)
    at C:\code\zentala.eu\src\pages\resources\index.astro:13:4
    at index (C:\code\zentala.eu\node_modules\astro\dist\runtime\server\astro-component.js:16:12)
    at callComponentAsTemplateResultOrResponse (file:///C:/code/zentala.eu/node_modules/astro/dist/runtime/server/render/astro/render.js:90:31)
    at renderToAsyncIterable (file:///C:/code/zentala.eu/node_modules/astro/dist/runtime/server/render/astro/render.js:132:32)
    at renderPage (file:///C:/code/zentala.eu/node_modules/astro/dist/runtime/server/render/page.js:31:30)
    at lastNext (file:///C:/code/zentala.eu/node_modules/astro/dist/core/render-context.js:133:31)
    at process.processTicksAndRejections (node:internal/process/task_queues:105:5)
    at async callMiddleware (file:///C:/code/zentala.eu/node_modules/astro/dist/core/middleware/callMiddleware.js:21:10) @ http://localhost:4322/@vite/client:1385
[ 1135167ms] [ERROR] Failed to load resource: the server responded with a status of 500 (Internal Server Error) @ http://localhost:4322/resources:0
[ 1135390ms] [ERROR] [vite] Internal Server Error
Cannot read properties of undefined (reading &#39;localeCompare&#39;)
TypeError: Cannot read properties of undefined (reading 'localeCompare')
    at C:\code\zentala.eu\src\pages\resources\index.astro:13:30
    at Array.sort (<anonymous>)
    at C:\code\zentala.eu\src\pages\resources\index.astro:13:4
    at index (C:\code\zentala.eu\node_modules\astro\dist\runtime\server\astro-component.js:16:12)
    at callComponentAsTemplateResultOrResponse (file:///C:/code/zentala.eu/node_modules/astro/dist/runtime/server/render/astro/render.js:90:31)
    at renderToAsyncIterable (file:///C:/code/zentala.eu/node_modules/astro/dist/runtime/server/render/astro/render.js:132:32)
    at renderPage (file:///C:/code/zentala.eu/node_modules/astro/dist/runtime/server/render/page.js:31:30)
    at lastNext (file:///C:/code/zentala.eu/node_modules/astro/dist/core/render-context.js:133:31)
    at process.processTicksAndRejections (node:internal/process/task_queues:105:5)
    at async callMiddleware (file:///C:/code/zentala.eu/node_modules/astro/dist/core/middleware/callMiddleware.js:21:10) @ http://localhost:4322/@vite/client:1385
[ 1135490ms] [ERROR] Failed to load resource: the server responded with a status of 500 (Internal Server Error) @ http://localhost:4322/resources:0
[ 1135597ms] [ERROR] Failed to load resource: the server responded with a status of 500 (Internal Server Error) @ http://localhost:4322/resources:0
[ 1135684ms] [ERROR] Failed to load resource: the server responded with a status of 500 (Internal Server Error) @ http://localhost:4322/resources:0
[ 1135714ms] [ERROR] [vite] Internal Server Error
Cannot read properties of undefined (reading &#39;localeCompare&#39;)
TypeError: Cannot read properties of undefined (reading 'localeCompare')
    at C:\code\zentala.eu\src\pages\resources\index.astro:13:30
    at Array.sort (<anonymous>)
    at C:\code\zentala.eu\src\pages\resources\index.astro:13:4
    at index (C:\code\zentala.eu\node_modules\astro\dist\runtime\server\astro-component.js:16:12)
    at callComponentAsTemplateResultOrResponse (file:///C:/code/zentala.eu/node_modules/astro/dist/runtime/server/render/astro/render.js:90:31)
    at renderToAsyncIterable (file:///C:/code/zentala.eu/node_modules/astro/dist/runtime/server/render/astro/render.js:132:32)
    at renderPage (file:///C:/code/zentala.eu/node_modules/astro/dist/runtime/server/render/page.js:31:30)
    at lastNext (file:///C:/code/zentala.eu/node_modules/astro/dist/core/render-context.js:133:31)
    at process.processTicksAndRejections (node:internal/process/task_queues:105:5)
    at async callMiddleware (file:///C:/code/zentala.eu/node_modules/astro/dist/core/middleware/callMiddleware.js:21:10) @ http://localhost:4322/@vite/client:1385
[ 1135791ms] [ERROR] Failed to load resource: the server responded with a status of 500 (Internal Server Error) @ http://localhost:4322/resources:0
[ 1135822ms] [ERROR] [vite] Internal Server Error
Cannot read properties of undefined (reading &#39;localeCompare&#39;)
TypeError: Cannot read properties of undefined (reading 'localeCompare')
    at C:\code\zentala.eu\src\pages\resources\index.astro:13:30
    at Array.sort (<anonymous>)
    at C:\code\zentala.eu\src\pages\resources\index.astro:13:4
    at index (C:\code\zentala.eu\node_modules\astro\dist\runtime\server\astro-component.js:16:12)
    at callComponentAsTemplateResultOrResponse (file:///C:/code/zentala.eu/node_modules/astro/dist/runtime/server/render/astro/render.js:90:31)
    at renderToAsyncIterable (file:///C:/code/zentala.eu/node_modules/astro/dist/runtime/server/render/astro/render.js:132:32)
    at renderPage (file:///C:/code/zentala.eu/node_modules/astro/dist/runtime/server/render/page.js:31:30)
    at lastNext (file:///C:/code/zentala.eu/node_modules/astro/dist/core/render-context.js:133:31)
    at process.processTicksAndRejections (node:internal/process/task_queues:105:5)
    at async callMiddleware (file:///C:/code/zentala.eu/node_modules/astro/dist/core/middleware/callMiddleware.js:21:10) @ http://localhost:4322/@vite/client:1385
[ 1135895ms] [ERROR] [vite] Internal Server Error
Cannot read properties of undefined (reading &#39;localeCompare&#39;)
TypeError: Cannot read properties of undefined (reading 'localeCompare')
    at C:\code\zentala.eu\src\pages\resources\index.astro:13:30
    at Array.sort (<anonymous>)
    at C:\code\zentala.eu\src\pages\resources\index.astro:13:4
    at index (C:\code\zentala.eu\node_modules\astro\dist\runtime\server\astro-component.js:16:12)
    at callComponentAsTemplateResultOrResponse (file:///C:/code/zentala.eu/node_modules/astro/dist/runtime/server/render/astro/render.js:90:31)
    at renderToAsyncIterable (file:///C:/code/zentala.eu/node_modules/astro/dist/runtime/server/render/astro/render.js:132:32)
    at renderPage (file:///C:/code/zentala.eu/node_modules/astro/dist/runtime/server/render/page.js:31:30)
    at lastNext (file:///C:/code/zentala.eu/node_modules/astro/dist/core/render-context.js:133:31)
    at process.processTicksAndRejections (node:internal/process/task_queues:105:5)
    at async callMiddleware (file:///C:/code/zentala.eu/node_modules/astro/dist/core/middleware/callMiddleware.js:21:10) @ http://localhost:4322/@vite/client:1385
[ 1136004ms] [ERROR] Failed to load resource: the server responded with a status of 500 (Internal Server Error) @ http://localhost:4322/resources:0
[ 1136225ms] [ERROR] [vite] Internal Server Error
Cannot read properties of undefined (reading &#39;localeCompare&#39;)
TypeError: Cannot read properties of undefined (reading 'localeCompare')
    at C:\code\zentala.eu\src\pages\resources\index.astro:13:30
    at Array.sort (<anonymous>)
    at C:\code\zentala.eu\src\pages\resources\index.astro:13:4
    at index (C:\code\zentala.eu\node_modules\astro\dist\runtime\server\astro-component.js:16:12)
    at callComponentAsTemplateResultOrResponse (file:///C:/code/zentala.eu/node_modules/astro/dist/runtime/server/render/astro/render.js:90:31)
    at renderToAsyncIterable (file:///C:/code/zentala.eu/node_modules/astro/dist/runtime/server/render/astro/render.js:132:32)
    at renderPage (file:///C:/code/zentala.eu/node_modules/astro/dist/runtime/server/render/page.js:31:30)
    at lastNext (file:///C:/code/zentala.eu/node_modules/astro/dist/core/render-context.js:133:31)
    at process.processTicksAndRejections (node:internal/process/task_queues:105:5)
    at async callMiddleware (file:///C:/code/zentala.eu/node_modules/astro/dist/core/middleware/callMiddleware.js:21:10) @ http://localhost:4322/@vite/client:1385
[ 1136322ms] [ERROR] Failed to load resource: the server responded with a status of 500 (Internal Server Error) @ http://localhost:4322/resources:0
[ 1136431ms] [ERROR] Failed to load resource: the server responded with a status of 500 (Internal Server Error) @ http://localhost:4322/resources:0
[ 1136528ms] [ERROR] Failed to load resource: the server responded with a status of 500 (Internal Server Error) @ http://localhost:4322/resources:0
[ 1136651ms] [ERROR] [vite] Internal Server Error
Cannot read properties of undefined (reading &#39;localeCompare&#39;)
TypeError: Cannot read properties of undefined (reading 'localeCompare')
    at C:\code\zentala.eu\src\pages\resources\index.astro:13:30
    at Array.sort (<anonymous>)
    at C:\code\zentala.eu\src\pages\resources\index.astro:13:4
    at index (C:\code\zentala.eu\node_modules\astro\dist\runtime\server\astro-component.js:16:12)
    at callComponentAsTemplateResultOrResponse (file:///C:/code/zentala.eu/node_modules/astro/dist/runtime/server/render/astro/render.js:90:31)
    at renderToAsyncIterable (file:///C:/code/zentala.eu/node_modules/astro/dist/runtime/server/render/astro/render.js:132:32)
    at renderPage (file:///C:/code/zentala.eu/node_modules/astro/dist/runtime/server/render/page.js:31:30)
    at lastNext (file:///C:/code/zentala.eu/node_modules/astro/dist/core/render-context.js:133:31)
    at process.processTicksAndRejections (node:internal/process/task_queues:105:5)
    at async callMiddleware (file:///C:/code/zentala.eu/node_modules/astro/dist/core/middleware/callMiddleware.js:21:10) @ http://localhost:4322/@vite/client:1385
[ 1136745ms] [ERROR] [vite] Internal Server Error
Cannot read properties of undefined (reading &#39;localeCompare&#39;)
TypeError: Cannot read properties of undefined (reading 'localeCompare')
    at C:\code\zentala.eu\src\pages\resources\index.astro:13:30
    at Array.sort (<anonymous>)
    at C:\code\zentala.eu\src\pages\resources\index.astro:13:4
    at index (C:\code\zentala.eu\node_modules\astro\dist\runtime\server\astro-component.js:16:12)
    at callComponentAsTemplateResultOrResponse (file:///C:/code/zentala.eu/node_modules/astro/dist/runtime/server/render/astro/render.js:90:31)
    at renderToAsyncIterable (file:///C:/code/zentala.eu/node_modules/astro/dist/runtime/server/render/astro/render.js:132:32)
    at renderPage (file:///C:/code/zentala.eu/node_modules/astro/dist/runtime/server/render/page.js:31:30)
    at lastNext (file:///C:/code/zentala.eu/node_modules/astro/dist/core/render-context.js:133:31)
    at process.processTicksAndRejections (node:internal/process/task_queues:105:5)
    at async callMiddleware (file:///C:/code/zentala.eu/node_modules/astro/dist/core/middleware/callMiddleware.js:21:10) @ http://localhost:4322/@vite/client:1385
[ 1136848ms] [ERROR] Failed to load resource: the server responded with a status of 500 (Internal Server Error) @ http://localhost:4322/resources:0
[ 1136955ms] [ERROR] Failed to load resource: the server responded with a status of 500 (Internal Server Error) @ http://localhost:4322/resources:0
[ 1137065ms] [ERROR] [vite] Internal Server Error
Cannot read properties of undefined (reading &#39;localeCompare&#39;)
TypeError: Cannot read properties of undefined (reading 'localeCompare')
    at C:\code\zentala.eu\src\pages\resources\index.astro:13:30
    at Array.sort (<anonymous>)
    at C:\code\zentala.eu\src\pages\resources\index.astro:13:4
    at index (C:\code\zentala.eu\node_modules\astro\dist\runtime\server\astro-component.js:16:12)
    at callComponentAsTemplateResultOrResponse (file:///C:/code/zentala.eu/node_modules/astro/dist/runtime/server/render/astro/render.js:90:31)
    at renderToAsyncIterable (file:///C:/code/zentala.eu/node_modules/astro/dist/runtime/server/render/astro/render.js:132:32)
    at renderPage (file:///C:/code/zentala.eu/node_modules/astro/dist/runtime/server/render/page.js:31:30)
    at lastNext (file:///C:/code/zentala.eu/node_modules/astro/dist/core/render-context.js:133:31)
    at process.processTicksAndRejections (node:internal/process/task_queues:105:5)
    at async callMiddleware (file:///C:/code/zentala.eu/node_modules/astro/dist/core/middleware/callMiddleware.js:21:10) @ http://localhost:4322/@vite/client:1385
[ 1137166ms] [ERROR] Failed to load resource: the server responded with a status of 500 (Internal Server Error) @ http://localhost:4322/resources:0
[ 1137267ms] [ERROR] Failed to load resource: the server responded with a status of 500 (Internal Server Error) @ http://localhost:4322/resources:0
[ 1137389ms] [ERROR] [vite] Internal Server Error
Cannot read properties of undefined (reading &#39;localeCompare&#39;)
TypeError: Cannot read properties of undefined (reading 'localeCompare')
    at C:\code\zentala.eu\src\pages\resources\index.astro:13:30
    at Array.sort (<anonymous>)
    at C:\code\zentala.eu\src\pages\resources\index.astro:13:4
    at index (C:\code\zentala.eu\node_modules\astro\dist\runtime\server\astro-component.js:16:12)
    at callComponentAsTemplateResultOrResponse (file:///C:/code/zentala.eu/node_modules/astro/dist/runtime/server/render/astro/render.js:90:31)
    at renderToAsyncIterable (file:///C:/code/zentala.eu/node_modules/astro/dist/runtime/server/render/astro/render.js:132:32)
    at renderPage (file:///C:/code/zentala.eu/node_modules/astro/dist/runtime/server/render/page.js:31:30)
    at lastNext (file:///C:/code/zentala.eu/node_modules/astro/dist/core/render-context.js:133:31)
    at process.processTicksAndRejections (node:internal/process/task_queues:105:5)
    at async callMiddleware (file:///C:/code/zentala.eu/node_modules/astro/dist/core/middleware/callMiddleware.js:21:10) @ http://localhost:4322/@vite/client:1385
[ 1137481ms] [ERROR] [vite] Internal Server Error
Cannot read properties of undefined (reading &#39;localeCompare&#39;)
TypeError: Cannot read properties of undefined (reading 'localeCompare')
    at C:\code\zentala.eu\src\pages\resources\index.astro:13:30
    at Array.sort (<anonymous>)
    at C:\code\zentala.eu\src\pages\resources\index.astro:13:4
    at index (C:\code\zentala.eu\node_modules\astro\dist\runtime\server\astro-component.js:16:12)
    at callComponentAsTemplateResultOrResponse (file:///C:/code/zentala.eu/node_modules/astro/dist/runtime/server/render/astro/render.js:90:31)
    at renderToAsyncIterable (file:///C:/code/zentala.eu/node_modules/astro/dist/runtime/server/render/astro/render.js:132:32)
    at renderPage (file:///C:/code/zentala.eu/node_modules/astro/dist/runtime/server/render/page.js:31:30)
    at lastNext (file:///C:/code/zentala.eu/node_modules/astro/dist/core/render-context.js:133:31)
    at process.processTicksAndRejections (node:internal/process/task_queues:105:5)
    at async callMiddleware (file:///C:/code/zentala.eu/node_modules/astro/dist/core/middleware/callMiddleware.js:21:10) @ http://localhost:4322/@vite/client:1385
[ 1137494ms] [ERROR] Failed to load resource: the server responded with a status of 500 (Internal Server Error) @ http://localhost:4322/resources:0
[ 1137733ms] [ERROR] [vite] Internal Server Error
Cannot read properties of undefined (reading &#39;localeCompare&#39;)
TypeError: Cannot read properties of undefined (reading 'localeCompare')
    at C:\code\zentala.eu\src\pages\resources\index.astro:13:30
    at Array.sort (<anonymous>)
    at C:\code\zentala.eu\src\pages\resources\index.astro:13:4
    at index (C:\code\zentala.eu\node_modules\astro\dist\runtime\server\astro-component.js:16:12)
    at callComponentAsTemplateResultOrResponse (file:///C:/code/zentala.eu/node_modules/astro/dist/runtime/server/render/astro/render.js:90:31)
    at renderToAsyncIterable (file:///C:/code/zentala.eu/node_modules/astro/dist/runtime/server/render/astro/render.js:132:32)
    at renderPage (file:///C:/code/zentala.eu/node_modules/astro/dist/runtime/server/render/page.js:31:30)
    at lastNext (file:///C:/code/zentala.eu/node_modules/astro/dist/core/render-context.js:133:31)
    at process.processTicksAndRejections (node:internal/process/task_queues:105:5)
    at async callMiddleware (file:///C:/code/zentala.eu/node_modules/astro/dist/core/middleware/callMiddleware.js:21:10) @ http://localhost:4322/@vite/client:1385
[ 1137907ms] [ERROR] Failed to load resource: the server responded with a status of 500 (Internal Server Error) @ http://localhost:4322/resources:0
[ 1138010ms] [ERROR] Failed to load resource: the server responded with a status of 500 (Internal Server Error) @ http://localhost:4322/resources:0
[ 1138113ms] [ERROR] [vite] Internal Server Error
Cannot read properties of undefined (reading &#39;localeCompare&#39;)
TypeError: Cannot read properties of undefined (reading 'localeCompare')
    at C:\code\zentala.eu\src\pages\resources\index.astro:13:30
    at Array.sort (<anonymous>)
    at C:\code\zentala.eu\src\pages\resources\index.astro:13:4
    at index (C:\code\zentala.eu\node_modules\astro\dist\runtime\server\astro-component.js:16:12)
    at callComponentAsTemplateResultOrResponse (file:///C:/code/zentala.eu/node_modules/astro/dist/runtime/server/render/astro/render.js:90:31)
    at renderToAsyncIterable (file:///C:/code/zentala.eu/node_modules/astro/dist/runtime/server/render/astro/render.js:132:32)
    at renderPage (file:///C:/code/zentala.eu/node_modules/astro/dist/runtime/server/render/page.js:31:30)
    at lastNext (file:///C:/code/zentala.eu/node_modules/astro/dist/core/render-context.js:133:31)
    at process.processTicksAndRejections (node:internal/process/task_queues:105:5)
    at async callMiddleware (file:///C:/code/zentala.eu/node_modules/astro/dist/core/middleware/callMiddleware.js:21:10) @ http://localhost:4322/@vite/client:1385
[ 1138136ms] [ERROR] Failed to load resource: the server responded with a status of 500 (Internal Server Error) @ http://localhost:4322/resources:0
[ 1138245ms] [ERROR] [vite] Internal Server Error
Cannot read properties of undefined (reading &#39;localeCompare&#39;)
TypeError: Cannot read properties of undefined (reading 'localeCompare')
    at C:\code\zentala.eu\src\pages\resources\index.astro:13:30
    at Array.sort (<anonymous>)
    at C:\code\zentala.eu\src\pages\resources\index.astro:13:4
    at index (C:\code\zentala.eu\node_modules\astro\dist\runtime\server\astro-component.js:16:12)
    at callComponentAsTemplateResultOrResponse (file:///C:/code/zentala.eu/node_modules/astro/dist/runtime/server/render/astro/render.js:90:31)
    at renderToAsyncIterable (file:///C:/code/zentala.eu/node_modules/astro/dist/runtime/server/render/astro/render.js:132:32)
    at renderPage (file:///C:/code/zentala.eu/node_modules/astro/dist/runtime/server/render/page.js:31:30)
    at lastNext (file:///C:/code/zentala.eu/node_modules/astro/dist/core/render-context.js:133:31)
    at process.processTicksAndRejections (node:internal/process/task_queues:105:5)
    at async callMiddleware (file:///C:/code/zentala.eu/node_modules/astro/dist/core/middleware/callMiddleware.js:21:10) @ http://localhost:4322/@vite/client:1385
[ 1138338ms] [ERROR] Failed to load resource: the server responded with a status of 500 (Internal Server Error) @ http://localhost:4322/resources:0
[ 1138548ms] [ERROR] [vite] Internal Server Error
Cannot read properties of undefined (reading &#39;localeCompare&#39;)
TypeError: Cannot read properties of undefined (reading 'localeCompare')
    at C:\code\zentala.eu\src\pages\resources\index.astro:13:30
    at Array.sort (<anonymous>)
    at C:\code\zentala.eu\src\pages\resources\index.astro:13:4
    at index (C:\code\zentala.eu\node_modules\astro\dist\runtime\server\astro-component.js:16:12)
    at callComponentAsTemplateResultOrResponse (file:///C:/code/zentala.eu/node_modules/astro/dist/runtime/server/render/astro/render.js:90:31)
    at renderToAsyncIterable (file:///C:/code/zentala.eu/node_modules/astro/dist/runtime/server/render/astro/render.js:132:32)
    at renderPage (file:///C:/code/zentala.eu/node_modules/astro/dist/runtime/server/render/page.js:31:30)
    at lastNext (file:///C:/code/zentala.eu/node_modules/astro/dist/core/render-context.js:133:31)
    at process.processTicksAndRejections (node:internal/process/task_queues:105:5)
    at async callMiddleware (file:///C:/code/zentala.eu/node_modules/astro/dist/core/middleware/callMiddleware.js:21:10) @ http://localhost:4322/@vite/client:1385
[ 1138667ms] [ERROR] Failed to load resource: the server responded with a status of 500 (Internal Server Error) @ http://localhost:4322/resources:0
[ 1138770ms] [ERROR] Failed to load resource: the server responded with a status of 500 (Internal Server Error) @ http://localhost:4322/resources:0
[ 1138877ms] [ERROR] Failed to load resource: the server responded with a status of 500 (Internal Server Error) @ http://localhost:4322/resources:0
[ 1138969ms] [ERROR] Failed to load resource: the server responded with a status of 500 (Internal Server Error) @ http://localhost:4322/resources:0
[ 1139078ms] [ERROR] Failed to load resource: the server responded with a status of 500 (Internal Server Error) @ http://localhost:4322/resources:0
[ 1139184ms] [ERROR] [vite] Internal Server Error
Cannot read properties of undefined (reading &#39;localeCompare&#39;)
TypeError: Cannot read properties of undefined (reading 'localeCompare')
    at C:\code\zentala.eu\src\pages\resources\index.astro:13:30
    at Array.sort (<anonymous>)
    at C:\code\zentala.eu\src\pages\resources\index.astro:13:4
    at index (C:\code\zentala.eu\node_modules\astro\dist\runtime\server\astro-component.js:16:12)
    at callComponentAsTemplateResultOrResponse (file:///C:/code/zentala.eu/node_modules/astro/dist/runtime/server/render/astro/render.js:90:31)
    at renderToAsyncIterable (file:///C:/code/zentala.eu/node_modules/astro/dist/runtime/server/render/astro/render.js:132:32)
    at renderPage (file:///C:/code/zentala.eu/node_modules/astro/dist/runtime/server/render/page.js:31:30)
    at lastNext (file:///C:/code/zentala.eu/node_modules/astro/dist/core/render-context.js:133:31)
    at process.processTicksAndRejections (node:internal/process/task_queues:105:5)
    at async callMiddleware (file:///C:/code/zentala.eu/node_modules/astro/dist/core/middleware/callMiddleware.js:21:10) @ http://localhost:4322/@vite/client:1385
[ 1139194ms] [ERROR] Failed to load resource: the server responded with a status of 500 (Internal Server Error) @ http://localhost:4322/resources:0
[ 1139312ms] [ERROR] [vite] Internal Server Error
Cannot read properties of undefined (reading &#39;localeCompare&#39;)
TypeError: Cannot read properties of undefined (reading 'localeCompare')
    at C:\code\zentala.eu\src\pages\resources\index.astro:13:30
    at Array.sort (<anonymous>)
    at C:\code\zentala.eu\src\pages\resources\index.astro:13:4
    at index (C:\code\zentala.eu\node_modules\astro\dist\runtime\server\astro-component.js:16:12)
    at callComponentAsTemplateResultOrResponse (file:///C:/code/zentala.eu/node_modules/astro/dist/runtime/server/render/astro/render.js:90:31)
    at renderToAsyncIterable (file:///C:/code/zentala.eu/node_modules/astro/dist/runtime/server/render/astro/render.js:132:32)
    at renderPage (file:///C:/code/zentala.eu/node_modules/astro/dist/runtime/server/render/page.js:31:30)
    at lastNext (file:///C:/code/zentala.eu/node_modules/astro/dist/core/render-context.js:133:31)
    at process.processTicksAndRejections (node:internal/process/task_queues:105:5)
    at async callMiddleware (file:///C:/code/zentala.eu/node_modules/astro/dist/core/middleware/callMiddleware.js:21:10) @ http://localhost:4322/@vite/client:1385
[ 1139419ms] [ERROR] [vite] Internal Server Error
Cannot read properties of undefined (reading &#39;localeCompare&#39;)
TypeError: Cannot read properties of undefined (reading 'localeCompare')
    at C:\code\zentala.eu\src\pages\resources\index.astro:13:30
    at Array.sort (<anonymous>)
    at C:\code\zentala.eu\src\pages\resources\index.astro:13:4
    at index (C:\code\zentala.eu\node_modules\astro\dist\runtime\server\astro-component.js:16:12)
    at callComponentAsTemplateResultOrResponse (file:///C:/code/zentala.eu/node_modules/astro/dist/runtime/server/render/astro/render.js:90:31)
    at renderToAsyncIterable (file:///C:/code/zentala.eu/node_modules/astro/dist/runtime/server/render/astro/render.js:132:32)
    at renderPage (file:///C:/code/zentala.eu/node_modules/astro/dist/runtime/server/render/page.js:31:30)
    at lastNext (file:///C:/code/zentala.eu/node_modules/astro/dist/core/render-context.js:133:31)
    at process.processTicksAndRejections (node:internal/process/task_queues:105:5)
    at async callMiddleware (file:///C:/code/zentala.eu/node_modules/astro/dist/core/middleware/callMiddleware.js:21:10) @ http://localhost:4322/@vite/client:1385
[ 1139495ms] [ERROR] Failed to load resource: the server responded with a status of 500 (Internal Server Error) @ http://localhost:4322/resources:0
[ 1139607ms] [ERROR] Failed to load resource: the server responded with a status of 500 (Internal Server Error) @ http://localhost:4322/resources:0
[ 1139712ms] [ERROR] [vite] Internal Server Error
Cannot read properties of undefined (reading &#39;localeCompare&#39;)
TypeError: Cannot read properties of undefined (reading 'localeCompare')
    at C:\code\zentala.eu\src\pages\resources\index.astro:13:30
    at Array.sort (<anonymous>)
    at C:\code\zentala.eu\src\pages\resources\index.astro:13:4
    at index (C:\code\zentala.eu\node_modules\astro\dist\runtime\server\astro-component.js:16:12)
    at callComponentAsTemplateResultOrResponse (file:///C:/code/zentala.eu/node_modules/astro/dist/runtime/server/render/astro/render.js:90:31)
    at renderToAsyncIterable (file:///C:/code/zentala.eu/node_modules/astro/dist/runtime/server/render/astro/render.js:132:32)
    at renderPage (file:///C:/code/zentala.eu/node_modules/astro/dist/runtime/server/render/page.js:31:30)
    at lastNext (file:///C:/code/zentala.eu/node_modules/astro/dist/core/render-context.js:133:31)
    at process.processTicksAndRejections (node:internal/process/task_queues:105:5)
    at async callMiddleware (file:///C:/code/zentala.eu/node_modules/astro/dist/core/middleware/callMiddleware.js:21:10) @ http://localhost:4322/@vite/client:1385
[ 1139725ms] [ERROR] Failed to load resource: the server responded with a status of 500 (Internal Server Error) @ http://localhost:4322/resources:0
[ 1139818ms] [ERROR] [vite] Internal Server Error
Cannot read properties of undefined (reading &#39;localeCompare&#39;)
TypeError: Cannot read properties of undefined (reading 'localeCompare')
    at C:\code\zentala.eu\src\pages\resources\index.astro:13:30
    at Array.sort (<anonymous>)
    at C:\code\zentala.eu\src\pages\resources\index.astro:13:4
    at index (C:\code\zentala.eu\node_modules\astro\dist\runtime\server\astro-component.js:16:12)
    at callComponentAsTemplateResultOrResponse (file:///C:/code/zentala.eu/node_modules/astro/dist/runtime/server/render/astro/render.js:90:31)
    at renderToAsyncIterable (file:///C:/code/zentala.eu/node_modules/astro/dist/runtime/server/render/astro/render.js:132:32)
    at renderPage (file:///C:/code/zentala.eu/node_modules/astro/dist/runtime/server/render/page.js:31:30)
    at lastNext (file:///C:/code/zentala.eu/node_modules/astro/dist/core/render-context.js:133:31)
    at process.processTicksAndRejections (node:internal/process/task_queues:105:5)
    at async callMiddleware (file:///C:/code/zentala.eu/node_modules/astro/dist/core/middleware/callMiddleware.js:21:10) @ http://localhost:4322/@vite/client:1385
[ 1139920ms] [ERROR] Failed to load resource: the server responded with a status of 500 (Internal Server Error) @ http://localhost:4322/resources:0
[ 1139952ms] [ERROR] [vite] Internal Server Error
Cannot read properties of undefined (reading &#39;localeCompare&#39;)
TypeError: Cannot read properties of undefined (reading 'localeCompare')
    at C:\code\zentala.eu\src\pages\resources\index.astro:13:30
    at Array.sort (<anonymous>)
    at C:\code\zentala.eu\src\pages\resources\index.astro:13:4
    at index (C:\code\zentala.eu\node_modules\astro\dist\runtime\server\astro-component.js:16:12)
    at callComponentAsTemplateResultOrResponse (file:///C:/code/zentala.eu/node_modules/astro/dist/runtime/server/render/astro/render.js:90:31)
    at renderToAsyncIterable (file:///C:/code/zentala.eu/node_modules/astro/dist/runtime/server/render/astro/render.js:132:32)
    at renderPage (file:///C:/code/zentala.eu/node_modules/astro/dist/runtime/server/render/page.js:31:30)
    at lastNext (file:///C:/code/zentala.eu/node_modules/astro/dist/core/render-context.js:133:31)
    at process.processTicksAndRejections (node:internal/process/task_queues:105:5)
    at async callMiddleware (file:///C:/code/zentala.eu/node_modules/astro/dist/core/middleware/callMiddleware.js:21:10) @ http://localhost:4322/@vite/client:1385
[ 1140026ms] [ERROR] Failed to load resource: the server responded with a status of 500 (Internal Server Error) @ http://localhost:4322/resources:0
[ 1140138ms] [ERROR] Failed to load resource: the server responded with a status of 500 (Internal Server Error) @ http://localhost:4322/resources:0
[ 1140233ms] [ERROR] [vite] Internal Server Error
Cannot read properties of undefined (reading &#39;localeCompare&#39;)
TypeError: Cannot read properties of undefined (reading 'localeCompare')
    at C:\code\zentala.eu\src\pages\resources\index.astro:13:30
    at Array.sort (<anonymous>)
    at C:\code\zentala.eu\src\pages\resources\index.astro:13:4
    at index (C:\code\zentala.eu\node_modules\astro\dist\runtime\server\astro-component.js:16:12)
    at callComponentAsTemplateResultOrResponse (file:///C:/code/zentala.eu/node_modules/astro/dist/runtime/server/render/astro/render.js:90:31)
    at renderToAsyncIterable (file:///C:/code/zentala.eu/node_modules/astro/dist/runtime/server/render/astro/render.js:132:32)
    at renderPage (file:///C:/code/zentala.eu/node_modules/astro/dist/runtime/server/render/page.js:31:30)
    at lastNext (file:///C:/code/zentala.eu/node_modules/astro/dist/core/render-context.js:133:31)
    at process.processTicksAndRejections (node:internal/process/task_queues:105:5)
    at async callMiddleware (file:///C:/code/zentala.eu/node_modules/astro/dist/core/middleware/callMiddleware.js:21:10) @ http://localhost:4322/@vite/client:1385
[ 1140350ms] [ERROR] Failed to load resource: the server responded with a status of 500 (Internal Server Error) @ http://localhost:4322/resources:0
[ 1140619ms] [ERROR] [vite] Internal Server Error
Cannot read properties of undefined (reading &#39;localeCompare&#39;)
TypeError: Cannot read properties of undefined (reading 'localeCompare')
    at C:\code\zentala.eu\src\pages\resources\index.astro:13:30
    at Array.sort (<anonymous>)
    at C:\code\zentala.eu\src\pages\resources\index.astro:13:4
    at index (C:\code\zentala.eu\node_modules\astro\dist\runtime\server\astro-component.js:16:12)
    at callComponentAsTemplateResultOrResponse (file:///C:/code/zentala.eu/node_modules/astro/dist/runtime/server/render/astro/render.js:90:31)
    at renderToAsyncIterable (file:///C:/code/zentala.eu/node_modules/astro/dist/runtime/server/render/astro/render.js:132:32)
    at renderPage (file:///C:/code/zentala.eu/node_modules/astro/dist/runtime/server/render/page.js:31:30)
    at lastNext (file:///C:/code/zentala.eu/node_modules/astro/dist/core/render-context.js:133:31)
    at process.processTicksAndRejections (node:internal/process/task_queues:105:5)
    at async callMiddleware (file:///C:/code/zentala.eu/node_modules/astro/dist/core/middleware/callMiddleware.js:21:10) @ http://localhost:4322/@vite/client:1385
[ 1140884ms] [ERROR] Failed to load resource: the server responded with a status of 500 (Internal Server Error) @ http://localhost:4322/resources:0
[ 1141114ms] [ERROR] [vite] Internal Server Error
Cannot read properties of undefined (reading &#39;localeCompare&#39;)
TypeError: Cannot read properties of undefined (reading 'localeCompare')
    at C:\code\zentala.eu\src\pages\resources\index.astro:13:30
    at Array.sort (<anonymous>)
    at C:\code\zentala.eu\src\pages\resources\index.astro:13:4
    at index (C:\code\zentala.eu\node_modules\astro\dist\runtime\server\astro-component.js:16:12)
    at callComponentAsTemplateResultOrResponse (file:///C:/code/zentala.eu/node_modules/astro/dist/runtime/server/render/astro/render.js:90:31)
    at renderToAsyncIterable (file:///C:/code/zentala.eu/node_modules/astro/dist/runtime/server/render/astro/render.js:132:32)
    at renderPage (file:///C:/code/zentala.eu/node_modules/astro/dist/runtime/server/render/page.js:31:30)
    at lastNext (file:///C:/code/zentala.eu/node_modules/astro/dist/core/render-context.js:133:31)
    at process.processTicksAndRejections (node:internal/process/task_queues:105:5)
    at async callMiddleware (file:///C:/code/zentala.eu/node_modules/astro/dist/core/middleware/callMiddleware.js:21:10) @ http://localhost:4322/@vite/client:1385
[ 1141227ms] [ERROR] Failed to load resource: the server responded with a status of 500 (Internal Server Error) @ http://localhost:4322/resources:0
[ 1141338ms] [ERROR] Failed to load resource: the server responded with a status of 500 (Internal Server Error) @ http://localhost:4322/resources:0
[ 1141468ms] [ERROR] [vite] Internal Server Error
Cannot read properties of undefined (reading &#39;localeCompare&#39;)
TypeError: Cannot read properties of undefined (reading 'localeCompare')
    at C:\code\zentala.eu\src\pages\resources\index.astro:13:30
    at Array.sort (<anonymous>)
    at C:\code\zentala.eu\src\pages\resources\index.astro:13:4
    at index (C:\code\zentala.eu\node_modules\astro\dist\runtime\server\astro-component.js:16:12)
    at callComponentAsTemplateResultOrResponse (file:///C:/code/zentala.eu/node_modules/astro/dist/runtime/server/render/astro/render.js:90:31)
    at renderToAsyncIterable (file:///C:/code/zentala.eu/node_modules/astro/dist/runtime/server/render/astro/render.js:132:32)
    at renderPage (file:///C:/code/zentala.eu/node_modules/astro/dist/runtime/server/render/page.js:31:30)
    at lastNext (file:///C:/code/zentala.eu/node_modules/astro/dist/core/render-context.js:133:31)
    at process.processTicksAndRejections (node:internal/process/task_queues:105:5)
    at async callMiddleware (file:///C:/code/zentala.eu/node_modules/astro/dist/core/middleware/callMiddleware.js:21:10) @ http://localhost:4322/@vite/client:1385
[ 1141554ms] [ERROR] [vite] Internal Server Error
Cannot read properties of undefined (reading &#39;localeCompare&#39;)
TypeError: Cannot read properties of undefined (reading 'localeCompare')
    at C:\code\zentala.eu\src\pages\resources\index.astro:13:30
    at Array.sort (<anonymous>)
    at C:\code\zentala.eu\src\pages\resources\index.astro:13:4
    at index (C:\code\zentala.eu\node_modules\astro\dist\runtime\server\astro-component.js:16:12)
    at callComponentAsTemplateResultOrResponse (file:///C:/code/zentala.eu/node_modules/astro/dist/runtime/server/render/astro/render.js:90:31)
    at renderToAsyncIterable (file:///C:/code/zentala.eu/node_modules/astro/dist/runtime/server/render/astro/render.js:132:32)
    at renderPage (file:///C:/code/zentala.eu/node_modules/astro/dist/runtime/server/render/page.js:31:30)
    at lastNext (file:///C:/code/zentala.eu/node_modules/astro/dist/core/render-context.js:133:31)
    at process.processTicksAndRejections (node:internal/process/task_queues:105:5)
    at async callMiddleware (file:///C:/code/zentala.eu/node_modules/astro/dist/core/middleware/callMiddleware.js:21:10) @ http://localhost:4322/@vite/client:1385
[ 1141643ms] [ERROR] Failed to load resource: the server responded with a status of 500 (Internal Server Error) @ http://localhost:4322/resources:0
[ 1141849ms] [ERROR] [vite] Internal Server Error
Cannot read properties of undefined (reading &#39;localeCompare&#39;)
TypeError: Cannot read properties of undefined (reading 'localeCompare')
    at C:\code\zentala.eu\src\pages\resources\index.astro:13:30
    at Array.sort (<anonymous>)
    at C:\code\zentala.eu\src\pages\resources\index.astro:13:4
    at index (C:\code\zentala.eu\node_modules\astro\dist\runtime\server\astro-component.js:16:12)
    at callComponentAsTemplateResultOrResponse (file:///C:/code/zentala.eu/node_modules/astro/dist/runtime/server/render/astro/render.js:90:31)
    at renderToAsyncIterable (file:///C:/code/zentala.eu/node_modules/astro/dist/runtime/server/render/astro/render.js:132:32)
    at renderPage (file:///C:/code/zentala.eu/node_modules/astro/dist/runtime/server/render/page.js:31:30)
    at lastNext (file:///C:/code/zentala.eu/node_modules/astro/dist/core/render-context.js:133:31)
    at process.processTicksAndRejections (node:internal/process/task_queues:105:5)
    at async callMiddleware (file:///C:/code/zentala.eu/node_modules/astro/dist/core/middleware/callMiddleware.js:21:10) @ http://localhost:4322/@vite/client:1385
[ 1141953ms] [ERROR] Failed to load resource: the server responded with a status of 500 (Internal Server Error) @ http://localhost:4322/resources:0
[ 1142059ms] [ERROR] Failed to load resource: the server responded with a status of 500 (Internal Server Error) @ http://localhost:4322/resources:0
[ 1142171ms] [ERROR] [vite] Internal Server Error
Cannot read properties of undefined (reading &#39;localeCompare&#39;)
TypeError: Cannot read properties of undefined (reading 'localeCompare')
    at C:\code\zentala.eu\src\pages\resources\index.astro:13:30
    at Array.sort (<anonymous>)
    at C:\code\zentala.eu\src\pages\resources\index.astro:13:4
    at index (C:\code\zentala.eu\node_modules\astro\dist\runtime\server\astro-component.js:16:12)
    at callComponentAsTemplateResultOrResponse (file:///C:/code/zentala.eu/node_modules/astro/dist/runtime/server/render/astro/render.js:90:31)
    at renderToAsyncIterable (file:///C:/code/zentala.eu/node_modules/astro/dist/runtime/server/render/astro/render.js:132:32)
    at renderPage (file:///C:/code/zentala.eu/node_modules/astro/dist/runtime/server/render/page.js:31:30)
    at lastNext (file:///C:/code/zentala.eu/node_modules/astro/dist/core/render-context.js:133:31)
    at process.processTicksAndRejections (node:internal/process/task_queues:105:5)
    at async callMiddleware (file:///C:/code/zentala.eu/node_modules/astro/dist/core/middleware/callMiddleware.js:21:10) @ http://localhost:4322/@vite/client:1385
[ 1142181ms] [ERROR] Failed to load resource: the server responded with a status of 500 (Internal Server Error) @ http://localhost:4322/resources:0
[ 1142272ms] [ERROR] [vite] Internal Server Error
Cannot read properties of undefined (reading &#39;localeCompare&#39;)
TypeError: Cannot read properties of undefined (reading 'localeCompare')
    at C:\code\zentala.eu\src\pages\resources\index.astro:13:30
    at Array.sort (<anonymous>)
    at C:\code\zentala.eu\src\pages\resources\index.astro:13:4
    at index (C:\code\zentala.eu\node_modules\astro\dist\runtime\server\astro-component.js:16:12)
    at callComponentAsTemplateResultOrResponse (file:///C:/code/zentala.eu/node_modules/astro/dist/runtime/server/render/astro/render.js:90:31)
    at renderToAsyncIterable (file:///C:/code/zentala.eu/node_modules/astro/dist/runtime/server/render/astro/render.js:132:32)
    at renderPage (file:///C:/code/zentala.eu/node_modules/astro/dist/runtime/server/render/page.js:31:30)
    at lastNext (file:///C:/code/zentala.eu/node_modules/astro/dist/core/render-context.js:133:31)
    at process.processTicksAndRejections (node:internal/process/task_queues:105:5)
    at async callMiddleware (file:///C:/code/zentala.eu/node_modules/astro/dist/core/middleware/callMiddleware.js:21:10) @ http://localhost:4322/@vite/client:1385
[ 1142377ms] [ERROR] Failed to load resource: the server responded with a status of 500 (Internal Server Error) @ http://localhost:4322/resources:0
[ 1142409ms] [ERROR] [vite] Internal Server Error
Cannot read properties of undefined (reading &#39;localeCompare&#39;)
TypeError: Cannot read properties of undefined (reading 'localeCompare')
    at C:\code\zentala.eu\src\pages\resources\index.astro:13:30
    at Array.sort (<anonymous>)
    at C:\code\zentala.eu\src\pages\resources\index.astro:13:4
    at index (C:\code\zentala.eu\node_modules\astro\dist\runtime\server\astro-component.js:16:12)
    at callComponentAsTemplateResultOrResponse (file:///C:/code/zentala.eu/node_modules/astro/dist/runtime/server/render/astro/render.js:90:31)
    at renderToAsyncIterable (file:///C:/code/zentala.eu/node_modules/astro/dist/runtime/server/render/astro/render.js:132:32)
    at renderPage (file:///C:/code/zentala.eu/node_modules/astro/dist/runtime/server/render/page.js:31:30)
    at lastNext (file:///C:/code/zentala.eu/node_modules/astro/dist/core/render-context.js:133:31)
    at process.processTicksAndRejections (node:internal/process/task_queues:105:5)
    at async callMiddleware (file:///C:/code/zentala.eu/node_modules/astro/dist/core/middleware/callMiddleware.js:21:10) @ http://localhost:4322/@vite/client:1385
[ 1142593ms] [ERROR] Failed to load resource: the server responded with a status of 500 (Internal Server Error) @ http://localhost:4322/resources:0
[ 1142816ms] [ERROR] [vite] Internal Server Error
Cannot read properties of undefined (reading &#39;localeCompare&#39;)
TypeError: Cannot read properties of undefined (reading 'localeCompare')
    at C:\code\zentala.eu\src\pages\resources\index.astro:13:30
    at Array.sort (<anonymous>)
    at C:\code\zentala.eu\src\pages\resources\index.astro:13:4
    at index (C:\code\zentala.eu\node_modules\astro\dist\runtime\server\astro-component.js:16:12)
    at callComponentAsTemplateResultOrResponse (file:///C:/code/zentala.eu/node_modules/astro/dist/runtime/server/render/astro/render.js:90:31)
    at renderToAsyncIterable (file:///C:/code/zentala.eu/node_modules/astro/dist/runtime/server/render/astro/render.js:132:32)
    at renderPage (file:///C:/code/zentala.eu/node_modules/astro/dist/runtime/server/render/page.js:31:30)
    at lastNext (file:///C:/code/zentala.eu/node_modules/astro/dist/core/render-context.js:133:31)
    at process.processTicksAndRejections (node:internal/process/task_queues:105:5)
    at async callMiddleware (file:///C:/code/zentala.eu/node_modules/astro/dist/core/middleware/callMiddleware.js:21:10) @ http://localhost:4322/@vite/client:1385
[ 1142925ms] [ERROR] Failed to load resource: the server responded with a status of 500 (Internal Server Error) @ http://localhost:4322/resources:0
[ 1143039ms] [ERROR] Failed to load resource: the server responded with a status of 500 (Internal Server Error) @ http://localhost:4322/resources:0
[ 1143129ms] [ERROR] Failed to load resource: the server responded with a status of 500 (Internal Server Error) @ http://localhost:4322/resources:0
[ 1143280ms] [ERROR] [vite] Internal Server Error
Cannot read properties of undefined (reading &#39;localeCompare&#39;)
TypeError: Cannot read properties of undefined (reading 'localeCompare')
    at C:\code\zentala.eu\src\pages\resources\index.astro:13:30
    at Array.sort (<anonymous>)
    at C:\code\zentala.eu\src\pages\resources\index.astro:13:4
    at index (C:\code\zentala.eu\node_modules\astro\dist\runtime\server\astro-component.js:16:12)
    at callComponentAsTemplateResultOrResponse (file:///C:/code/zentala.eu/node_modules/astro/dist/runtime/server/render/astro/render.js:90:31)
    at renderToAsyncIterable (file:///C:/code/zentala.eu/node_modules/astro/dist/runtime/server/render/astro/render.js:132:32)
    at renderPage (file:///C:/code/zentala.eu/node_modules/astro/dist/runtime/server/render/page.js:31:30)
    at lastNext (file:///C:/code/zentala.eu/node_modules/astro/dist/core/render-context.js:133:31)
    at process.processTicksAndRejections (node:internal/process/task_queues:105:5)
    at async callMiddleware (file:///C:/code/zentala.eu/node_modules/astro/dist/core/middleware/callMiddleware.js:21:10) @ http://localhost:4322/@vite/client:1385
[ 1143339ms] [ERROR] [vite] Internal Server Error
Cannot read properties of undefined (reading &#39;localeCompare&#39;)
TypeError: Cannot read properties of undefined (reading 'localeCompare')
    at C:\code\zentala.eu\src\pages\resources\index.astro:13:30
    at Array.sort (<anonymous>)
    at C:\code\zentala.eu\src\pages\resources\index.astro:13:4
    at index (C:\code\zentala.eu\node_modules\astro\dist\runtime\server\astro-component.js:16:12)
    at callComponentAsTemplateResultOrResponse (file:///C:/code/zentala.eu/node_modules/astro/dist/runtime/server/render/astro/render.js:90:31)
    at renderToAsyncIterable (file:///C:/code/zentala.eu/node_modules/astro/dist/runtime/server/render/astro/render.js:132:32)
    at renderPage (file:///C:/code/zentala.eu/node_modules/astro/dist/runtime/server/render/page.js:31:30)
    at lastNext (file:///C:/code/zentala.eu/node_modules/astro/dist/core/render-context.js:133:31)
    at process.processTicksAndRejections (node:internal/process/task_queues:105:5)
    at async callMiddleware (file:///C:/code/zentala.eu/node_modules/astro/dist/core/middleware/callMiddleware.js:21:10) @ http://localhost:4322/@vite/client:1385
[ 1143453ms] [ERROR] Failed to load resource: the server responded with a status of 500 (Internal Server Error) @ http://localhost:4322/resources:0
[ 1143547ms] [ERROR] Failed to load resource: the server responded with a status of 500 (Internal Server Error) @ http://localhost:4322/resources:0
[ 1143653ms] [ERROR] Failed to load resource: the server responded with a status of 500 (Internal Server Error) @ http://localhost:4322/resources:0
[ 1143760ms] [ERROR] [vite] Internal Server Error
Cannot read properties of undefined (reading &#39;localeCompare&#39;)
TypeError: Cannot read properties of undefined (reading 'localeCompare')
    at C:\code\zentala.eu\src\pages\resources\index.astro:13:30
    at Array.sort (<anonymous>)
    at C:\code\zentala.eu\src\pages\resources\index.astro:13:4
    at index (C:\code\zentala.eu\node_modules\astro\dist\runtime\server\astro-component.js:16:12)
    at callComponentAsTemplateResultOrResponse (file:///C:/code/zentala.eu/node_modules/astro/dist/runtime/server/render/astro/render.js:90:31)
    at renderToAsyncIterable (file:///C:/code/zentala.eu/node_modules/astro/dist/runtime/server/render/astro/render.js:132:32)
    at renderPage (file:///C:/code/zentala.eu/node_modules/astro/dist/runtime/server/render/page.js:31:30)
    at lastNext (file:///C:/code/zentala.eu/node_modules/astro/dist/core/render-context.js:133:31)
    at process.processTicksAndRejections (node:internal/process/task_queues:105:5)
    at async callMiddleware (file:///C:/code/zentala.eu/node_modules/astro/dist/core/middleware/callMiddleware.js:21:10) @ http://localhost:4322/@vite/client:1385
[ 1143773ms] [ERROR] Failed to load resource: the server responded with a status of 500 (Internal Server Error) @ http://localhost:4322/resources:0
[ 1143861ms] [ERROR] [vite] Internal Server Error
Cannot read properties of undefined (reading &#39;localeCompare&#39;)
TypeError: Cannot read properties of undefined (reading 'localeCompare')
    at C:\code\zentala.eu\src\pages\resources\index.astro:13:30
    at Array.sort (<anonymous>)
    at C:\code\zentala.eu\src\pages\resources\index.astro:13:4
    at index (C:\code\zentala.eu\node_modules\astro\dist\runtime\server\astro-component.js:16:12)
    at callComponentAsTemplateResultOrResponse (file:///C:/code/zentala.eu/node_modules/astro/dist/runtime/server/render/astro/render.js:90:31)
    at renderToAsyncIterable (file:///C:/code/zentala.eu/node_modules/astro/dist/runtime/server/render/astro/render.js:132:32)
    at renderPage (file:///C:/code/zentala.eu/node_modules/astro/dist/runtime/server/render/page.js:31:30)
    at lastNext (file:///C:/code/zentala.eu/node_modules/astro/dist/core/render-context.js:133:31)
    at process.processTicksAndRejections (node:internal/process/task_queues:105:5)
    at async callMiddleware (file:///C:/code/zentala.eu/node_modules/astro/dist/core/middleware/callMiddleware.js:21:10) @ http://localhost:4322/@vite/client:1385
[ 1143963ms] [ERROR] Failed to load resource: the server responded with a status of 500 (Internal Server Error) @ http://localhost:4322/resources:0
[ 1143988ms] [ERROR] [vite] Internal Server Error
Cannot read properties of undefined (reading &#39;localeCompare&#39;)
TypeError: Cannot read properties of undefined (reading 'localeCompare')
    at C:\code\zentala.eu\src\pages\resources\index.astro:13:30
    at Array.sort (<anonymous>)
    at C:\code\zentala.eu\src\pages\resources\index.astro:13:4
    at index (C:\code\zentala.eu\node_modules\astro\dist\runtime\server\astro-component.js:16:12)
    at callComponentAsTemplateResultOrResponse (file:///C:/code/zentala.eu/node_modules/astro/dist/runtime/server/render/astro/render.js:90:31)
    at renderToAsyncIterable (file:///C:/code/zentala.eu/node_modules/astro/dist/runtime/server/render/astro/render.js:132:32)
    at renderPage (file:///C:/code/zentala.eu/node_modules/astro/dist/runtime/server/render/page.js:31:30)
    at lastNext (file:///C:/code/zentala.eu/node_modules/astro/dist/core/render-context.js:133:31)
    at process.processTicksAndRejections (node:internal/process/task_queues:105:5)
    at async callMiddleware (file:///C:/code/zentala.eu/node_modules/astro/dist/core/middleware/callMiddleware.js:21:10) @ http://localhost:4322/@vite/client:1385
[ 1144070ms] [ERROR] Failed to load resource: the server responded with a status of 500 (Internal Server Error) @ http://localhost:4322/resources:0
[ 1144188ms] [ERROR] Failed to load resource: the server responded with a status of 500 (Internal Server Error) @ http://localhost:4322/resources:0
[ 1144275ms] [ERROR] [vite] Internal Server Error
Cannot read properties of undefined (reading &#39;localeCompare&#39;)
TypeError: Cannot read properties of undefined (reading 'localeCompare')
    at C:\code\zentala.eu\src\pages\resources\index.astro:13:30
    at Array.sort (<anonymous>)
    at C:\code\zentala.eu\src\pages\resources\index.astro:13:4
    at index (C:\code\zentala.eu\node_modules\astro\dist\runtime\server\astro-component.js:16:12)
    at callComponentAsTemplateResultOrResponse (file:///C:/code/zentala.eu/node_modules/astro/dist/runtime/server/render/astro/render.js:90:31)
    at renderToAsyncIterable (file:///C:/code/zentala.eu/node_modules/astro/dist/runtime/server/render/astro/render.js:132:32)
    at renderPage (file:///C:/code/zentala.eu/node_modules/astro/dist/runtime/server/render/page.js:31:30)
    at lastNext (file:///C:/code/zentala.eu/node_modules/astro/dist/core/render-context.js:133:31)
    at process.processTicksAndRejections (node:internal/process/task_queues:105:5)
    at async callMiddleware (file:///C:/code/zentala.eu/node_modules/astro/dist/core/middleware/callMiddleware.js:21:10) @ http://localhost:4322/@vite/client:1385
[ 1144373ms] [ERROR] Failed to load resource: the server responded with a status of 500 (Internal Server Error) @ http://localhost:4322/resources:0
[ 1144395ms] [ERROR] [vite] Internal Server Error
Cannot read properties of undefined (reading &#39;localeCompare&#39;)
TypeError: Cannot read properties of undefined (reading 'localeCompare')
    at C:\code\zentala.eu\src\pages\resources\index.astro:13:30
    at Array.sort (<anonymous>)
    at C:\code\zentala.eu\src\pages\resources\index.astro:13:4
    at index (C:\code\zentala.eu\node_modules\astro\dist\runtime\server\astro-component.js:16:12)
    at callComponentAsTemplateResultOrResponse (file:///C:/code/zentala.eu/node_modules/astro/dist/runtime/server/render/astro/render.js:90:31)
    at renderToAsyncIterable (file:///C:/code/zentala.eu/node_modules/astro/dist/runtime/server/render/astro/render.js:132:32)
    at renderPage (file:///C:/code/zentala.eu/node_modules/astro/dist/runtime/server/render/page.js:31:30)
    at lastNext (file:///C:/code/zentala.eu/node_modules/astro/dist/core/render-context.js:133:31)
    at process.processTicksAndRejections (node:internal/process/task_queues:105:5)
    at async callMiddleware (file:///C:/code/zentala.eu/node_modules/astro/dist/core/middleware/callMiddleware.js:21:10) @ http://localhost:4322/@vite/client:1385
[ 1144482ms] [ERROR] Failed to load resource: the server responded with a status of 500 (Internal Server Error) @ http://localhost:4322/resources:0
[ 1144588ms] [ERROR] [vite] Internal Server Error
Cannot read properties of undefined (reading &#39;localeCompare&#39;)
TypeError: Cannot read properties of undefined (reading 'localeCompare')
    at C:\code\zentala.eu\src\pages\resources\index.astro:13:30
    at Array.sort (<anonymous>)
    at C:\code\zentala.eu\src\pages\resources\index.astro:13:4
    at index (C:\code\zentala.eu\node_modules\astro\dist\runtime\server\astro-component.js:16:12)
    at callComponentAsTemplateResultOrResponse (file:///C:/code/zentala.eu/node_modules/astro/dist/runtime/server/render/astro/render.js:90:31)
    at renderToAsyncIterable (file:///C:/code/zentala.eu/node_modules/astro/dist/runtime/server/render/astro/render.js:132:32)
    at renderPage (file:///C:/code/zentala.eu/node_modules/astro/dist/runtime/server/render/page.js:31:30)
    at lastNext (file:///C:/code/zentala.eu/node_modules/astro/dist/core/render-context.js:133:31)
    at process.processTicksAndRejections (node:internal/process/task_queues:105:5)
    at async callMiddleware (file:///C:/code/zentala.eu/node_modules/astro/dist/core/middleware/callMiddleware.js:21:10) @ http://localhost:4322/@vite/client:1385
[ 1144602ms] [ERROR] Failed to load resource: the server responded with a status of 500 (Internal Server Error) @ http://localhost:4322/resources:0
[ 1144694ms] [ERROR] [vite] Internal Server Error
Cannot read properties of undefined (reading &#39;localeCompare&#39;)
TypeError: Cannot read properties of undefined (reading 'localeCompare')
    at C:\code\zentala.eu\src\pages\resources\index.astro:13:30
    at Array.sort (<anonymous>)
    at C:\code\zentala.eu\src\pages\resources\index.astro:13:4
    at index (C:\code\zentala.eu\node_modules\astro\dist\runtime\server\astro-component.js:16:12)
    at callComponentAsTemplateResultOrResponse (file:///C:/code/zentala.eu/node_modules/astro/dist/runtime/server/render/astro/render.js:90:31)
    at renderToAsyncIterable (file:///C:/code/zentala.eu/node_modules/astro/dist/runtime/server/render/astro/render.js:132:32)
    at renderPage (file:///C:/code/zentala.eu/node_modules/astro/dist/runtime/server/render/page.js:31:30)
    at lastNext (file:///C:/code/zentala.eu/node_modules/astro/dist/core/render-context.js:133:31)
    at process.processTicksAndRejections (node:internal/process/task_queues:105:5)
    at async callMiddleware (file:///C:/code/zentala.eu/node_modules/astro/dist/core/middleware/callMiddleware.js:21:10) @ http://localhost:4322/@vite/client:1385
[ 1144707ms] [ERROR] Failed to load resource: the server responded with a status of 500 (Internal Server Error) @ http://localhost:4322/resources:0
[ 1144819ms] [ERROR] [vite] Internal Server Error
Cannot read properties of undefined (reading &#39;localeCompare&#39;)
TypeError: Cannot read properties of undefined (reading 'localeCompare')
    at C:\code\zentala.eu\src\pages\resources\index.astro:13:30
    at Array.sort (<anonymous>)
    at C:\code\zentala.eu\src\pages\resources\index.astro:13:4
    at index (C:\code\zentala.eu\node_modules\astro\dist\runtime\server\astro-component.js:16:12)
    at callComponentAsTemplateResultOrResponse (file:///C:/code/zentala.eu/node_modules/astro/dist/runtime/server/render/astro/render.js:90:31)
    at renderToAsyncIterable (file:///C:/code/zentala.eu/node_modules/astro/dist/runtime/server/render/astro/render.js:132:32)
    at renderPage (file:///C:/code/zentala.eu/node_modules/astro/dist/runtime/server/render/page.js:31:30)
    at lastNext (file:///C:/code/zentala.eu/node_modules/astro/dist/core/render-context.js:133:31)
    at process.processTicksAndRejections (node:internal/process/task_queues:105:5)
    at async callMiddleware (file:///C:/code/zentala.eu/node_modules/astro/dist/core/middleware/callMiddleware.js:21:10) @ http://localhost:4322/@vite/client:1385
[ 1144925ms] [ERROR] [vite] Internal Server Error
Cannot read properties of undefined (reading &#39;localeCompare&#39;)
TypeError: Cannot read properties of undefined (reading 'localeCompare')
    at C:\code\zentala.eu\src\pages\resources\index.astro:13:30
    at Array.sort (<anonymous>)
    at C:\code\zentala.eu\src\pages\resources\index.astro:13:4
    at index (C:\code\zentala.eu\node_modules\astro\dist\runtime\server\astro-component.js:16:12)
    at callComponentAsTemplateResultOrResponse (file:///C:/code/zentala.eu/node_modules/astro/dist/runtime/server/render/astro/render.js:90:31)
    at renderToAsyncIterable (file:///C:/code/zentala.eu/node_modules/astro/dist/runtime/server/render/astro/render.js:132:32)
    at renderPage (file:///C:/code/zentala.eu/node_modules/astro/dist/runtime/server/render/page.js:31:30)
    at lastNext (file:///C:/code/zentala.eu/node_modules/astro/dist/core/render-context.js:133:31)
    at process.processTicksAndRejections (node:internal/process/task_queues:105:5)
    at async callMiddleware (file:///C:/code/zentala.eu/node_modules/astro/dist/core/middleware/callMiddleware.js:21:10) @ http://localhost:4322/@vite/client:1385
[ 1145016ms] [ERROR] Failed to load resource: the server responded with a status of 500 (Internal Server Error) @ http://localhost:4322/resources:0
[ 1145232ms] [ERROR] [vite] Internal Server Error
Cannot read properties of undefined (reading &#39;localeCompare&#39;)
TypeError: Cannot read properties of undefined (reading 'localeCompare')
    at C:\code\zentala.eu\src\pages\resources\index.astro:13:30
    at Array.sort (<anonymous>)
    at C:\code\zentala.eu\src\pages\resources\index.astro:13:4
    at index (C:\code\zentala.eu\node_modules\astro\dist\runtime\server\astro-component.js:16:12)
    at callComponentAsTemplateResultOrResponse (file:///C:/code/zentala.eu/node_modules/astro/dist/runtime/server/render/astro/render.js:90:31)
    at renderToAsyncIterable (file:///C:/code/zentala.eu/node_modules/astro/dist/runtime/server/render/astro/render.js:132:32)
    at renderPage (file:///C:/code/zentala.eu/node_modules/astro/dist/runtime/server/render/page.js:31:30)
    at lastNext (file:///C:/code/zentala.eu/node_modules/astro/dist/core/render-context.js:133:31)
    at process.processTicksAndRejections (node:internal/process/task_queues:105:5)
    at async callMiddleware (file:///C:/code/zentala.eu/node_modules/astro/dist/core/middleware/callMiddleware.js:21:10) @ http://localhost:4322/@vite/client:1385
[ 1145424ms] [ERROR] Failed to load resource: the server responded with a status of 500 (Internal Server Error) @ http://localhost:4322/resources:0
[ 1145533ms] [ERROR] Failed to load resource: the server responded with a status of 500 (Internal Server Error) @ http://localhost:4322/resources:0
[ 1145634ms] [ERROR] [vite] Internal Server Error
Cannot read properties of undefined (reading &#39;localeCompare&#39;)
TypeError: Cannot read properties of undefined (reading 'localeCompare')
    at C:\code\zentala.eu\src\pages\resources\index.astro:13:30
    at Array.sort (<anonymous>)
    at C:\code\zentala.eu\src\pages\resources\index.astro:13:4
    at index (C:\code\zentala.eu\node_modules\astro\dist\runtime\server\astro-component.js:16:12)
    at callComponentAsTemplateResultOrResponse (file:///C:/code/zentala.eu/node_modules/astro/dist/runtime/server/render/astro/render.js:90:31)
    at renderToAsyncIterable (file:///C:/code/zentala.eu/node_modules/astro/dist/runtime/server/render/astro/render.js:132:32)
    at renderPage (file:///C:/code/zentala.eu/node_modules/astro/dist/runtime/server/render/page.js:31:30)
    at lastNext (file:///C:/code/zentala.eu/node_modules/astro/dist/core/render-context.js:133:31)
    at process.processTicksAndRejections (node:internal/process/task_queues:105:5)
    at async callMiddleware (file:///C:/code/zentala.eu/node_modules/astro/dist/core/middleware/callMiddleware.js:21:10) @ http://localhost:4322/@vite/client:1385
[ 1145736ms] [ERROR] [vite] Internal Server Error
Cannot read properties of undefined (reading &#39;localeCompare&#39;)
TypeError: Cannot read properties of undefined (reading 'localeCompare')
    at C:\code\zentala.eu\src\pages\resources\index.astro:13:30
    at Array.sort (<anonymous>)
    at C:\code\zentala.eu\src\pages\resources\index.astro:13:4
    at index (C:\code\zentala.eu\node_modules\astro\dist\runtime\server\astro-component.js:16:12)
    at callComponentAsTemplateResultOrResponse (file:///C:/code/zentala.eu/node_modules/astro/dist/runtime/server/render/astro/render.js:90:31)
    at renderToAsyncIterable (file:///C:/code/zentala.eu/node_modules/astro/dist/runtime/server/render/astro/render.js:132:32)
    at renderPage (file:///C:/code/zentala.eu/node_modules/astro/dist/runtime/server/render/page.js:31:30)
    at lastNext (file:///C:/code/zentala.eu/node_modules/astro/dist/core/render-context.js:133:31)
    at process.processTicksAndRejections (node:internal/process/task_queues:105:5)
    at async callMiddleware (file:///C:/code/zentala.eu/node_modules/astro/dist/core/middleware/callMiddleware.js:21:10) @ http://localhost:4322/@vite/client:1385
[ 1145758ms] [ERROR] Failed to load resource: the server responded with a status of 500 (Internal Server Error) @ http://localhost:4322/resources:0
[ 1145862ms] [ERROR] Failed to load resource: the server responded with a status of 500 (Internal Server Error) @ http://localhost:4322/resources:0
[ 1145954ms] [ERROR] [vite] Internal Server Error
Cannot read properties of undefined (reading &#39;localeCompare&#39;)
TypeError: Cannot read properties of undefined (reading 'localeCompare')
    at C:\code\zentala.eu\src\pages\resources\index.astro:13:30
    at Array.sort (<anonymous>)
    at C:\code\zentala.eu\src\pages\resources\index.astro:13:4
    at index (C:\code\zentala.eu\node_modules\astro\dist\runtime\server\astro-component.js:16:12)
    at callComponentAsTemplateResultOrResponse (file:///C:/code/zentala.eu/node_modules/astro/dist/runtime/server/render/astro/render.js:90:31)
    at renderToAsyncIterable (file:///C:/code/zentala.eu/node_modules/astro/dist/runtime/server/render/astro/render.js:132:32)
    at renderPage (file:///C:/code/zentala.eu/node_modules/astro/dist/runtime/server/render/page.js:31:30)
    at lastNext (file:///C:/code/zentala.eu/node_modules/astro/dist/core/render-context.js:133:31)
    at process.processTicksAndRejections (node:internal/process/task_queues:105:5)
    at async callMiddleware (file:///C:/code/zentala.eu/node_modules/astro/dist/core/middleware/callMiddleware.js:21:10) @ http://localhost:4322/@vite/client:1385
[ 1145978ms] [ERROR] Failed to load resource: the server responded with a status of 500 (Internal Server Error) @ http://localhost:4322/resources:0
[ 1146062ms] [ERROR] [vite] Internal Server Error
Cannot read properties of undefined (reading &#39;localeCompare&#39;)
TypeError: Cannot read properties of undefined (reading 'localeCompare')
    at C:\code\zentala.eu\src\pages\resources\index.astro:13:30
    at Array.sort (<anonymous>)
    at C:\code\zentala.eu\src\pages\resources\index.astro:13:4
    at index (C:\code\zentala.eu\node_modules\astro\dist\runtime\server\astro-component.js:16:12)
    at callComponentAsTemplateResultOrResponse (file:///C:/code/zentala.eu/node_modules/astro/dist/runtime/server/render/astro/render.js:90:31)
    at renderToAsyncIterable (file:///C:/code/zentala.eu/node_modules/astro/dist/runtime/server/render/astro/render.js:132:32)
    at renderPage (file:///C:/code/zentala.eu/node_modules/astro/dist/runtime/server/render/page.js:31:30)
    at lastNext (file:///C:/code/zentala.eu/node_modules/astro/dist/core/render-context.js:133:31)
    at process.processTicksAndRejections (node:internal/process/task_queues:105:5)
    at async callMiddleware (file:///C:/code/zentala.eu/node_modules/astro/dist/core/middleware/callMiddleware.js:21:10) @ http://localhost:4322/@vite/client:1385
[ 1146170ms] [ERROR] [vite] Internal Server Error
Cannot read properties of undefined (reading &#39;localeCompare&#39;)
TypeError: Cannot read properties of undefined (reading 'localeCompare')
    at C:\code\zentala.eu\src\pages\resources\index.astro:13:30
    at Array.sort (<anonymous>)
    at C:\code\zentala.eu\src\pages\resources\index.astro:13:4
    at index (C:\code\zentala.eu\node_modules\astro\dist\runtime\server\astro-component.js:16:12)
    at callComponentAsTemplateResultOrResponse (file:///C:/code/zentala.eu/node_modules/astro/dist/runtime/server/render/astro/render.js:90:31)
    at renderToAsyncIterable (file:///C:/code/zentala.eu/node_modules/astro/dist/runtime/server/render/astro/render.js:132:32)
    at renderPage (file:///C:/code/zentala.eu/node_modules/astro/dist/runtime/server/render/page.js:31:30)
    at lastNext (file:///C:/code/zentala.eu/node_modules/astro/dist/core/render-context.js:133:31)
    at process.processTicksAndRejections (node:internal/process/task_queues:105:5)
    at async callMiddleware (file:///C:/code/zentala.eu/node_modules/astro/dist/core/middleware/callMiddleware.js:21:10) @ http://localhost:4322/@vite/client:1385
[ 1146177ms] [ERROR] Failed to load resource: the server responded with a status of 500 (Internal Server Error) @ http://localhost:4322/resources:0
[ 1146287ms] [ERROR] Failed to load resource: the server responded with a status of 500 (Internal Server Error) @ http://localhost:4322/resources:0
[ 1146389ms] [ERROR] [vite] Internal Server Error
Cannot read properties of undefined (reading &#39;localeCompare&#39;)
TypeError: Cannot read properties of undefined (reading 'localeCompare')
    at C:\code\zentala.eu\src\pages\resources\index.astro:13:30
    at Array.sort (<anonymous>)
    at C:\code\zentala.eu\src\pages\resources\index.astro:13:4
    at index (C:\code\zentala.eu\node_modules\astro\dist\runtime\server\astro-component.js:16:12)
    at callComponentAsTemplateResultOrResponse (file:///C:/code/zentala.eu/node_modules/astro/dist/runtime/server/render/astro/render.js:90:31)
    at renderToAsyncIterable (file:///C:/code/zentala.eu/node_modules/astro/dist/runtime/server/render/astro/render.js:132:32)
    at renderPage (file:///C:/code/zentala.eu/node_modules/astro/dist/runtime/server/render/page.js:31:30)
    at lastNext (file:///C:/code/zentala.eu/node_modules/astro/dist/core/render-context.js:133:31)
    at process.processTicksAndRejections (node:internal/process/task_queues:105:5)
    at async callMiddleware (file:///C:/code/zentala.eu/node_modules/astro/dist/core/middleware/callMiddleware.js:21:10) @ http://localhost:4322/@vite/client:1385
[ 1146395ms] [ERROR] Failed to load resource: the server responded with a status of 500 (Internal Server Error) @ http://localhost:4322/resources:0
[ 1146506ms] [ERROR] [vite] Internal Server Error
Cannot read properties of undefined (reading &#39;localeCompare&#39;)
TypeError: Cannot read properties of undefined (reading 'localeCompare')
    at C:\code\zentala.eu\src\pages\resources\index.astro:13:30
    at Array.sort (<anonymous>)
    at C:\code\zentala.eu\src\pages\resources\index.astro:13:4
    at index (C:\code\zentala.eu\node_modules\astro\dist\runtime\server\astro-component.js:16:12)
    at callComponentAsTemplateResultOrResponse (file:///C:/code/zentala.eu/node_modules/astro/dist/runtime/server/render/astro/render.js:90:31)
    at renderToAsyncIterable (file:///C:/code/zentala.eu/node_modules/astro/dist/runtime/server/render/astro/render.js:132:32)
    at renderPage (file:///C:/code/zentala.eu/node_modules/astro/dist/runtime/server/render/page.js:31:30)
    at lastNext (file:///C:/code/zentala.eu/node_modules/astro/dist/core/render-context.js:133:31)
    at process.processTicksAndRejections (node:internal/process/task_queues:105:5)
    at async callMiddleware (file:///C:/code/zentala.eu/node_modules/astro/dist/core/middleware/callMiddleware.js:21:10) @ http://localhost:4322/@vite/client:1385
[ 1146549ms] [ERROR] Failed to load resource: the server responded with a status of 500 (Internal Server Error) @ http://localhost:4322/resources:0
[ 1146606ms] [ERROR] [vite] Internal Server Error
Cannot read properties of undefined (reading &#39;localeCompare&#39;)
TypeError: Cannot read properties of undefined (reading 'localeCompare')
    at C:\code\zentala.eu\src\pages\resources\index.astro:13:30
    at Array.sort (<anonymous>)
    at C:\code\zentala.eu\src\pages\resources\index.astro:13:4
    at index (C:\code\zentala.eu\node_modules\astro\dist\runtime\server\astro-component.js:16:12)
    at callComponentAsTemplateResultOrResponse (file:///C:/code/zentala.eu/node_modules/astro/dist/runtime/server/render/astro/render.js:90:31)
    at renderToAsyncIterable (file:///C:/code/zentala.eu/node_modules/astro/dist/runtime/server/render/astro/render.js:132:32)
    at renderPage (file:///C:/code/zentala.eu/node_modules/astro/dist/runtime/server/render/page.js:31:30)
    at lastNext (file:///C:/code/zentala.eu/node_modules/astro/dist/core/render-context.js:133:31)
    at process.processTicksAndRejections (node:internal/process/task_queues:105:5)
    at async callMiddleware (file:///C:/code/zentala.eu/node_modules/astro/dist/core/middleware/callMiddleware.js:21:10) @ http://localhost:4322/@vite/client:1385
[ 1146722ms] [ERROR] Failed to load resource: the server responded with a status of 500 (Internal Server Error) @ http://localhost:4322/resources:0
[ 1146861ms] [ERROR] Failed to load resource: the server responded with a status of 500 (Internal Server Error) @ http://localhost:4322/resources:0
[ 1146935ms] [ERROR] [vite] Internal Server Error
Cannot read properties of undefined (reading &#39;localeCompare&#39;)
TypeError: Cannot read properties of undefined (reading 'localeCompare')
    at C:\code\zentala.eu\src\pages\resources\index.astro:13:30
    at Array.sort (<anonymous>)
    at C:\code\zentala.eu\src\pages\resources\index.astro:13:4
    at index (C:\code\zentala.eu\node_modules\astro\dist\runtime\server\astro-component.js:16:12)
    at callComponentAsTemplateResultOrResponse (file:///C:/code/zentala.eu/node_modules/astro/dist/runtime/server/render/astro/render.js:90:31)
    at renderToAsyncIterable (file:///C:/code/zentala.eu/node_modules/astro/dist/runtime/server/render/astro/render.js:132:32)
    at renderPage (file:///C:/code/zentala.eu/node_modules/astro/dist/runtime/server/render/page.js:31:30)
    at lastNext (file:///C:/code/zentala.eu/node_modules/astro/dist/core/render-context.js:133:31)
    at process.processTicksAndRejections (node:internal/process/task_queues:105:5)
    at async callMiddleware (file:///C:/code/zentala.eu/node_modules/astro/dist/core/middleware/callMiddleware.js:21:10) @ http://localhost:4322/@vite/client:1385
[ 1147032ms] [ERROR] Failed to load resource: the server responded with a status of 500 (Internal Server Error) @ http://localhost:4322/resources:0
[ 1147072ms] [ERROR] [vite] Internal Server Error
Cannot read properties of undefined (reading &#39;localeCompare&#39;)
TypeError: Cannot read properties of undefined (reading 'localeCompare')
    at C:\code\zentala.eu\src\pages\resources\index.astro:13:30
    at Array.sort (<anonymous>)
    at C:\code\zentala.eu\src\pages\resources\index.astro:13:4
    at index (C:\code\zentala.eu\node_modules\astro\dist\runtime\server\astro-component.js:16:12)
    at callComponentAsTemplateResultOrResponse (file:///C:/code/zentala.eu/node_modules/astro/dist/runtime/server/render/astro/render.js:90:31)
    at renderToAsyncIterable (file:///C:/code/zentala.eu/node_modules/astro/dist/runtime/server/render/astro/render.js:132:32)
    at renderPage (file:///C:/code/zentala.eu/node_modules/astro/dist/runtime/server/render/page.js:31:30)
    at lastNext (file:///C:/code/zentala.eu/node_modules/astro/dist/core/render-context.js:133:31)
    at process.processTicksAndRejections (node:internal/process/task_queues:105:5)
    at async callMiddleware (file:///C:/code/zentala.eu/node_modules/astro/dist/core/middleware/callMiddleware.js:21:10) @ http://localhost:4322/@vite/client:1385
[ 1147154ms] [ERROR] Failed to load resource: the server responded with a status of 500 (Internal Server Error) @ http://localhost:4322/resources:0
[ 1147255ms] [ERROR] [vite] Internal Server Error
Cannot read properties of undefined (reading &#39;localeCompare&#39;)
TypeError: Cannot read properties of undefined (reading 'localeCompare')
    at C:\code\zentala.eu\src\pages\resources\index.astro:13:30
    at Array.sort (<anonymous>)
    at C:\code\zentala.eu\src\pages\resources\index.astro:13:4
    at index (C:\code\zentala.eu\node_modules\astro\dist\runtime\server\astro-component.js:16:12)
    at callComponentAsTemplateResultOrResponse (file:///C:/code/zentala.eu/node_modules/astro/dist/runtime/server/render/astro/render.js:90:31)
    at renderToAsyncIterable (file:///C:/code/zentala.eu/node_modules/astro/dist/runtime/server/render/astro/render.js:132:32)
    at renderPage (file:///C:/code/zentala.eu/node_modules/astro/dist/runtime/server/render/page.js:31:30)
    at lastNext (file:///C:/code/zentala.eu/node_modules/astro/dist/core/render-context.js:133:31)
    at process.processTicksAndRejections (node:internal/process/task_queues:105:5)
    at async callMiddleware (file:///C:/code/zentala.eu/node_modules/astro/dist/core/middleware/callMiddleware.js:21:10) @ http://localhost:4322/@vite/client:1385
[ 1147355ms] [ERROR] Failed to load resource: the server responded with a status of 500 (Internal Server Error) @ http://localhost:4322/resources:0
[ 1147567ms] [ERROR] [vite] Internal Server Error
Cannot read properties of undefined (reading &#39;localeCompare&#39;)
TypeError: Cannot read properties of undefined (reading 'localeCompare')
    at C:\code\zentala.eu\src\pages\resources\index.astro:13:30
    at Array.sort (<anonymous>)
    at C:\code\zentala.eu\src\pages\resources\index.astro:13:4
    at index (C:\code\zentala.eu\node_modules\astro\dist\runtime\server\astro-component.js:16:12)
    at callComponentAsTemplateResultOrResponse (file:///C:/code/zentala.eu/node_modules/astro/dist/runtime/server/render/astro/render.js:90:31)
    at renderToAsyncIterable (file:///C:/code/zentala.eu/node_modules/astro/dist/runtime/server/render/astro/render.js:132:32)
    at renderPage (file:///C:/code/zentala.eu/node_modules/astro/dist/runtime/server/render/page.js:31:30)
    at lastNext (file:///C:/code/zentala.eu/node_modules/astro/dist/core/render-context.js:133:31)
    at process.processTicksAndRejections (node:internal/process/task_queues:105:5)
    at async callMiddleware (file:///C:/code/zentala.eu/node_modules/astro/dist/core/middleware/callMiddleware.js:21:10) @ http://localhost:4322/@vite/client:1385
[ 1147653ms] [ERROR] Failed to load resource: the server responded with a status of 500 (Internal Server Error) @ http://localhost:4322/resources:0
[ 1147758ms] [ERROR] Failed to load resource: the server responded with a status of 500 (Internal Server Error) @ http://localhost:4322/resources:0
[ 1147872ms] [ERROR] Failed to load resource: the server responded with a status of 500 (Internal Server Error) @ http://localhost:4322/resources:0
[ 1147987ms] [ERROR] [vite] Internal Server Error
Cannot read properties of undefined (reading &#39;localeCompare&#39;)
TypeError: Cannot read properties of undefined (reading 'localeCompare')
    at C:\code\zentala.eu\src\pages\resources\index.astro:13:30
    at Array.sort (<anonymous>)
    at C:\code\zentala.eu\src\pages\resources\index.astro:13:4
    at index (C:\code\zentala.eu\node_modules\astro\dist\runtime\server\astro-component.js:16:12)
    at callComponentAsTemplateResultOrResponse (file:///C:/code/zentala.eu/node_modules/astro/dist/runtime/server/render/astro/render.js:90:31)
    at renderToAsyncIterable (file:///C:/code/zentala.eu/node_modules/astro/dist/runtime/server/render/astro/render.js:132:32)
    at renderPage (file:///C:/code/zentala.eu/node_modules/astro/dist/runtime/server/render/page.js:31:30)
    at lastNext (file:///C:/code/zentala.eu/node_modules/astro/dist/core/render-context.js:133:31)
    at process.processTicksAndRejections (node:internal/process/task_queues:105:5)
    at async callMiddleware (file:///C:/code/zentala.eu/node_modules/astro/dist/core/middleware/callMiddleware.js:21:10) @ http://localhost:4322/@vite/client:1385
[ 1148085ms] [ERROR] [vite] Internal Server Error
Cannot read properties of undefined (reading &#39;localeCompare&#39;)
TypeError: Cannot read properties of undefined (reading 'localeCompare')
    at C:\code\zentala.eu\src\pages\resources\index.astro:13:30
    at Array.sort (<anonymous>)
    at C:\code\zentala.eu\src\pages\resources\index.astro:13:4
    at index (C:\code\zentala.eu\node_modules\astro\dist\runtime\server\astro-component.js:16:12)
    at callComponentAsTemplateResultOrResponse (file:///C:/code/zentala.eu/node_modules/astro/dist/runtime/server/render/astro/render.js:90:31)
    at renderToAsyncIterable (file:///C:/code/zentala.eu/node_modules/astro/dist/runtime/server/render/astro/render.js:132:32)
    at renderPage (file:///C:/code/zentala.eu/node_modules/astro/dist/runtime/server/render/page.js:31:30)
    at lastNext (file:///C:/code/zentala.eu/node_modules/astro/dist/core/render-context.js:133:31)
    at process.processTicksAndRejections (node:internal/process/task_queues:105:5)
    at async callMiddleware (file:///C:/code/zentala.eu/node_modules/astro/dist/core/middleware/callMiddleware.js:21:10) @ http://localhost:4322/@vite/client:1385
[ 1148373ms] [ERROR] Failed to load resource: the server responded with a status of 500 (Internal Server Error) @ http://localhost:4322/resources:0
[ 1148557ms] [ERROR] [vite] Internal Server Error
Cannot read properties of undefined (reading &#39;localeCompare&#39;)
TypeError: Cannot read properties of undefined (reading 'localeCompare')
    at C:\code\zentala.eu\src\pages\resources\index.astro:13:30
    at Array.sort (<anonymous>)
    at C:\code\zentala.eu\src\pages\resources\index.astro:13:4
    at index (C:\code\zentala.eu\node_modules\astro\dist\runtime\server\astro-component.js:16:12)
    at callComponentAsTemplateResultOrResponse (file:///C:/code/zentala.eu/node_modules/astro/dist/runtime/server/render/astro/render.js:90:31)
    at renderToAsyncIterable (file:///C:/code/zentala.eu/node_modules/astro/dist/runtime/server/render/astro/render.js:132:32)
    at renderPage (file:///C:/code/zentala.eu/node_modules/astro/dist/runtime/server/render/page.js:31:30)
    at lastNext (file:///C:/code/zentala.eu/node_modules/astro/dist/core/render-context.js:133:31)
    at process.processTicksAndRejections (node:internal/process/task_queues:105:5)
    at async callMiddleware (file:///C:/code/zentala.eu/node_modules/astro/dist/core/middleware/callMiddleware.js:21:10) @ http://localhost:4322/@vite/client:1385
[ 1148757ms] [ERROR] Failed to load resource: the server responded with a status of 500 (Internal Server Error) @ http://localhost:4322/resources:0
[ 1148971ms] [ERROR] [vite] Internal Server Error
Cannot read properties of undefined (reading &#39;localeCompare&#39;)
TypeError: Cannot read properties of undefined (reading 'localeCompare')
    at C:\code\zentala.eu\src\pages\resources\index.astro:13:30
    at Array.sort (<anonymous>)
    at C:\code\zentala.eu\src\pages\resources\index.astro:13:4
    at index (C:\code\zentala.eu\node_modules\astro\dist\runtime\server\astro-component.js:16:12)
    at callComponentAsTemplateResultOrResponse (file:///C:/code/zentala.eu/node_modules/astro/dist/runtime/server/render/astro/render.js:90:31)
    at renderToAsyncIterable (file:///C:/code/zentala.eu/node_modules/astro/dist/runtime/server/render/astro/render.js:132:32)
    at renderPage (file:///C:/code/zentala.eu/node_modules/astro/dist/runtime/server/render/page.js:31:30)
    at lastNext (file:///C:/code/zentala.eu/node_modules/astro/dist/core/render-context.js:133:31)
    at process.processTicksAndRejections (node:internal/process/task_queues:105:5)
    at async callMiddleware (file:///C:/code/zentala.eu/node_modules/astro/dist/core/middleware/callMiddleware.js:21:10) @ http://localhost:4322/@vite/client:1385
[ 1149072ms] [ERROR] Failed to load resource: the server responded with a status of 500 (Internal Server Error) @ http://localhost:4322/resources:0
[ 1149175ms] [ERROR] Failed to load resource: the server responded with a status of 500 (Internal Server Error) @ http://localhost:4322/resources:0
[ 1149281ms] [ERROR] [vite] Internal Server Error
Cannot read properties of undefined (reading &#39;localeCompare&#39;)
TypeError: Cannot read properties of undefined (reading 'localeCompare')
    at C:\code\zentala.eu\src\pages\resources\index.astro:13:30
    at Array.sort (<anonymous>)
    at C:\code\zentala.eu\src\pages\resources\index.astro:13:4
    at index (C:\code\zentala.eu\node_modules\astro\dist\runtime\server\astro-component.js:16:12)
    at callComponentAsTemplateResultOrResponse (file:///C:/code/zentala.eu/node_modules/astro/dist/runtime/server/render/astro/render.js:90:31)
    at renderToAsyncIterable (file:///C:/code/zentala.eu/node_modules/astro/dist/runtime/server/render/astro/render.js:132:32)
    at renderPage (file:///C:/code/zentala.eu/node_modules/astro/dist/runtime/server/render/page.js:31:30)
    at lastNext (file:///C:/code/zentala.eu/node_modules/astro/dist/core/render-context.js:133:31)
    at process.processTicksAndRejections (node:internal/process/task_queues:105:5)
    at async callMiddleware (file:///C:/code/zentala.eu/node_modules/astro/dist/core/middleware/callMiddleware.js:21:10) @ http://localhost:4322/@vite/client:1385
[ 1149292ms] [ERROR] Failed to load resource: the server responded with a status of 500 (Internal Server Error) @ http://localhost:4322/resources:0
[ 1149401ms] [ERROR] [vite] Internal Server Error
Cannot read properties of undefined (reading &#39;localeCompare&#39;)
TypeError: Cannot read properties of undefined (reading 'localeCompare')
    at C:\code\zentala.eu\src\pages\resources\index.astro:13:30
    at Array.sort (<anonymous>)
    at C:\code\zentala.eu\src\pages\resources\index.astro:13:4
    at index (C:\code\zentala.eu\node_modules\astro\dist\runtime\server\astro-component.js:16:12)
    at callComponentAsTemplateResultOrResponse (file:///C:/code/zentala.eu/node_modules/astro/dist/runtime/server/render/astro/render.js:90:31)
    at renderToAsyncIterable (file:///C:/code/zentala.eu/node_modules/astro/dist/runtime/server/render/astro/render.js:132:32)
    at renderPage (file:///C:/code/zentala.eu/node_modules/astro/dist/runtime/server/render/page.js:31:30)
    at lastNext (file:///C:/code/zentala.eu/node_modules/astro/dist/core/render-context.js:133:31)
    at process.processTicksAndRejections (node:internal/process/task_queues:105:5)
    at async callMiddleware (file:///C:/code/zentala.eu/node_modules/astro/dist/core/middleware/callMiddleware.js:21:10) @ http://localhost:4322/@vite/client:1385
[ 1149404ms] [ERROR] Failed to load resource: the server responded with a status of 500 (Internal Server Error) @ http://localhost:4322/resources:0
[ 1149535ms] [ERROR] [vite] Internal Server Error
Cannot read properties of undefined (reading &#39;localeCompare&#39;)
TypeError: Cannot read properties of undefined (reading 'localeCompare')
    at C:\code\zentala.eu\src\pages\resources\index.astro:13:30
    at Array.sort (<anonymous>)
    at C:\code\zentala.eu\src\pages\resources\index.astro:13:4
    at index (C:\code\zentala.eu\node_modules\astro\dist\runtime\server\astro-component.js:16:12)
    at callComponentAsTemplateResultOrResponse (file:///C:/code/zentala.eu/node_modules/astro/dist/runtime/server/render/astro/render.js:90:31)
    at renderToAsyncIterable (file:///C:/code/zentala.eu/node_modules/astro/dist/runtime/server/render/astro/render.js:132:32)
    at renderPage (file:///C:/code/zentala.eu/node_modules/astro/dist/runtime/server/render/page.js:31:30)
    at lastNext (file:///C:/code/zentala.eu/node_modules/astro/dist/core/render-context.js:133:31)
    at process.processTicksAndRejections (node:internal/process/task_queues:105:5)
    at async callMiddleware (file:///C:/code/zentala.eu/node_modules/astro/dist/core/middleware/callMiddleware.js:21:10) @ http://localhost:4322/@vite/client:1385
[ 1149620ms] [ERROR] [vite] Internal Server Error
Cannot read properties of undefined (reading &#39;localeCompare&#39;)
TypeError: Cannot read properties of undefined (reading 'localeCompare')
    at C:\code\zentala.eu\src\pages\resources\index.astro:13:30
    at Array.sort (<anonymous>)
    at C:\code\zentala.eu\src\pages\resources\index.astro:13:4
    at index (C:\code\zentala.eu\node_modules\astro\dist\runtime\server\astro-component.js:16:12)
    at callComponentAsTemplateResultOrResponse (file:///C:/code/zentala.eu/node_modules/astro/dist/runtime/server/render/astro/render.js:90:31)
    at renderToAsyncIterable (file:///C:/code/zentala.eu/node_modules/astro/dist/runtime/server/render/astro/render.js:132:32)
    at renderPage (file:///C:/code/zentala.eu/node_modules/astro/dist/runtime/server/render/page.js:31:30)
    at lastNext (file:///C:/code/zentala.eu/node_modules/astro/dist/core/render-context.js:133:31)
    at process.processTicksAndRejections (node:internal/process/task_queues:105:5)
    at async callMiddleware (file:///C:/code/zentala.eu/node_modules/astro/dist/core/middleware/callMiddleware.js:21:10) @ http://localhost:4322/@vite/client:1385
[ 1149710ms] [ERROR] Failed to load resource: the server responded with a status of 500 (Internal Server Error) @ http://localhost:4322/resources:0
[ 1149930ms] [ERROR] [vite] Internal Server Error
Cannot read properties of undefined (reading &#39;localeCompare&#39;)
TypeError: Cannot read properties of undefined (reading 'localeCompare')
    at C:\code\zentala.eu\src\pages\resources\index.astro:13:30
    at Array.sort (<anonymous>)
    at C:\code\zentala.eu\src\pages\resources\index.astro:13:4
    at index (C:\code\zentala.eu\node_modules\astro\dist\runtime\server\astro-component.js:16:12)
    at callComponentAsTemplateResultOrResponse (file:///C:/code/zentala.eu/node_modules/astro/dist/runtime/server/render/astro/render.js:90:31)
    at renderToAsyncIterable (file:///C:/code/zentala.eu/node_modules/astro/dist/runtime/server/render/astro/render.js:132:32)
    at renderPage (file:///C:/code/zentala.eu/node_modules/astro/dist/runtime/server/render/page.js:31:30)
    at lastNext (file:///C:/code/zentala.eu/node_modules/astro/dist/core/render-context.js:133:31)
    at process.processTicksAndRejections (node:internal/process/task_queues:105:5)
    at async callMiddleware (file:///C:/code/zentala.eu/node_modules/astro/dist/core/middleware/callMiddleware.js:21:10) @ http://localhost:4322/@vite/client:1385
[ 1150098ms] [ERROR] Failed to load resource: the server responded with a status of 500 (Internal Server Error) @ http://localhost:4322/resources:0
[ 1150266ms] [ERROR] Failed to load resource: the server responded with a status of 500 (Internal Server Error) @ http://localhost:4322/resources:0
[ 1150320ms] [ERROR] [vite] Internal Server Error
Cannot read properties of undefined (reading &#39;localeCompare&#39;)
TypeError: Cannot read properties of undefined (reading 'localeCompare')
    at C:\code\zentala.eu\src\pages\resources\index.astro:13:30
    at Array.sort (<anonymous>)
    at C:\code\zentala.eu\src\pages\resources\index.astro:13:4
    at index (C:\code\zentala.eu\node_modules\astro\dist\runtime\server\astro-component.js:16:12)
    at callComponentAsTemplateResultOrResponse (file:///C:/code/zentala.eu/node_modules/astro/dist/runtime/server/render/astro/render.js:90:31)
    at renderToAsyncIterable (file:///C:/code/zentala.eu/node_modules/astro/dist/runtime/server/render/astro/render.js:132:32)
    at renderPage (file:///C:/code/zentala.eu/node_modules/astro/dist/runtime/server/render/page.js:31:30)
    at lastNext (file:///C:/code/zentala.eu/node_modules/astro/dist/core/render-context.js:133:31)
    at process.processTicksAndRejections (node:internal/process/task_queues:105:5)
    at async callMiddleware (file:///C:/code/zentala.eu/node_modules/astro/dist/core/middleware/callMiddleware.js:21:10) @ http://localhost:4322/@vite/client:1385
[ 1150499ms] [ERROR] [vite] Internal Server Error
Cannot read properties of undefined (reading &#39;localeCompare&#39;)
TypeError: Cannot read properties of undefined (reading 'localeCompare')
    at C:\code\zentala.eu\src\pages\resources\index.astro:13:30
    at Array.sort (<anonymous>)
    at C:\code\zentala.eu\src\pages\resources\index.astro:13:4
    at index (C:\code\zentala.eu\node_modules\astro\dist\runtime\server\astro-component.js:16:12)
    at callComponentAsTemplateResultOrResponse (file:///C:/code/zentala.eu/node_modules/astro/dist/runtime/server/render/astro/render.js:90:31)
    at renderToAsyncIterable (file:///C:/code/zentala.eu/node_modules/astro/dist/runtime/server/render/astro/render.js:132:32)
    at renderPage (file:///C:/code/zentala.eu/node_modules/astro/dist/runtime/server/render/page.js:31:30)
    at lastNext (file:///C:/code/zentala.eu/node_modules/astro/dist/core/render-context.js:133:31)
    at process.processTicksAndRejections (node:internal/process/task_queues:105:5)
    at async callMiddleware (file:///C:/code/zentala.eu/node_modules/astro/dist/core/middleware/callMiddleware.js:21:10) @ http://localhost:4322/@vite/client:1385
[ 1150538ms] [ERROR] Failed to load resource: the server responded with a status of 500 (Internal Server Error) @ http://localhost:4322/resources:0
[ 1150739ms] [ERROR] Failed to load resource: the server responded with a status of 500 (Internal Server Error) @ http://localhost:4322/resources:0
[ 1150978ms] [ERROR] [vite] Internal Server Error
Cannot read properties of undefined (reading &#39;localeCompare&#39;)
TypeError: Cannot read properties of undefined (reading 'localeCompare')
    at C:\code\zentala.eu\src\pages\resources\index.astro:13:30
    at Array.sort (<anonymous>)
    at C:\code\zentala.eu\src\pages\resources\index.astro:13:4
    at index (C:\code\zentala.eu\node_modules\astro\dist\runtime\server\astro-component.js:16:12)
    at callComponentAsTemplateResultOrResponse (file:///C:/code/zentala.eu/node_modules/astro/dist/runtime/server/render/astro/render.js:90:31)
    at renderToAsyncIterable (file:///C:/code/zentala.eu/node_modules/astro/dist/runtime/server/render/astro/render.js:132:32)
    at renderPage (file:///C:/code/zentala.eu/node_modules/astro/dist/runtime/server/render/page.js:31:30)
    at lastNext (file:///C:/code/zentala.eu/node_modules/astro/dist/core/render-context.js:133:31)
    at process.processTicksAndRejections (node:internal/process/task_queues:105:5)
    at async callMiddleware (file:///C:/code/zentala.eu/node_modules/astro/dist/core/middleware/callMiddleware.js:21:10) @ http://localhost:4322/@vite/client:1385
[ 1151137ms] [ERROR] Failed to load resource: the server responded with a status of 500 (Internal Server Error) @ http://localhost:4322/resources:0
[ 1151324ms] [ERROR] Failed to load resource: the server responded with a status of 500 (Internal Server Error) @ http://localhost:4322/resources:0
[ 1151376ms] [ERROR] [vite] Internal Server Error
Cannot read properties of undefined (reading &#39;localeCompare&#39;)
TypeError: Cannot read properties of undefined (reading 'localeCompare')
    at C:\code\zentala.eu\src\pages\resources\index.astro:13:30
    at Array.sort (<anonymous>)
    at C:\code\zentala.eu\src\pages\resources\index.astro:13:4
    at index (C:\code\zentala.eu\node_modules\astro\dist\runtime\server\astro-component.js:16:12)
    at callComponentAsTemplateResultOrResponse (file:///C:/code/zentala.eu/node_modules/astro/dist/runtime/server/render/astro/render.js:90:31)
    at renderToAsyncIterable (file:///C:/code/zentala.eu/node_modules/astro/dist/runtime/server/render/astro/render.js:132:32)
    at renderPage (file:///C:/code/zentala.eu/node_modules/astro/dist/runtime/server/render/page.js:31:30)
    at lastNext (file:///C:/code/zentala.eu/node_modules/astro/dist/core/render-context.js:133:31)
    at process.processTicksAndRejections (node:internal/process/task_queues:105:5)
    at async callMiddleware (file:///C:/code/zentala.eu/node_modules/astro/dist/core/middleware/callMiddleware.js:21:10) @ http://localhost:4322/@vite/client:1385
[ 1151546ms] [ERROR] [vite] Internal Server Error
Cannot read properties of undefined (reading &#39;localeCompare&#39;)
TypeError: Cannot read properties of undefined (reading 'localeCompare')
    at C:\code\zentala.eu\src\pages\resources\index.astro:13:30
    at Array.sort (<anonymous>)
    at C:\code\zentala.eu\src\pages\resources\index.astro:13:4
    at index (C:\code\zentala.eu\node_modules\astro\dist\runtime\server\astro-component.js:16:12)
    at callComponentAsTemplateResultOrResponse (file:///C:/code/zentala.eu/node_modules/astro/dist/runtime/server/render/astro/render.js:90:31)
    at renderToAsyncIterable (file:///C:/code/zentala.eu/node_modules/astro/dist/runtime/server/render/astro/render.js:132:32)
    at renderPage (file:///C:/code/zentala.eu/node_modules/astro/dist/runtime/server/render/page.js:31:30)
    at lastNext (file:///C:/code/zentala.eu/node_modules/astro/dist/core/render-context.js:133:31)
    at process.processTicksAndRejections (node:internal/process/task_queues:105:5)
    at async callMiddleware (file:///C:/code/zentala.eu/node_modules/astro/dist/core/middleware/callMiddleware.js:21:10) @ http://localhost:4322/@vite/client:1385
[ 1151561ms] [ERROR] Failed to load resource: the server responded with a status of 500 (Internal Server Error) @ http://localhost:4322/resources:0
[ 1151766ms] [ERROR] [vite] Internal Server Error
Cannot read properties of undefined (reading &#39;localeCompare&#39;)
TypeError: Cannot read properties of undefined (reading 'localeCompare')
    at C:\code\zentala.eu\src\pages\resources\index.astro:13:30
    at Array.sort (<anonymous>)
    at C:\code\zentala.eu\src\pages\resources\index.astro:13:4
    at index (C:\code\zentala.eu\node_modules\astro\dist\runtime\server\astro-component.js:16:12)
    at callComponentAsTemplateResultOrResponse (file:///C:/code/zentala.eu/node_modules/astro/dist/runtime/server/render/astro/render.js:90:31)
    at renderToAsyncIterable (file:///C:/code/zentala.eu/node_modules/astro/dist/runtime/server/render/astro/render.js:132:32)
    at renderPage (file:///C:/code/zentala.eu/node_modules/astro/dist/runtime/server/render/page.js:31:30)
    at lastNext (file:///C:/code/zentala.eu/node_modules/astro/dist/core/render-context.js:133:31)
    at process.processTicksAndRejections (node:internal/process/task_queues:105:5)
    at async callMiddleware (file:///C:/code/zentala.eu/node_modules/astro/dist/core/middleware/callMiddleware.js:21:10) @ http://localhost:4322/@vite/client:1385
[ 1151882ms] [ERROR] Failed to load resource: the server responded with a status of 500 (Internal Server Error) @ http://localhost:4322/resources:0
[ 1152101ms] [ERROR] [vite] Internal Server Error
Cannot read properties of undefined (reading &#39;localeCompare&#39;)
TypeError: Cannot read properties of undefined (reading 'localeCompare')
    at C:\code\zentala.eu\src\pages\resources\index.astro:13:30
    at Array.sort (<anonymous>)
    at C:\code\zentala.eu\src\pages\resources\index.astro:13:4
    at index (C:\code\zentala.eu\node_modules\astro\dist\runtime\server\astro-component.js:16:12)
    at callComponentAsTemplateResultOrResponse (file:///C:/code/zentala.eu/node_modules/astro/dist/runtime/server/render/astro/render.js:90:31)
    at renderToAsyncIterable (file:///C:/code/zentala.eu/node_modules/astro/dist/runtime/server/render/astro/render.js:132:32)
    at renderPage (file:///C:/code/zentala.eu/node_modules/astro/dist/runtime/server/render/page.js:31:30)
    at lastNext (file:///C:/code/zentala.eu/node_modules/astro/dist/core/render-context.js:133:31)
    at process.processTicksAndRejections (node:internal/process/task_queues:105:5)
    at async callMiddleware (file:///C:/code/zentala.eu/node_modules/astro/dist/core/middleware/callMiddleware.js:21:10) @ http://localhost:4322/@vite/client:1385
[ 1152292ms] [ERROR] Failed to load resource: the server responded with a status of 500 (Internal Server Error) @ http://localhost:4322/resources:0
[ 1152414ms] [ERROR] Failed to load resource: the server responded with a status of 500 (Internal Server Error) @ http://localhost:4322/resources:0
[ 1152513ms] [ERROR] [vite] Internal Server Error
Cannot read properties of undefined (reading &#39;localeCompare&#39;)
TypeError: Cannot read properties of undefined (reading 'localeCompare')
    at C:\code\zentala.eu\src\pages\resources\index.astro:13:30
    at Array.sort (<anonymous>)
    at C:\code\zentala.eu\src\pages\resources\index.astro:13:4
    at index (C:\code\zentala.eu\node_modules\astro\dist\runtime\server\astro-component.js:16:12)
    at callComponentAsTemplateResultOrResponse (file:///C:/code/zentala.eu/node_modules/astro/dist/runtime/server/render/astro/render.js:90:31)
    at renderToAsyncIterable (file:///C:/code/zentala.eu/node_modules/astro/dist/runtime/server/render/astro/render.js:132:32)
    at renderPage (file:///C:/code/zentala.eu/node_modules/astro/dist/runtime/server/render/page.js:31:30)
    at lastNext (file:///C:/code/zentala.eu/node_modules/astro/dist/core/render-context.js:133:31)
    at process.processTicksAndRejections (node:internal/process/task_queues:105:5)
    at async callMiddleware (file:///C:/code/zentala.eu/node_modules/astro/dist/core/middleware/callMiddleware.js:21:10) @ http://localhost:4322/@vite/client:1385
[ 1152615ms] [ERROR] Failed to load resource: the server responded with a status of 500 (Internal Server Error) @ http://localhost:4322/resources:0
[ 1152824ms] [ERROR] [vite] Internal Server Error
Cannot read properties of undefined (reading &#39;localeCompare&#39;)
TypeError: Cannot read properties of undefined (reading 'localeCompare')
    at C:\code\zentala.eu\src\pages\resources\index.astro:13:30
    at Array.sort (<anonymous>)
    at C:\code\zentala.eu\src\pages\resources\index.astro:13:4
    at index (C:\code\zentala.eu\node_modules\astro\dist\runtime\server\astro-component.js:16:12)
    at callComponentAsTemplateResultOrResponse (file:///C:/code/zentala.eu/node_modules/astro/dist/runtime/server/render/astro/render.js:90:31)
    at renderToAsyncIterable (file:///C:/code/zentala.eu/node_modules/astro/dist/runtime/server/render/astro/render.js:132:32)
    at renderPage (file:///C:/code/zentala.eu/node_modules/astro/dist/runtime/server/render/page.js:31:30)
    at lastNext (file:///C:/code/zentala.eu/node_modules/astro/dist/core/render-context.js:133:31)
    at process.processTicksAndRejections (node:internal/process/task_queues:105:5)
    at async callMiddleware (file:///C:/code/zentala.eu/node_modules/astro/dist/core/middleware/callMiddleware.js:21:10) @ http://localhost:4322/@vite/client:1385
[ 1152929ms] [ERROR] Failed to load resource: the server responded with a status of 500 (Internal Server Error) @ http://localhost:4322/resources:0
[ 1153144ms] [ERROR] [vite] Internal Server Error
Cannot read properties of undefined (reading &#39;localeCompare&#39;)
TypeError: Cannot read properties of undefined (reading 'localeCompare')
    at C:\code\zentala.eu\src\pages\resources\index.astro:13:30
    at Array.sort (<anonymous>)
    at C:\code\zentala.eu\src\pages\resources\index.astro:13:4
    at index (C:\code\zentala.eu\node_modules\astro\dist\runtime\server\astro-component.js:16:12)
    at callComponentAsTemplateResultOrResponse (file:///C:/code/zentala.eu/node_modules/astro/dist/runtime/server/render/astro/render.js:90:31)
    at renderToAsyncIterable (file:///C:/code/zentala.eu/node_modules/astro/dist/runtime/server/render/astro/render.js:132:32)
    at renderPage (file:///C:/code/zentala.eu/node_modules/astro/dist/runtime/server/render/page.js:31:30)
    at lastNext (file:///C:/code/zentala.eu/node_modules/astro/dist/core/render-context.js:133:31)
    at process.processTicksAndRejections (node:internal/process/task_queues:105:5)
    at async callMiddleware (file:///C:/code/zentala.eu/node_modules/astro/dist/core/middleware/callMiddleware.js:21:10) @ http://localhost:4322/@vite/client:1385
[ 1153247ms] [ERROR] Failed to load resource: the server responded with a status of 500 (Internal Server Error) @ http://localhost:4322/resources:0
[ 1153445ms] [ERROR] Failed to load resource: the server responded with a status of 500 (Internal Server Error) @ http://localhost:4322/resources:0
[ 1153565ms] [ERROR] Failed to load resource: the server responded with a status of 500 (Internal Server Error) @ http://localhost:4322/resources:0
[ 1153677ms] [ERROR] [vite] Internal Server Error
Cannot read properties of undefined (reading &#39;localeCompare&#39;)
TypeError: Cannot read properties of undefined (reading 'localeCompare')
    at C:\code\zentala.eu\src\pages\resources\index.astro:13:30
    at Array.sort (<anonymous>)
    at C:\code\zentala.eu\src\pages\resources\index.astro:13:4
    at index (C:\code\zentala.eu\node_modules\astro\dist\runtime\server\astro-component.js:16:12)
    at callComponentAsTemplateResultOrResponse (file:///C:/code/zentala.eu/node_modules/astro/dist/runtime/server/render/astro/render.js:90:31)
    at renderToAsyncIterable (file:///C:/code/zentala.eu/node_modules/astro/dist/runtime/server/render/astro/render.js:132:32)
    at renderPage (file:///C:/code/zentala.eu/node_modules/astro/dist/runtime/server/render/page.js:31:30)
    at lastNext (file:///C:/code/zentala.eu/node_modules/astro/dist/core/render-context.js:133:31)
    at process.processTicksAndRejections (node:internal/process/task_queues:105:5)
    at async callMiddleware (file:///C:/code/zentala.eu/node_modules/astro/dist/core/middleware/callMiddleware.js:21:10) @ http://localhost:4322/@vite/client:1385
[ 1153785ms] [ERROR] [vite] Internal Server Error
Cannot read properties of undefined (reading &#39;localeCompare&#39;)
TypeError: Cannot read properties of undefined (reading 'localeCompare')
    at C:\code\zentala.eu\src\pages\resources\index.astro:13:30
    at Array.sort (<anonymous>)
    at C:\code\zentala.eu\src\pages\resources\index.astro:13:4
    at index (C:\code\zentala.eu\node_modules\astro\dist\runtime\server\astro-component.js:16:12)
    at callComponentAsTemplateResultOrResponse (file:///C:/code/zentala.eu/node_modules/astro/dist/runtime/server/render/astro/render.js:90:31)
    at renderToAsyncIterable (file:///C:/code/zentala.eu/node_modules/astro/dist/runtime/server/render/astro/render.js:132:32)
    at renderPage (file:///C:/code/zentala.eu/node_modules/astro/dist/runtime/server/render/page.js:31:30)
    at lastNext (file:///C:/code/zentala.eu/node_modules/astro/dist/core/render-context.js:133:31)
    at process.processTicksAndRejections (node:internal/process/task_queues:105:5)
    at async callMiddleware (file:///C:/code/zentala.eu/node_modules/astro/dist/core/middleware/callMiddleware.js:21:10) @ http://localhost:4322/@vite/client:1385
[ 1153865ms] [ERROR] Failed to load resource: the server responded with a status of 500 (Internal Server Error) @ http://localhost:4322/resources:0
[ 1153978ms] [ERROR] Failed to load resource: the server responded with a status of 500 (Internal Server Error) @ http://localhost:4322/resources:0
[ 1154096ms] [ERROR] [vite] Internal Server Error
Cannot read properties of undefined (reading &#39;localeCompare&#39;)
TypeError: Cannot read properties of undefined (reading 'localeCompare')
    at C:\code\zentala.eu\src\pages\resources\index.astro:13:30
    at Array.sort (<anonymous>)
    at C:\code\zentala.eu\src\pages\resources\index.astro:13:4
    at index (C:\code\zentala.eu\node_modules\astro\dist\runtime\server\astro-component.js:16:12)
    at callComponentAsTemplateResultOrResponse (file:///C:/code/zentala.eu/node_modules/astro/dist/runtime/server/render/astro/render.js:90:31)
    at renderToAsyncIterable (file:///C:/code/zentala.eu/node_modules/astro/dist/runtime/server/render/astro/render.js:132:32)
    at renderPage (file:///C:/code/zentala.eu/node_modules/astro/dist/runtime/server/render/page.js:31:30)
    at lastNext (file:///C:/code/zentala.eu/node_modules/astro/dist/core/render-context.js:133:31)
    at process.processTicksAndRejections (node:internal/process/task_queues:105:5)
    at async callMiddleware (file:///C:/code/zentala.eu/node_modules/astro/dist/core/middleware/callMiddleware.js:21:10) @ http://localhost:4322/@vite/client:1385
[ 1154100ms] [ERROR] Failed to load resource: the server responded with a status of 500 (Internal Server Error) @ http://localhost:4322/resources:0
[ 1154221ms] [ERROR] [vite] Internal Server Error
Cannot read properties of undefined (reading &#39;localeCompare&#39;)
TypeError: Cannot read properties of undefined (reading 'localeCompare')
    at C:\code\zentala.eu\src\pages\resources\index.astro:13:30
    at Array.sort (<anonymous>)
    at C:\code\zentala.eu\src\pages\resources\index.astro:13:4
    at index (C:\code\zentala.eu\node_modules\astro\dist\runtime\server\astro-component.js:16:12)
    at callComponentAsTemplateResultOrResponse (file:///C:/code/zentala.eu/node_modules/astro/dist/runtime/server/render/astro/render.js:90:31)
    at renderToAsyncIterable (file:///C:/code/zentala.eu/node_modules/astro/dist/runtime/server/render/astro/render.js:132:32)
    at renderPage (file:///C:/code/zentala.eu/node_modules/astro/dist/runtime/server/render/page.js:31:30)
    at lastNext (file:///C:/code/zentala.eu/node_modules/astro/dist/core/render-context.js:133:31)
    at process.processTicksAndRejections (node:internal/process/task_queues:105:5)
    at async callMiddleware (file:///C:/code/zentala.eu/node_modules/astro/dist/core/middleware/callMiddleware.js:21:10) @ http://localhost:4322/@vite/client:1385
[ 1154303ms] [ERROR] [vite] Internal Server Error
Cannot read properties of undefined (reading &#39;localeCompare&#39;)
TypeError: Cannot read properties of undefined (reading 'localeCompare')
    at C:\code\zentala.eu\src\pages\resources\index.astro:13:30
    at Array.sort (<anonymous>)
    at C:\code\zentala.eu\src\pages\resources\index.astro:13:4
    at index (C:\code\zentala.eu\node_modules\astro\dist\runtime\server\astro-component.js:16:12)
    at callComponentAsTemplateResultOrResponse (file:///C:/code/zentala.eu/node_modules/astro/dist/runtime/server/render/astro/render.js:90:31)
    at renderToAsyncIterable (file:///C:/code/zentala.eu/node_modules/astro/dist/runtime/server/render/astro/render.js:132:32)
    at renderPage (file:///C:/code/zentala.eu/node_modules/astro/dist/runtime/server/render/page.js:31:30)
    at lastNext (file:///C:/code/zentala.eu/node_modules/astro/dist/core/render-context.js:133:31)
    at process.processTicksAndRejections (node:internal/process/task_queues:105:5)
    at async callMiddleware (file:///C:/code/zentala.eu/node_modules/astro/dist/core/middleware/callMiddleware.js:21:10) @ http://localhost:4322/@vite/client:1385
[ 1154412ms] [ERROR] Failed to load resource: the server responded with a status of 500 (Internal Server Error) @ http://localhost:4322/resources:0
[ 1154511ms] [ERROR] Failed to load resource: the server responded with a status of 500 (Internal Server Error) @ http://localhost:4322/resources:0
[ 1154621ms] [ERROR] Failed to load resource: the server responded with a status of 500 (Internal Server Error) @ http://localhost:4322/resources:0
[ 1154718ms] [ERROR] [vite] Internal Server Error
Cannot read properties of undefined (reading &#39;localeCompare&#39;)
TypeError: Cannot read properties of undefined (reading 'localeCompare')
    at C:\code\zentala.eu\src\pages\resources\index.astro:13:30
    at Array.sort (<anonymous>)
    at C:\code\zentala.eu\src\pages\resources\index.astro:13:4
    at index (C:\code\zentala.eu\node_modules\astro\dist\runtime\server\astro-component.js:16:12)
    at callComponentAsTemplateResultOrResponse (file:///C:/code/zentala.eu/node_modules/astro/dist/runtime/server/render/astro/render.js:90:31)
    at renderToAsyncIterable (file:///C:/code/zentala.eu/node_modules/astro/dist/runtime/server/render/astro/render.js:132:32)
    at renderPage (file:///C:/code/zentala.eu/node_modules/astro/dist/runtime/server/render/page.js:31:30)
    at lastNext (file:///C:/code/zentala.eu/node_modules/astro/dist/core/render-context.js:133:31)
    at process.processTicksAndRejections (node:internal/process/task_queues:105:5)
    at async callMiddleware (file:///C:/code/zentala.eu/node_modules/astro/dist/core/middleware/callMiddleware.js:21:10) @ http://localhost:4322/@vite/client:1385
[ 1154729ms] [ERROR] Failed to load resource: the server responded with a status of 500 (Internal Server Error) @ http://localhost:4322/resources:0
[ 1154826ms] [ERROR] [vite] Internal Server Error
Cannot read properties of undefined (reading &#39;localeCompare&#39;)
TypeError: Cannot read properties of undefined (reading 'localeCompare')
    at C:\code\zentala.eu\src\pages\resources\index.astro:13:30
    at Array.sort (<anonymous>)
    at C:\code\zentala.eu\src\pages\resources\index.astro:13:4
    at index (C:\code\zentala.eu\node_modules\astro\dist\runtime\server\astro-component.js:16:12)
    at callComponentAsTemplateResultOrResponse (file:///C:/code/zentala.eu/node_modules/astro/dist/runtime/server/render/astro/render.js:90:31)
    at renderToAsyncIterable (file:///C:/code/zentala.eu/node_modules/astro/dist/runtime/server/render/astro/render.js:132:32)
    at renderPage (file:///C:/code/zentala.eu/node_modules/astro/dist/runtime/server/render/page.js:31:30)
    at lastNext (file:///C:/code/zentala.eu/node_modules/astro/dist/core/render-context.js:133:31)
    at process.processTicksAndRejections (node:internal/process/task_queues:105:5)
    at async callMiddleware (file:///C:/code/zentala.eu/node_modules/astro/dist/core/middleware/callMiddleware.js:21:10) @ http://localhost:4322/@vite/client:1385
[ 1154837ms] [ERROR] Failed to load resource: the server responded with a status of 500 (Internal Server Error) @ http://localhost:4322/resources:0
[ 1154934ms] [ERROR] [vite] Internal Server Error
Cannot read properties of undefined (reading &#39;localeCompare&#39;)
TypeError: Cannot read properties of undefined (reading 'localeCompare')
    at C:\code\zentala.eu\src\pages\resources\index.astro:13:30
    at Array.sort (<anonymous>)
    at C:\code\zentala.eu\src\pages\resources\index.astro:13:4
    at index (C:\code\zentala.eu\node_modules\astro\dist\runtime\server\astro-component.js:16:12)
    at callComponentAsTemplateResultOrResponse (file:///C:/code/zentala.eu/node_modules/astro/dist/runtime/server/render/astro/render.js:90:31)
    at renderToAsyncIterable (file:///C:/code/zentala.eu/node_modules/astro/dist/runtime/server/render/astro/render.js:132:32)
    at renderPage (file:///C:/code/zentala.eu/node_modules/astro/dist/runtime/server/render/page.js:31:30)
    at lastNext (file:///C:/code/zentala.eu/node_modules/astro/dist/core/render-context.js:133:31)
    at process.processTicksAndRejections (node:internal/process/task_queues:105:5)
    at async callMiddleware (file:///C:/code/zentala.eu/node_modules/astro/dist/core/middleware/callMiddleware.js:21:10) @ http://localhost:4322/@vite/client:1385
[ 1154942ms] [ERROR] Failed to load resource: the server responded with a status of 500 (Internal Server Error) @ http://localhost:4322/resources:0
[ 1155046ms] [ERROR] [vite] Internal Server Error
Cannot read properties of undefined (reading &#39;localeCompare&#39;)
TypeError: Cannot read properties of undefined (reading 'localeCompare')
    at C:\code\zentala.eu\src\pages\resources\index.astro:13:30
    at Array.sort (<anonymous>)
    at C:\code\zentala.eu\src\pages\resources\index.astro:13:4
    at index (C:\code\zentala.eu\node_modules\astro\dist\runtime\server\astro-component.js:16:12)
    at callComponentAsTemplateResultOrResponse (file:///C:/code/zentala.eu/node_modules/astro/dist/runtime/server/render/astro/render.js:90:31)
    at renderToAsyncIterable (file:///C:/code/zentala.eu/node_modules/astro/dist/runtime/server/render/astro/render.js:132:32)
    at renderPage (file:///C:/code/zentala.eu/node_modules/astro/dist/runtime/server/render/page.js:31:30)
    at lastNext (file:///C:/code/zentala.eu/node_modules/astro/dist/core/render-context.js:133:31)
    at process.processTicksAndRejections (node:internal/process/task_queues:105:5)
    at async callMiddleware (file:///C:/code/zentala.eu/node_modules/astro/dist/core/middleware/callMiddleware.js:21:10) @ http://localhost:4322/@vite/client:1385
[ 1155053ms] [ERROR] Failed to load resource: the server responded with a status of 500 (Internal Server Error) @ http://localhost:4322/resources:0
[ 1155155ms] [ERROR] [vite] Internal Server Error
Cannot read properties of undefined (reading &#39;localeCompare&#39;)
TypeError: Cannot read properties of undefined (reading 'localeCompare')
    at C:\code\zentala.eu\src\pages\resources\index.astro:13:30
    at Array.sort (<anonymous>)
    at C:\code\zentala.eu\src\pages\resources\index.astro:13:4
    at index (C:\code\zentala.eu\node_modules\astro\dist\runtime\server\astro-component.js:16:12)
    at callComponentAsTemplateResultOrResponse (file:///C:/code/zentala.eu/node_modules/astro/dist/runtime/server/render/astro/render.js:90:31)
    at renderToAsyncIterable (file:///C:/code/zentala.eu/node_modules/astro/dist/runtime/server/render/astro/render.js:132:32)
    at renderPage (file:///C:/code/zentala.eu/node_modules/astro/dist/runtime/server/render/page.js:31:30)
    at lastNext (file:///C:/code/zentala.eu/node_modules/astro/dist/core/render-context.js:133:31)
    at process.processTicksAndRejections (node:internal/process/task_queues:105:5)
    at async callMiddleware (file:///C:/code/zentala.eu/node_modules/astro/dist/core/middleware/callMiddleware.js:21:10) @ http://localhost:4322/@vite/client:1385
[ 1155163ms] [ERROR] Failed to load resource: the server responded with a status of 500 (Internal Server Error) @ http://localhost:4322/resources:0
[ 1155264ms] [ERROR] [vite] Internal Server Error
Cannot read properties of undefined (reading &#39;localeCompare&#39;)
TypeError: Cannot read properties of undefined (reading 'localeCompare')
    at C:\code\zentala.eu\src\pages\resources\index.astro:13:30
    at Array.sort (<anonymous>)
    at C:\code\zentala.eu\src\pages\resources\index.astro:13:4
    at index (C:\code\zentala.eu\node_modules\astro\dist\runtime\server\astro-component.js:16:12)
    at callComponentAsTemplateResultOrResponse (file:///C:/code/zentala.eu/node_modules/astro/dist/runtime/server/render/astro/render.js:90:31)
    at renderToAsyncIterable (file:///C:/code/zentala.eu/node_modules/astro/dist/runtime/server/render/astro/render.js:132:32)
    at renderPage (file:///C:/code/zentala.eu/node_modules/astro/dist/runtime/server/render/page.js:31:30)
    at lastNext (file:///C:/code/zentala.eu/node_modules/astro/dist/core/render-context.js:133:31)
    at process.processTicksAndRejections (node:internal/process/task_queues:105:5)
    at async callMiddleware (file:///C:/code/zentala.eu/node_modules/astro/dist/core/middleware/callMiddleware.js:21:10) @ http://localhost:4322/@vite/client:1385
[ 1155269ms] [ERROR] Failed to load resource: the server responded with a status of 500 (Internal Server Error) @ http://localhost:4322/resources:0
[ 1155370ms] [ERROR] [vite] Internal Server Error
Cannot read properties of undefined (reading &#39;localeCompare&#39;)
TypeError: Cannot read properties of undefined (reading 'localeCompare')
    at C:\code\zentala.eu\src\pages\resources\index.astro:13:30
    at Array.sort (<anonymous>)
    at C:\code\zentala.eu\src\pages\resources\index.astro:13:4
    at index (C:\code\zentala.eu\node_modules\astro\dist\runtime\server\astro-component.js:16:12)
    at callComponentAsTemplateResultOrResponse (file:///C:/code/zentala.eu/node_modules/astro/dist/runtime/server/render/astro/render.js:90:31)
    at renderToAsyncIterable (file:///C:/code/zentala.eu/node_modules/astro/dist/runtime/server/render/astro/render.js:132:32)
    at renderPage (file:///C:/code/zentala.eu/node_modules/astro/dist/runtime/server/render/page.js:31:30)
    at lastNext (file:///C:/code/zentala.eu/node_modules/astro/dist/core/render-context.js:133:31)
    at process.processTicksAndRejections (node:internal/process/task_queues:105:5)
    at async callMiddleware (file:///C:/code/zentala.eu/node_modules/astro/dist/core/middleware/callMiddleware.js:21:10) @ http://localhost:4322/@vite/client:1385
[ 1155377ms] [ERROR] Failed to load resource: the server responded with a status of 500 (Internal Server Error) @ http://localhost:4322/resources:0
[ 1155479ms] [ERROR] Failed to load resource: the server responded with a status of 500 (Internal Server Error) @ http://localhost:4322/resources:0
[ 1155579ms] [ERROR] Failed to load resource: the server responded with a status of 500 (Internal Server Error) @ http://localhost:4322/resources:0
[ 1155691ms] [ERROR] [vite] Internal Server Error
Cannot read properties of undefined (reading &#39;localeCompare&#39;)
TypeError: Cannot read properties of undefined (reading 'localeCompare')
    at C:\code\zentala.eu\src\pages\resources\index.astro:13:30
    at Array.sort (<anonymous>)
    at C:\code\zentala.eu\src\pages\resources\index.astro:13:4
    at index (C:\code\zentala.eu\node_modules\astro\dist\runtime\server\astro-component.js:16:12)
    at callComponentAsTemplateResultOrResponse (file:///C:/code/zentala.eu/node_modules/astro/dist/runtime/server/render/astro/render.js:90:31)
    at renderToAsyncIterable (file:///C:/code/zentala.eu/node_modules/astro/dist/runtime/server/render/astro/render.js:132:32)
    at renderPage (file:///C:/code/zentala.eu/node_modules/astro/dist/runtime/server/render/page.js:31:30)
    at lastNext (file:///C:/code/zentala.eu/node_modules/astro/dist/core/render-context.js:133:31)
    at process.processTicksAndRejections (node:internal/process/task_queues:105:5)
    at async callMiddleware (file:///C:/code/zentala.eu/node_modules/astro/dist/core/middleware/callMiddleware.js:21:10) @ http://localhost:4322/@vite/client:1385
[ 1155698ms] [ERROR] Failed to load resource: the server responded with a status of 500 (Internal Server Error) @ http://localhost:4322/resources:0
[ 1155799ms] [ERROR] [vite] Internal Server Error
Cannot read properties of undefined (reading &#39;localeCompare&#39;)
TypeError: Cannot read properties of undefined (reading 'localeCompare')
    at C:\code\zentala.eu\src\pages\resources\index.astro:13:30
    at Array.sort (<anonymous>)
    at C:\code\zentala.eu\src\pages\resources\index.astro:13:4
    at index (C:\code\zentala.eu\node_modules\astro\dist\runtime\server\astro-component.js:16:12)
    at callComponentAsTemplateResultOrResponse (file:///C:/code/zentala.eu/node_modules/astro/dist/runtime/server/render/astro/render.js:90:31)
    at renderToAsyncIterable (file:///C:/code/zentala.eu/node_modules/astro/dist/runtime/server/render/astro/render.js:132:32)
    at renderPage (file:///C:/code/zentala.eu/node_modules/astro/dist/runtime/server/render/page.js:31:30)
    at lastNext (file:///C:/code/zentala.eu/node_modules/astro/dist/core/render-context.js:133:31)
    at process.processTicksAndRejections (node:internal/process/task_queues:105:5)
    at async callMiddleware (file:///C:/code/zentala.eu/node_modules/astro/dist/core/middleware/callMiddleware.js:21:10) @ http://localhost:4322/@vite/client:1385
[ 1155808ms] [ERROR] Failed to load resource: the server responded with a status of 500 (Internal Server Error) @ http://localhost:4322/resources:0
[ 1155901ms] [ERROR] Failed to load resource: the server responded with a status of 500 (Internal Server Error) @ http://localhost:4322/resources:0
[ 1156012ms] [ERROR] [vite] Internal Server Error
Cannot read properties of undefined (reading &#39;localeCompare&#39;)
TypeError: Cannot read properties of undefined (reading 'localeCompare')
    at C:\code\zentala.eu\src\pages\resources\index.astro:13:30
    at Array.sort (<anonymous>)
    at C:\code\zentala.eu\src\pages\resources\index.astro:13:4
    at index (C:\code\zentala.eu\node_modules\astro\dist\runtime\server\astro-component.js:16:12)
    at callComponentAsTemplateResultOrResponse (file:///C:/code/zentala.eu/node_modules/astro/dist/runtime/server/render/astro/render.js:90:31)
    at renderToAsyncIterable (file:///C:/code/zentala.eu/node_modules/astro/dist/runtime/server/render/astro/render.js:132:32)
    at renderPage (file:///C:/code/zentala.eu/node_modules/astro/dist/runtime/server/render/page.js:31:30)
    at lastNext (file:///C:/code/zentala.eu/node_modules/astro/dist/core/render-context.js:133:31)
    at process.processTicksAndRejections (node:internal/process/task_queues:105:5)
    at async callMiddleware (file:///C:/code/zentala.eu/node_modules/astro/dist/core/middleware/callMiddleware.js:21:10) @ http://localhost:4322/@vite/client:1385
[ 1156019ms] [ERROR] Failed to load resource: the server responded with a status of 500 (Internal Server Error) @ http://localhost:4322/resources:0
[ 1156118ms] [ERROR] [vite] Internal Server Error
Cannot read properties of undefined (reading &#39;localeCompare&#39;)
TypeError: Cannot read properties of undefined (reading 'localeCompare')
    at C:\code\zentala.eu\src\pages\resources\index.astro:13:30
    at Array.sort (<anonymous>)
    at C:\code\zentala.eu\src\pages\resources\index.astro:13:4
    at index (C:\code\zentala.eu\node_modules\astro\dist\runtime\server\astro-component.js:16:12)
    at callComponentAsTemplateResultOrResponse (file:///C:/code/zentala.eu/node_modules/astro/dist/runtime/server/render/astro/render.js:90:31)
    at renderToAsyncIterable (file:///C:/code/zentala.eu/node_modules/astro/dist/runtime/server/render/astro/render.js:132:32)
    at renderPage (file:///C:/code/zentala.eu/node_modules/astro/dist/runtime/server/render/page.js:31:30)
    at lastNext (file:///C:/code/zentala.eu/node_modules/astro/dist/core/render-context.js:133:31)
    at process.processTicksAndRejections (node:internal/process/task_queues:105:5)
    at async callMiddleware (file:///C:/code/zentala.eu/node_modules/astro/dist/core/middleware/callMiddleware.js:21:10) @ http://localhost:4322/@vite/client:1385
[ 1156125ms] [ERROR] Failed to load resource: the server responded with a status of 500 (Internal Server Error) @ http://localhost:4322/resources:0
[ 1156227ms] [ERROR] [vite] Internal Server Error
Cannot read properties of undefined (reading &#39;localeCompare&#39;)
TypeError: Cannot read properties of undefined (reading 'localeCompare')
    at C:\code\zentala.eu\src\pages\resources\index.astro:13:30
    at Array.sort (<anonymous>)
    at C:\code\zentala.eu\src\pages\resources\index.astro:13:4
    at index (C:\code\zentala.eu\node_modules\astro\dist\runtime\server\astro-component.js:16:12)
    at callComponentAsTemplateResultOrResponse (file:///C:/code/zentala.eu/node_modules/astro/dist/runtime/server/render/astro/render.js:90:31)
    at renderToAsyncIterable (file:///C:/code/zentala.eu/node_modules/astro/dist/runtime/server/render/astro/render.js:132:32)
    at renderPage (file:///C:/code/zentala.eu/node_modules/astro/dist/runtime/server/render/page.js:31:30)
    at lastNext (file:///C:/code/zentala.eu/node_modules/astro/dist/core/render-context.js:133:31)
    at process.processTicksAndRejections (node:internal/process/task_queues:105:5)
    at async callMiddleware (file:///C:/code/zentala.eu/node_modules/astro/dist/core/middleware/callMiddleware.js:21:10) @ http://localhost:4322/@vite/client:1385
[ 1156237ms] [ERROR] Failed to load resource: the server responded with a status of 500 (Internal Server Error) @ http://localhost:4322/resources:0
[ 1156333ms] [ERROR] [vite] Internal Server Error
Cannot read properties of undefined (reading &#39;localeCompare&#39;)
TypeError: Cannot read properties of undefined (reading 'localeCompare')
    at C:\code\zentala.eu\src\pages\resources\index.astro:13:30
    at Array.sort (<anonymous>)
    at C:\code\zentala.eu\src\pages\resources\index.astro:13:4
    at index (C:\code\zentala.eu\node_modules\astro\dist\runtime\server\astro-component.js:16:12)
    at callComponentAsTemplateResultOrResponse (file:///C:/code/zentala.eu/node_modules/astro/dist/runtime/server/render/astro/render.js:90:31)
    at renderToAsyncIterable (file:///C:/code/zentala.eu/node_modules/astro/dist/runtime/server/render/astro/render.js:132:32)
    at renderPage (file:///C:/code/zentala.eu/node_modules/astro/dist/runtime/server/render/page.js:31:30)
    at lastNext (file:///C:/code/zentala.eu/node_modules/astro/dist/core/render-context.js:133:31)
    at process.processTicksAndRejections (node:internal/process/task_queues:105:5)
    at async callMiddleware (file:///C:/code/zentala.eu/node_modules/astro/dist/core/middleware/callMiddleware.js:21:10) @ http://localhost:4322/@vite/client:1385
[ 1156339ms] [ERROR] Failed to load resource: the server responded with a status of 500 (Internal Server Error) @ http://localhost:4322/resources:0
[ 1156441ms] [ERROR] [vite] Internal Server Error
Cannot read properties of undefined (reading &#39;localeCompare&#39;)
TypeError: Cannot read properties of undefined (reading 'localeCompare')
    at C:\code\zentala.eu\src\pages\resources\index.astro:13:30
    at Array.sort (<anonymous>)
    at C:\code\zentala.eu\src\pages\resources\index.astro:13:4
    at index (C:\code\zentala.eu\node_modules\astro\dist\runtime\server\astro-component.js:16:12)
    at callComponentAsTemplateResultOrResponse (file:///C:/code/zentala.eu/node_modules/astro/dist/runtime/server/render/astro/render.js:90:31)
    at renderToAsyncIterable (file:///C:/code/zentala.eu/node_modules/astro/dist/runtime/server/render/astro/render.js:132:32)
    at renderPage (file:///C:/code/zentala.eu/node_modules/astro/dist/runtime/server/render/page.js:31:30)
    at lastNext (file:///C:/code/zentala.eu/node_modules/astro/dist/core/render-context.js:133:31)
    at process.processTicksAndRejections (node:internal/process/task_queues:105:5)
    at async callMiddleware (file:///C:/code/zentala.eu/node_modules/astro/dist/core/middleware/callMiddleware.js:21:10) @ http://localhost:4322/@vite/client:1385
[ 1156450ms] [ERROR] Failed to load resource: the server responded with a status of 500 (Internal Server Error) @ http://localhost:4322/resources:0
[ 1156549ms] [ERROR] [vite] Internal Server Error
Cannot read properties of undefined (reading &#39;localeCompare&#39;)
TypeError: Cannot read properties of undefined (reading 'localeCompare')
    at C:\code\zentala.eu\src\pages\resources\index.astro:13:30
    at Array.sort (<anonymous>)
    at C:\code\zentala.eu\src\pages\resources\index.astro:13:4
    at index (C:\code\zentala.eu\node_modules\astro\dist\runtime\server\astro-component.js:16:12)
    at callComponentAsTemplateResultOrResponse (file:///C:/code/zentala.eu/node_modules/astro/dist/runtime/server/render/astro/render.js:90:31)
    at renderToAsyncIterable (file:///C:/code/zentala.eu/node_modules/astro/dist/runtime/server/render/astro/render.js:132:32)
    at renderPage (file:///C:/code/zentala.eu/node_modules/astro/dist/runtime/server/render/page.js:31:30)
    at lastNext (file:///C:/code/zentala.eu/node_modules/astro/dist/core/render-context.js:133:31)
    at process.processTicksAndRejections (node:internal/process/task_queues:105:5)
    at async callMiddleware (file:///C:/code/zentala.eu/node_modules/astro/dist/core/middleware/callMiddleware.js:21:10) @ http://localhost:4322/@vite/client:1385
[ 1156565ms] [ERROR] Failed to load resource: the server responded with a status of 500 (Internal Server Error) @ http://localhost:4322/resources:0
[ 1156651ms] [ERROR] Failed to load resource: the server responded with a status of 500 (Internal Server Error) @ http://localhost:4322/resources:0
[ 1156758ms] [ERROR] Failed to load resource: the server responded with a status of 500 (Internal Server Error) @ http://localhost:4322/resources:0
[ 1156782ms] [ERROR] [vite] Internal Server Error
Cannot read properties of undefined (reading &#39;localeCompare&#39;)
TypeError: Cannot read properties of undefined (reading 'localeCompare')
    at C:\code\zentala.eu\src\pages\resources\index.astro:13:30
    at Array.sort (<anonymous>)
    at C:\code\zentala.eu\src\pages\resources\index.astro:13:4
    at index (C:\code\zentala.eu\node_modules\astro\dist\runtime\server\astro-component.js:16:12)
    at callComponentAsTemplateResultOrResponse (file:///C:/code/zentala.eu/node_modules/astro/dist/runtime/server/render/astro/render.js:90:31)
    at renderToAsyncIterable (file:///C:/code/zentala.eu/node_modules/astro/dist/runtime/server/render/astro/render.js:132:32)
    at renderPage (file:///C:/code/zentala.eu/node_modules/astro/dist/runtime/server/render/page.js:31:30)
    at lastNext (file:///C:/code/zentala.eu/node_modules/astro/dist/core/render-context.js:133:31)
    at process.processTicksAndRejections (node:internal/process/task_queues:105:5)
    at async callMiddleware (file:///C:/code/zentala.eu/node_modules/astro/dist/core/middleware/callMiddleware.js:21:10) @ http://localhost:4322/@vite/client:1385
[ 1156861ms] [ERROR] [vite] Internal Server Error
Cannot read properties of undefined (reading &#39;localeCompare&#39;)
TypeError: Cannot read properties of undefined (reading 'localeCompare')
    at C:\code\zentala.eu\src\pages\resources\index.astro:13:30
    at Array.sort (<anonymous>)
    at C:\code\zentala.eu\src\pages\resources\index.astro:13:4
    at index (C:\code\zentala.eu\node_modules\astro\dist\runtime\server\astro-component.js:16:12)
    at callComponentAsTemplateResultOrResponse (file:///C:/code/zentala.eu/node_modules/astro/dist/runtime/server/render/astro/render.js:90:31)
    at renderToAsyncIterable (file:///C:/code/zentala.eu/node_modules/astro/dist/runtime/server/render/astro/render.js:132:32)
    at renderPage (file:///C:/code/zentala.eu/node_modules/astro/dist/runtime/server/render/page.js:31:30)
    at lastNext (file:///C:/code/zentala.eu/node_modules/astro/dist/core/render-context.js:133:31)
    at process.processTicksAndRejections (node:internal/process/task_queues:105:5)
    at async callMiddleware (file:///C:/code/zentala.eu/node_modules/astro/dist/core/middleware/callMiddleware.js:21:10) @ http://localhost:4322/@vite/client:1385
[ 1156873ms] [ERROR] Failed to load resource: the server responded with a status of 500 (Internal Server Error) @ http://localhost:4322/resources:0
[ 1156958ms] [ERROR] Failed to load resource: the server responded with a status of 500 (Internal Server Error) @ http://localhost:4322/resources:0
[ 1157068ms] [ERROR] Failed to load resource: the server responded with a status of 500 (Internal Server Error) @ http://localhost:4322/resources:0
[ 1157084ms] [ERROR] [vite] Internal Server Error
Cannot read properties of undefined (reading &#39;localeCompare&#39;)
TypeError: Cannot read properties of undefined (reading 'localeCompare')
    at C:\code\zentala.eu\src\pages\resources\index.astro:13:30
    at Array.sort (<anonymous>)
    at C:\code\zentala.eu\src\pages\resources\index.astro:13:4
    at index (C:\code\zentala.eu\node_modules\astro\dist\runtime\server\astro-component.js:16:12)
    at callComponentAsTemplateResultOrResponse (file:///C:/code/zentala.eu/node_modules/astro/dist/runtime/server/render/astro/render.js:90:31)
    at renderToAsyncIterable (file:///C:/code/zentala.eu/node_modules/astro/dist/runtime/server/render/astro/render.js:132:32)
    at renderPage (file:///C:/code/zentala.eu/node_modules/astro/dist/runtime/server/render/page.js:31:30)
    at lastNext (file:///C:/code/zentala.eu/node_modules/astro/dist/core/render-context.js:133:31)
    at process.processTicksAndRejections (node:internal/process/task_queues:105:5)
    at async callMiddleware (file:///C:/code/zentala.eu/node_modules/astro/dist/core/middleware/callMiddleware.js:21:10) @ http://localhost:4322/@vite/client:1385
[ 1157167ms] [ERROR] [vite] Internal Server Error
Cannot read properties of undefined (reading &#39;localeCompare&#39;)
TypeError: Cannot read properties of undefined (reading 'localeCompare')
    at C:\code\zentala.eu\src\pages\resources\index.astro:13:30
    at Array.sort (<anonymous>)
    at C:\code\zentala.eu\src\pages\resources\index.astro:13:4
    at index (C:\code\zentala.eu\node_modules\astro\dist\runtime\server\astro-component.js:16:12)
    at callComponentAsTemplateResultOrResponse (file:///C:/code/zentala.eu/node_modules/astro/dist/runtime/server/render/astro/render.js:90:31)
    at renderToAsyncIterable (file:///C:/code/zentala.eu/node_modules/astro/dist/runtime/server/render/astro/render.js:132:32)
    at renderPage (file:///C:/code/zentala.eu/node_modules/astro/dist/runtime/server/render/page.js:31:30)
    at lastNext (file:///C:/code/zentala.eu/node_modules/astro/dist/core/render-context.js:133:31)
    at process.processTicksAndRejections (node:internal/process/task_queues:105:5)
    at async callMiddleware (file:///C:/code/zentala.eu/node_modules/astro/dist/core/middleware/callMiddleware.js:21:10) @ http://localhost:4322/@vite/client:1385
[ 1157173ms] [ERROR] Failed to load resource: the server responded with a status of 500 (Internal Server Error) @ http://localhost:4322/resources:0
[ 1157278ms] [ERROR] [vite] Internal Server Error
Cannot read properties of undefined (reading &#39;localeCompare&#39;)
TypeError: Cannot read properties of undefined (reading 'localeCompare')
    at C:\code\zentala.eu\src\pages\resources\index.astro:13:30
    at Array.sort (<anonymous>)
    at C:\code\zentala.eu\src\pages\resources\index.astro:13:4
    at index (C:\code\zentala.eu\node_modules\astro\dist\runtime\server\astro-component.js:16:12)
    at callComponentAsTemplateResultOrResponse (file:///C:/code/zentala.eu/node_modules/astro/dist/runtime/server/render/astro/render.js:90:31)
    at renderToAsyncIterable (file:///C:/code/zentala.eu/node_modules/astro/dist/runtime/server/render/astro/render.js:132:32)
    at renderPage (file:///C:/code/zentala.eu/node_modules/astro/dist/runtime/server/render/page.js:31:30)
    at lastNext (file:///C:/code/zentala.eu/node_modules/astro/dist/core/render-context.js:133:31)
    at process.processTicksAndRejections (node:internal/process/task_queues:105:5)
    at async callMiddleware (file:///C:/code/zentala.eu/node_modules/astro/dist/core/middleware/callMiddleware.js:21:10) @ http://localhost:4322/@vite/client:1385
[ 1157288ms] [ERROR] Failed to load resource: the server responded with a status of 500 (Internal Server Error) @ http://localhost:4322/resources:0
[ 1157384ms] [ERROR] [vite] Internal Server Error
Cannot read properties of undefined (reading &#39;localeCompare&#39;)
TypeError: Cannot read properties of undefined (reading 'localeCompare')
    at C:\code\zentala.eu\src\pages\resources\index.astro:13:30
    at Array.sort (<anonymous>)
    at C:\code\zentala.eu\src\pages\resources\index.astro:13:4
    at index (C:\code\zentala.eu\node_modules\astro\dist\runtime\server\astro-component.js:16:12)
    at callComponentAsTemplateResultOrResponse (file:///C:/code/zentala.eu/node_modules/astro/dist/runtime/server/render/astro/render.js:90:31)
    at renderToAsyncIterable (file:///C:/code/zentala.eu/node_modules/astro/dist/runtime/server/render/astro/render.js:132:32)
    at renderPage (file:///C:/code/zentala.eu/node_modules/astro/dist/runtime/server/render/page.js:31:30)
    at lastNext (file:///C:/code/zentala.eu/node_modules/astro/dist/core/render-context.js:133:31)
    at process.processTicksAndRejections (node:internal/process/task_queues:105:5)
    at async callMiddleware (file:///C:/code/zentala.eu/node_modules/astro/dist/core/middleware/callMiddleware.js:21:10) @ http://localhost:4322/@vite/client:1385
[ 1157391ms] [ERROR] Failed to load resource: the server responded with a status of 500 (Internal Server Error) @ http://localhost:4322/resources:0
[ 1157492ms] [ERROR] [vite] Internal Server Error
Cannot read properties of undefined (reading &#39;localeCompare&#39;)
TypeError: Cannot read properties of undefined (reading 'localeCompare')
    at C:\code\zentala.eu\src\pages\resources\index.astro:13:30
    at Array.sort (<anonymous>)
    at C:\code\zentala.eu\src\pages\resources\index.astro:13:4
    at index (C:\code\zentala.eu\node_modules\astro\dist\runtime\server\astro-component.js:16:12)
    at callComponentAsTemplateResultOrResponse (file:///C:/code/zentala.eu/node_modules/astro/dist/runtime/server/render/astro/render.js:90:31)
    at renderToAsyncIterable (file:///C:/code/zentala.eu/node_modules/astro/dist/runtime/server/render/astro/render.js:132:32)
    at renderPage (file:///C:/code/zentala.eu/node_modules/astro/dist/runtime/server/render/page.js:31:30)
    at lastNext (file:///C:/code/zentala.eu/node_modules/astro/dist/core/render-context.js:133:31)
    at process.processTicksAndRejections (node:internal/process/task_queues:105:5)
    at async callMiddleware (file:///C:/code/zentala.eu/node_modules/astro/dist/core/middleware/callMiddleware.js:21:10) @ http://localhost:4322/@vite/client:1385
[ 1157499ms] [ERROR] Failed to load resource: the server responded with a status of 500 (Internal Server Error) @ http://localhost:4322/resources:0
[ 1157600ms] [ERROR] [vite] Internal Server Error
Cannot read properties of undefined (reading &#39;localeCompare&#39;)
TypeError: Cannot read properties of undefined (reading 'localeCompare')
    at C:\code\zentala.eu\src\pages\resources\index.astro:13:30
    at Array.sort (<anonymous>)
    at C:\code\zentala.eu\src\pages\resources\index.astro:13:4
    at index (C:\code\zentala.eu\node_modules\astro\dist\runtime\server\astro-component.js:16:12)
    at callComponentAsTemplateResultOrResponse (file:///C:/code/zentala.eu/node_modules/astro/dist/runtime/server/render/astro/render.js:90:31)
    at renderToAsyncIterable (file:///C:/code/zentala.eu/node_modules/astro/dist/runtime/server/render/astro/render.js:132:32)
    at renderPage (file:///C:/code/zentala.eu/node_modules/astro/dist/runtime/server/render/page.js:31:30)
    at lastNext (file:///C:/code/zentala.eu/node_modules/astro/dist/core/render-context.js:133:31)
    at process.processTicksAndRejections (node:internal/process/task_queues:105:5)
    at async callMiddleware (file:///C:/code/zentala.eu/node_modules/astro/dist/core/middleware/callMiddleware.js:21:10) @ http://localhost:4322/@vite/client:1385
[ 1157604ms] [ERROR] Failed to load resource: the server responded with a status of 500 (Internal Server Error) @ http://localhost:4322/resources:0
[ 1157708ms] [ERROR] [vite] Internal Server Error
Cannot read properties of undefined (reading &#39;localeCompare&#39;)
TypeError: Cannot read properties of undefined (reading 'localeCompare')
    at C:\code\zentala.eu\src\pages\resources\index.astro:13:30
    at Array.sort (<anonymous>)
    at C:\code\zentala.eu\src\pages\resources\index.astro:13:4
    at index (C:\code\zentala.eu\node_modules\astro\dist\runtime\server\astro-component.js:16:12)
    at callComponentAsTemplateResultOrResponse (file:///C:/code/zentala.eu/node_modules/astro/dist/runtime/server/render/astro/render.js:90:31)
    at renderToAsyncIterable (file:///C:/code/zentala.eu/node_modules/astro/dist/runtime/server/render/astro/render.js:132:32)
    at renderPage (file:///C:/code/zentala.eu/node_modules/astro/dist/runtime/server/render/page.js:31:30)
    at lastNext (file:///C:/code/zentala.eu/node_modules/astro/dist/core/render-context.js:133:31)
    at process.processTicksAndRejections (node:internal/process/task_queues:105:5)
    at async callMiddleware (file:///C:/code/zentala.eu/node_modules/astro/dist/core/middleware/callMiddleware.js:21:10) @ http://localhost:4322/@vite/client:1385
[ 1157715ms] [ERROR] Failed to load resource: the server responded with a status of 500 (Internal Server Error) @ http://localhost:4322/resources:0
[ 1157818ms] [ERROR] [vite] Internal Server Error
Cannot read properties of undefined (reading &#39;localeCompare&#39;)
TypeError: Cannot read properties of undefined (reading 'localeCompare')
    at C:\code\zentala.eu\src\pages\resources\index.astro:13:30
    at Array.sort (<anonymous>)
    at C:\code\zentala.eu\src\pages\resources\index.astro:13:4
    at index (C:\code\zentala.eu\node_modules\astro\dist\runtime\server\astro-component.js:16:12)
    at callComponentAsTemplateResultOrResponse (file:///C:/code/zentala.eu/node_modules/astro/dist/runtime/server/render/astro/render.js:90:31)
    at renderToAsyncIterable (file:///C:/code/zentala.eu/node_modules/astro/dist/runtime/server/render/astro/render.js:132:32)
    at renderPage (file:///C:/code/zentala.eu/node_modules/astro/dist/runtime/server/render/page.js:31:30)
    at lastNext (file:///C:/code/zentala.eu/node_modules/astro/dist/core/render-context.js:133:31)
    at process.processTicksAndRejections (node:internal/process/task_queues:105:5)
    at async callMiddleware (file:///C:/code/zentala.eu/node_modules/astro/dist/core/middleware/callMiddleware.js:21:10) @ http://localhost:4322/@vite/client:1385
[ 1157829ms] [ERROR] Failed to load resource: the server responded with a status of 500 (Internal Server Error) @ http://localhost:4322/resources:0
[ 1157924ms] [ERROR] [vite] Internal Server Error
Cannot read properties of undefined (reading &#39;localeCompare&#39;)
TypeError: Cannot read properties of undefined (reading 'localeCompare')
    at C:\code\zentala.eu\src\pages\resources\index.astro:13:30
    at Array.sort (<anonymous>)
    at C:\code\zentala.eu\src\pages\resources\index.astro:13:4
    at index (C:\code\zentala.eu\node_modules\astro\dist\runtime\server\astro-component.js:16:12)
    at callComponentAsTemplateResultOrResponse (file:///C:/code/zentala.eu/node_modules/astro/dist/runtime/server/render/astro/render.js:90:31)
    at renderToAsyncIterable (file:///C:/code/zentala.eu/node_modules/astro/dist/runtime/server/render/astro/render.js:132:32)
    at renderPage (file:///C:/code/zentala.eu/node_modules/astro/dist/runtime/server/render/page.js:31:30)
    at lastNext (file:///C:/code/zentala.eu/node_modules/astro/dist/core/render-context.js:133:31)
    at process.processTicksAndRejections (node:internal/process/task_queues:105:5)
    at async callMiddleware (file:///C:/code/zentala.eu/node_modules/astro/dist/core/middleware/callMiddleware.js:21:10) @ http://localhost:4322/@vite/client:1385
[ 1157932ms] [ERROR] Failed to load resource: the server responded with a status of 500 (Internal Server Error) @ http://localhost:4322/resources:0
[ 1158033ms] [ERROR] [vite] Internal Server Error
Cannot read properties of undefined (reading &#39;localeCompare&#39;)
TypeError: Cannot read properties of undefined (reading 'localeCompare')
    at C:\code\zentala.eu\src\pages\resources\index.astro:13:30
    at Array.sort (<anonymous>)
    at C:\code\zentala.eu\src\pages\resources\index.astro:13:4
    at index (C:\code\zentala.eu\node_modules\astro\dist\runtime\server\astro-component.js:16:12)
    at callComponentAsTemplateResultOrResponse (file:///C:/code/zentala.eu/node_modules/astro/dist/runtime/server/render/astro/render.js:90:31)
    at renderToAsyncIterable (file:///C:/code/zentala.eu/node_modules/astro/dist/runtime/server/render/astro/render.js:132:32)
    at renderPage (file:///C:/code/zentala.eu/node_modules/astro/dist/runtime/server/render/page.js:31:30)
    at lastNext (file:///C:/code/zentala.eu/node_modules/astro/dist/core/render-context.js:133:31)
    at process.processTicksAndRejections (node:internal/process/task_queues:105:5)
    at async callMiddleware (file:///C:/code/zentala.eu/node_modules/astro/dist/core/middleware/callMiddleware.js:21:10) @ http://localhost:4322/@vite/client:1385
[ 1158039ms] [ERROR] Failed to load resource: the server responded with a status of 500 (Internal Server Error) @ http://localhost:4322/resources:0
[ 1158141ms] [ERROR] [vite] Internal Server Error
Cannot read properties of undefined (reading &#39;localeCompare&#39;)
TypeError: Cannot read properties of undefined (reading 'localeCompare')
    at C:\code\zentala.eu\src\pages\resources\index.astro:13:30
    at Array.sort (<anonymous>)
    at C:\code\zentala.eu\src\pages\resources\index.astro:13:4
    at index (C:\code\zentala.eu\node_modules\astro\dist\runtime\server\astro-component.js:16:12)
    at callComponentAsTemplateResultOrResponse (file:///C:/code/zentala.eu/node_modules/astro/dist/runtime/server/render/astro/render.js:90:31)
    at renderToAsyncIterable (file:///C:/code/zentala.eu/node_modules/astro/dist/runtime/server/render/astro/render.js:132:32)
    at renderPage (file:///C:/code/zentala.eu/node_modules/astro/dist/runtime/server/render/page.js:31:30)
    at lastNext (file:///C:/code/zentala.eu/node_modules/astro/dist/core/render-context.js:133:31)
    at process.processTicksAndRejections (node:internal/process/task_queues:105:5)
    at async callMiddleware (file:///C:/code/zentala.eu/node_modules/astro/dist/core/middleware/callMiddleware.js:21:10) @ http://localhost:4322/@vite/client:1385
[ 1158150ms] [ERROR] Failed to load resource: the server responded with a status of 500 (Internal Server Error) @ http://localhost:4322/resources:0
[ 1158249ms] [ERROR] [vite] Internal Server Error
Cannot read properties of undefined (reading &#39;localeCompare&#39;)
TypeError: Cannot read properties of undefined (reading 'localeCompare')
    at C:\code\zentala.eu\src\pages\resources\index.astro:13:30
    at Array.sort (<anonymous>)
    at C:\code\zentala.eu\src\pages\resources\index.astro:13:4
    at index (C:\code\zentala.eu\node_modules\astro\dist\runtime\server\astro-component.js:16:12)
    at callComponentAsTemplateResultOrResponse (file:///C:/code/zentala.eu/node_modules/astro/dist/runtime/server/render/astro/render.js:90:31)
    at renderToAsyncIterable (file:///C:/code/zentala.eu/node_modules/astro/dist/runtime/server/render/astro/render.js:132:32)
    at renderPage (file:///C:/code/zentala.eu/node_modules/astro/dist/runtime/server/render/page.js:31:30)
    at lastNext (file:///C:/code/zentala.eu/node_modules/astro/dist/core/render-context.js:133:31)
    at process.processTicksAndRejections (node:internal/process/task_queues:105:5)
    at async callMiddleware (file:///C:/code/zentala.eu/node_modules/astro/dist/core/middleware/callMiddleware.js:21:10) @ http://localhost:4322/@vite/client:1385
[ 1158255ms] [ERROR] Failed to load resource: the server responded with a status of 500 (Internal Server Error) @ http://localhost:4322/resources:0
[ 1158355ms] [ERROR] [vite] Internal Server Error
Cannot read properties of undefined (reading &#39;localeCompare&#39;)
TypeError: Cannot read properties of undefined (reading 'localeCompare')
    at C:\code\zentala.eu\src\pages\resources\index.astro:13:30
    at Array.sort (<anonymous>)
    at C:\code\zentala.eu\src\pages\resources\index.astro:13:4
    at index (C:\code\zentala.eu\node_modules\astro\dist\runtime\server\astro-component.js:16:12)
    at callComponentAsTemplateResultOrResponse (file:///C:/code/zentala.eu/node_modules/astro/dist/runtime/server/render/astro/render.js:90:31)
    at renderToAsyncIterable (file:///C:/code/zentala.eu/node_modules/astro/dist/runtime/server/render/astro/render.js:132:32)
    at renderPage (file:///C:/code/zentala.eu/node_modules/astro/dist/runtime/server/render/page.js:31:30)
    at lastNext (file:///C:/code/zentala.eu/node_modules/astro/dist/core/render-context.js:133:31)
    at process.processTicksAndRejections (node:internal/process/task_queues:105:5)
    at async callMiddleware (file:///C:/code/zentala.eu/node_modules/astro/dist/core/middleware/callMiddleware.js:21:10) @ http://localhost:4322/@vite/client:1385
[ 1158363ms] [ERROR] Failed to load resource: the server responded with a status of 500 (Internal Server Error) @ http://localhost:4322/resources:0
[ 1158463ms] [ERROR] [vite] Internal Server Error
Cannot read properties of undefined (reading &#39;localeCompare&#39;)
TypeError: Cannot read properties of undefined (reading 'localeCompare')
    at C:\code\zentala.eu\src\pages\resources\index.astro:13:30
    at Array.sort (<anonymous>)
    at C:\code\zentala.eu\src\pages\resources\index.astro:13:4
    at index (C:\code\zentala.eu\node_modules\astro\dist\runtime\server\astro-component.js:16:12)
    at callComponentAsTemplateResultOrResponse (file:///C:/code/zentala.eu/node_modules/astro/dist/runtime/server/render/astro/render.js:90:31)
    at renderToAsyncIterable (file:///C:/code/zentala.eu/node_modules/astro/dist/runtime/server/render/astro/render.js:132:32)
    at renderPage (file:///C:/code/zentala.eu/node_modules/astro/dist/runtime/server/render/page.js:31:30)
    at lastNext (file:///C:/code/zentala.eu/node_modules/astro/dist/core/render-context.js:133:31)
    at process.processTicksAndRejections (node:internal/process/task_queues:105:5)
    at async callMiddleware (file:///C:/code/zentala.eu/node_modules/astro/dist/core/middleware/callMiddleware.js:21:10) @ http://localhost:4322/@vite/client:1385
[ 1158469ms] [ERROR] Failed to load resource: the server responded with a status of 500 (Internal Server Error) @ http://localhost:4322/resources:0
[ 1158570ms] [ERROR] [vite] Internal Server Error
Cannot read properties of undefined (reading &#39;localeCompare&#39;)
TypeError: Cannot read properties of undefined (reading 'localeCompare')
    at C:\code\zentala.eu\src\pages\resources\index.astro:13:30
    at Array.sort (<anonymous>)
    at C:\code\zentala.eu\src\pages\resources\index.astro:13:4
    at index (C:\code\zentala.eu\node_modules\astro\dist\runtime\server\astro-component.js:16:12)
    at callComponentAsTemplateResultOrResponse (file:///C:/code/zentala.eu/node_modules/astro/dist/runtime/server/render/astro/render.js:90:31)
    at renderToAsyncIterable (file:///C:/code/zentala.eu/node_modules/astro/dist/runtime/server/render/astro/render.js:132:32)
    at renderPage (file:///C:/code/zentala.eu/node_modules/astro/dist/runtime/server/render/page.js:31:30)
    at lastNext (file:///C:/code/zentala.eu/node_modules/astro/dist/core/render-context.js:133:31)
    at process.processTicksAndRejections (node:internal/process/task_queues:105:5)
    at async callMiddleware (file:///C:/code/zentala.eu/node_modules/astro/dist/core/middleware/callMiddleware.js:21:10) @ http://localhost:4322/@vite/client:1385
[ 1158577ms] [ERROR] Failed to load resource: the server responded with a status of 500 (Internal Server Error) @ http://localhost:4322/resources:0
[ 1158681ms] [ERROR] [vite] Internal Server Error
Cannot read properties of undefined (reading &#39;localeCompare&#39;)
TypeError: Cannot read properties of undefined (reading 'localeCompare')
    at C:\code\zentala.eu\src\pages\resources\index.astro:13:30
    at Array.sort (<anonymous>)
    at C:\code\zentala.eu\src\pages\resources\index.astro:13:4
    at index (C:\code\zentala.eu\node_modules\astro\dist\runtime\server\astro-component.js:16:12)
    at callComponentAsTemplateResultOrResponse (file:///C:/code/zentala.eu/node_modules/astro/dist/runtime/server/render/astro/render.js:90:31)
    at renderToAsyncIterable (file:///C:/code/zentala.eu/node_modules/astro/dist/runtime/server/render/astro/render.js:132:32)
    at renderPage (file:///C:/code/zentala.eu/node_modules/astro/dist/runtime/server/render/page.js:31:30)
    at lastNext (file:///C:/code/zentala.eu/node_modules/astro/dist/core/render-context.js:133:31)
    at process.processTicksAndRejections (node:internal/process/task_queues:105:5)
    at async callMiddleware (file:///C:/code/zentala.eu/node_modules/astro/dist/core/middleware/callMiddleware.js:21:10) @ http://localhost:4322/@vite/client:1385
[ 1158687ms] [ERROR] Failed to load resource: the server responded with a status of 500 (Internal Server Error) @ http://localhost:4322/resources:0
[ 1158788ms] [ERROR] [vite] Internal Server Error
Cannot read properties of undefined (reading &#39;localeCompare&#39;)
TypeError: Cannot read properties of undefined (reading 'localeCompare')
    at C:\code\zentala.eu\src\pages\resources\index.astro:13:30
    at Array.sort (<anonymous>)
    at C:\code\zentala.eu\src\pages\resources\index.astro:13:4
    at index (C:\code\zentala.eu\node_modules\astro\dist\runtime\server\astro-component.js:16:12)
    at callComponentAsTemplateResultOrResponse (file:///C:/code/zentala.eu/node_modules/astro/dist/runtime/server/render/astro/render.js:90:31)
    at renderToAsyncIterable (file:///C:/code/zentala.eu/node_modules/astro/dist/runtime/server/render/astro/render.js:132:32)
    at renderPage (file:///C:/code/zentala.eu/node_modules/astro/dist/runtime/server/render/page.js:31:30)
    at lastNext (file:///C:/code/zentala.eu/node_modules/astro/dist/core/render-context.js:133:31)
    at process.processTicksAndRejections (node:internal/process/task_queues:105:5)
    at async callMiddleware (file:///C:/code/zentala.eu/node_modules/astro/dist/core/middleware/callMiddleware.js:21:10) @ http://localhost:4322/@vite/client:1385
[ 1158795ms] [ERROR] Failed to load resource: the server responded with a status of 500 (Internal Server Error) @ http://localhost:4322/resources:0
[ 1158897ms] [ERROR] [vite] Internal Server Error
Cannot read properties of undefined (reading &#39;localeCompare&#39;)
TypeError: Cannot read properties of undefined (reading 'localeCompare')
    at C:\code\zentala.eu\src\pages\resources\index.astro:13:30
    at Array.sort (<anonymous>)
    at C:\code\zentala.eu\src\pages\resources\index.astro:13:4
    at index (C:\code\zentala.eu\node_modules\astro\dist\runtime\server\astro-component.js:16:12)
    at callComponentAsTemplateResultOrResponse (file:///C:/code/zentala.eu/node_modules/astro/dist/runtime/server/render/astro/render.js:90:31)
    at renderToAsyncIterable (file:///C:/code/zentala.eu/node_modules/astro/dist/runtime/server/render/astro/render.js:132:32)
    at renderPage (file:///C:/code/zentala.eu/node_modules/astro/dist/runtime/server/render/page.js:31:30)
    at lastNext (file:///C:/code/zentala.eu/node_modules/astro/dist/core/render-context.js:133:31)
    at process.processTicksAndRejections (node:internal/process/task_queues:105:5)
    at async callMiddleware (file:///C:/code/zentala.eu/node_modules/astro/dist/core/middleware/callMiddleware.js:21:10) @ http://localhost:4322/@vite/client:1385
[ 1158908ms] [ERROR] Failed to load resource: the server responded with a status of 500 (Internal Server Error) @ http://localhost:4322/resources:0
[ 1159005ms] [ERROR] [vite] Internal Server Error
Cannot read properties of undefined (reading &#39;localeCompare&#39;)
TypeError: Cannot read properties of undefined (reading 'localeCompare')
    at C:\code\zentala.eu\src\pages\resources\index.astro:13:30
    at Array.sort (<anonymous>)
    at C:\code\zentala.eu\src\pages\resources\index.astro:13:4
    at index (C:\code\zentala.eu\node_modules\astro\dist\runtime\server\astro-component.js:16:12)
    at callComponentAsTemplateResultOrResponse (file:///C:/code/zentala.eu/node_modules/astro/dist/runtime/server/render/astro/render.js:90:31)
    at renderToAsyncIterable (file:///C:/code/zentala.eu/node_modules/astro/dist/runtime/server/render/astro/render.js:132:32)
    at renderPage (file:///C:/code/zentala.eu/node_modules/astro/dist/runtime/server/render/page.js:31:30)
    at lastNext (file:///C:/code/zentala.eu/node_modules/astro/dist/core/render-context.js:133:31)
    at process.processTicksAndRejections (node:internal/process/task_queues:105:5)
    at async callMiddleware (file:///C:/code/zentala.eu/node_modules/astro/dist/core/middleware/callMiddleware.js:21:10) @ http://localhost:4322/@vite/client:1385
[ 1159010ms] [ERROR] Failed to load resource: the server responded with a status of 500 (Internal Server Error) @ http://localhost:4322/resources:0
[ 1159116ms] [ERROR] [vite] Internal Server Error
Cannot read properties of undefined (reading &#39;localeCompare&#39;)
TypeError: Cannot read properties of undefined (reading 'localeCompare')
    at C:\code\zentala.eu\src\pages\resources\index.astro:13:30
    at Array.sort (<anonymous>)
    at C:\code\zentala.eu\src\pages\resources\index.astro:13:4
    at index (C:\code\zentala.eu\node_modules\astro\dist\runtime\server\astro-component.js:16:12)
    at callComponentAsTemplateResultOrResponse (file:///C:/code/zentala.eu/node_modules/astro/dist/runtime/server/render/astro/render.js:90:31)
    at renderToAsyncIterable (file:///C:/code/zentala.eu/node_modules/astro/dist/runtime/server/render/astro/render.js:132:32)
    at renderPage (file:///C:/code/zentala.eu/node_modules/astro/dist/runtime/server/render/page.js:31:30)
    at lastNext (file:///C:/code/zentala.eu/node_modules/astro/dist/core/render-context.js:133:31)
    at process.processTicksAndRejections (node:internal/process/task_queues:105:5)
    at async callMiddleware (file:///C:/code/zentala.eu/node_modules/astro/dist/core/middleware/callMiddleware.js:21:10) @ http://localhost:4322/@vite/client:1385
[ 1159123ms] [ERROR] Failed to load resource: the server responded with a status of 500 (Internal Server Error) @ http://localhost:4322/resources:0
[ 1159221ms] [ERROR] [vite] Internal Server Error
Cannot read properties of undefined (reading &#39;localeCompare&#39;)
TypeError: Cannot read properties of undefined (reading 'localeCompare')
    at C:\code\zentala.eu\src\pages\resources\index.astro:13:30
    at Array.sort (<anonymous>)
    at C:\code\zentala.eu\src\pages\resources\index.astro:13:4
    at index (C:\code\zentala.eu\node_modules\astro\dist\runtime\server\astro-component.js:16:12)
    at callComponentAsTemplateResultOrResponse (file:///C:/code/zentala.eu/node_modules/astro/dist/runtime/server/render/astro/render.js:90:31)
    at renderToAsyncIterable (file:///C:/code/zentala.eu/node_modules/astro/dist/runtime/server/render/astro/render.js:132:32)
    at renderPage (file:///C:/code/zentala.eu/node_modules/astro/dist/runtime/server/render/page.js:31:30)
    at lastNext (file:///C:/code/zentala.eu/node_modules/astro/dist/core/render-context.js:133:31)
    at process.processTicksAndRejections (node:internal/process/task_queues:105:5)
    at async callMiddleware (file:///C:/code/zentala.eu/node_modules/astro/dist/core/middleware/callMiddleware.js:21:10) @ http://localhost:4322/@vite/client:1385
[ 1159230ms] [ERROR] Failed to load resource: the server responded with a status of 500 (Internal Server Error) @ http://localhost:4322/resources:0
[ 1159330ms] [ERROR] [vite] Internal Server Error
Cannot read properties of undefined (reading &#39;localeCompare&#39;)
TypeError: Cannot read properties of undefined (reading 'localeCompare')
    at C:\code\zentala.eu\src\pages\resources\index.astro:13:30
    at Array.sort (<anonymous>)
    at C:\code\zentala.eu\src\pages\resources\index.astro:13:4
    at index (C:\code\zentala.eu\node_modules\astro\dist\runtime\server\astro-component.js:16:12)
    at callComponentAsTemplateResultOrResponse (file:///C:/code/zentala.eu/node_modules/astro/dist/runtime/server/render/astro/render.js:90:31)
    at renderToAsyncIterable (file:///C:/code/zentala.eu/node_modules/astro/dist/runtime/server/render/astro/render.js:132:32)
    at renderPage (file:///C:/code/zentala.eu/node_modules/astro/dist/runtime/server/render/page.js:31:30)
    at lastNext (file:///C:/code/zentala.eu/node_modules/astro/dist/core/render-context.js:133:31)
    at process.processTicksAndRejections (node:internal/process/task_queues:105:5)
    at async callMiddleware (file:///C:/code/zentala.eu/node_modules/astro/dist/core/middleware/callMiddleware.js:21:10) @ http://localhost:4322/@vite/client:1385
[ 1159340ms] [ERROR] Failed to load resource: the server responded with a status of 500 (Internal Server Error) @ http://localhost:4322/resources:0
[ 1159439ms] [ERROR] [vite] Internal Server Error
Cannot read properties of undefined (reading &#39;localeCompare&#39;)
TypeError: Cannot read properties of undefined (reading 'localeCompare')
    at C:\code\zentala.eu\src\pages\resources\index.astro:13:30
    at Array.sort (<anonymous>)
    at C:\code\zentala.eu\src\pages\resources\index.astro:13:4
    at index (C:\code\zentala.eu\node_modules\astro\dist\runtime\server\astro-component.js:16:12)
    at callComponentAsTemplateResultOrResponse (file:///C:/code/zentala.eu/node_modules/astro/dist/runtime/server/render/astro/render.js:90:31)
    at renderToAsyncIterable (file:///C:/code/zentala.eu/node_modules/astro/dist/runtime/server/render/astro/render.js:132:32)
    at renderPage (file:///C:/code/zentala.eu/node_modules/astro/dist/runtime/server/render/page.js:31:30)
    at lastNext (file:///C:/code/zentala.eu/node_modules/astro/dist/core/render-context.js:133:31)
    at process.processTicksAndRejections (node:internal/process/task_queues:105:5)
    at async callMiddleware (file:///C:/code/zentala.eu/node_modules/astro/dist/core/middleware/callMiddleware.js:21:10) @ http://localhost:4322/@vite/client:1385
[ 1159449ms] [ERROR] Failed to load resource: the server responded with a status of 500 (Internal Server Error) @ http://localhost:4322/resources:0
[ 1159548ms] [ERROR] [vite] Internal Server Error
Cannot read properties of undefined (reading &#39;localeCompare&#39;)
TypeError: Cannot read properties of undefined (reading 'localeCompare')
    at C:\code\zentala.eu\src\pages\resources\index.astro:13:30
    at Array.sort (<anonymous>)
    at C:\code\zentala.eu\src\pages\resources\index.astro:13:4
    at index (C:\code\zentala.eu\node_modules\astro\dist\runtime\server\astro-component.js:16:12)
    at callComponentAsTemplateResultOrResponse (file:///C:/code/zentala.eu/node_modules/astro/dist/runtime/server/render/astro/render.js:90:31)
    at renderToAsyncIterable (file:///C:/code/zentala.eu/node_modules/astro/dist/runtime/server/render/astro/render.js:132:32)
    at renderPage (file:///C:/code/zentala.eu/node_modules/astro/dist/runtime/server/render/page.js:31:30)
    at lastNext (file:///C:/code/zentala.eu/node_modules/astro/dist/core/render-context.js:133:31)
    at process.processTicksAndRejections (node:internal/process/task_queues:105:5)
    at async callMiddleware (file:///C:/code/zentala.eu/node_modules/astro/dist/core/middleware/callMiddleware.js:21:10) @ http://localhost:4322/@vite/client:1385
[ 1159554ms] [ERROR] Failed to load resource: the server responded with a status of 500 (Internal Server Error) @ http://localhost:4322/resources:0
[ 1159656ms] [ERROR] [vite] Internal Server Error
Cannot read properties of undefined (reading &#39;localeCompare&#39;)
TypeError: Cannot read properties of undefined (reading 'localeCompare')
    at C:\code\zentala.eu\src\pages\resources\index.astro:13:30
    at Array.sort (<anonymous>)
    at C:\code\zentala.eu\src\pages\resources\index.astro:13:4
    at index (C:\code\zentala.eu\node_modules\astro\dist\runtime\server\astro-component.js:16:12)
    at callComponentAsTemplateResultOrResponse (file:///C:/code/zentala.eu/node_modules/astro/dist/runtime/server/render/astro/render.js:90:31)
    at renderToAsyncIterable (file:///C:/code/zentala.eu/node_modules/astro/dist/runtime/server/render/astro/render.js:132:32)
    at renderPage (file:///C:/code/zentala.eu/node_modules/astro/dist/runtime/server/render/page.js:31:30)
    at lastNext (file:///C:/code/zentala.eu/node_modules/astro/dist/core/render-context.js:133:31)
    at process.processTicksAndRejections (node:internal/process/task_queues:105:5)
    at async callMiddleware (file:///C:/code/zentala.eu/node_modules/astro/dist/core/middleware/callMiddleware.js:21:10) @ http://localhost:4322/@vite/client:1385
[ 1159666ms] [ERROR] Failed to load resource: the server responded with a status of 500 (Internal Server Error) @ http://localhost:4322/resources:0
[ 1159763ms] [ERROR] [vite] Internal Server Error
Cannot read properties of undefined (reading &#39;localeCompare&#39;)
TypeError: Cannot read properties of undefined (reading 'localeCompare')
    at C:\code\zentala.eu\src\pages\resources\index.astro:13:30
    at Array.sort (<anonymous>)
    at C:\code\zentala.eu\src\pages\resources\index.astro:13:4
    at index (C:\code\zentala.eu\node_modules\astro\dist\runtime\server\astro-component.js:16:12)
    at callComponentAsTemplateResultOrResponse (file:///C:/code/zentala.eu/node_modules/astro/dist/runtime/server/render/astro/render.js:90:31)
    at renderToAsyncIterable (file:///C:/code/zentala.eu/node_modules/astro/dist/runtime/server/render/astro/render.js:132:32)
    at renderPage (file:///C:/code/zentala.eu/node_modules/astro/dist/runtime/server/render/page.js:31:30)
    at lastNext (file:///C:/code/zentala.eu/node_modules/astro/dist/core/render-context.js:133:31)
    at process.processTicksAndRejections (node:internal/process/task_queues:105:5)
    at async callMiddleware (file:///C:/code/zentala.eu/node_modules/astro/dist/core/middleware/callMiddleware.js:21:10) @ http://localhost:4322/@vite/client:1385
[ 1159770ms] [ERROR] Failed to load resource: the server responded with a status of 500 (Internal Server Error) @ http://localhost:4322/resources:0
[ 1159872ms] [ERROR] [vite] Internal Server Error
Cannot read properties of undefined (reading &#39;localeCompare&#39;)
TypeError: Cannot read properties of undefined (reading 'localeCompare')
    at C:\code\zentala.eu\src\pages\resources\index.astro:13:30
    at Array.sort (<anonymous>)
    at C:\code\zentala.eu\src\pages\resources\index.astro:13:4
    at index (C:\code\zentala.eu\node_modules\astro\dist\runtime\server\astro-component.js:16:12)
    at callComponentAsTemplateResultOrResponse (file:///C:/code/zentala.eu/node_modules/astro/dist/runtime/server/render/astro/render.js:90:31)
    at renderToAsyncIterable (file:///C:/code/zentala.eu/node_modules/astro/dist/runtime/server/render/astro/render.js:132:32)
    at renderPage (file:///C:/code/zentala.eu/node_modules/astro/dist/runtime/server/render/page.js:31:30)
    at lastNext (file:///C:/code/zentala.eu/node_modules/astro/dist/core/render-context.js:133:31)
    at process.processTicksAndRejections (node:internal/process/task_queues:105:5)
    at async callMiddleware (file:///C:/code/zentala.eu/node_modules/astro/dist/core/middleware/callMiddleware.js:21:10) @ http://localhost:4322/@vite/client:1385
[ 1159884ms] [ERROR] Failed to load resource: the server responded with a status of 500 (Internal Server Error) @ http://localhost:4322/resources:0
[ 1159982ms] [ERROR] [vite] Internal Server Error
Cannot read properties of undefined (reading &#39;localeCompare&#39;)
TypeError: Cannot read properties of undefined (reading 'localeCompare')
    at C:\code\zentala.eu\src\pages\resources\index.astro:13:30
    at Array.sort (<anonymous>)
    at C:\code\zentala.eu\src\pages\resources\index.astro:13:4
    at index (C:\code\zentala.eu\node_modules\astro\dist\runtime\server\astro-component.js:16:12)
    at callComponentAsTemplateResultOrResponse (file:///C:/code/zentala.eu/node_modules/astro/dist/runtime/server/render/astro/render.js:90:31)
    at renderToAsyncIterable (file:///C:/code/zentala.eu/node_modules/astro/dist/runtime/server/render/astro/render.js:132:32)
    at renderPage (file:///C:/code/zentala.eu/node_modules/astro/dist/runtime/server/render/page.js:31:30)
    at lastNext (file:///C:/code/zentala.eu/node_modules/astro/dist/core/render-context.js:133:31)
    at process.processTicksAndRejections (node:internal/process/task_queues:105:5)
    at async callMiddleware (file:///C:/code/zentala.eu/node_modules/astro/dist/core/middleware/callMiddleware.js:21:10) @ http://localhost:4322/@vite/client:1385
[ 1159995ms] [ERROR] Failed to load resource: the server responded with a status of 500 (Internal Server Error) @ http://localhost:4322/resources:0
[ 1160088ms] [ERROR] [vite] Internal Server Error
Cannot read properties of undefined (reading &#39;localeCompare&#39;)
TypeError: Cannot read properties of undefined (reading 'localeCompare')
    at C:\code\zentala.eu\src\pages\resources\index.astro:13:30
    at Array.sort (<anonymous>)
    at C:\code\zentala.eu\src\pages\resources\index.astro:13:4
    at index (C:\code\zentala.eu\node_modules\astro\dist\runtime\server\astro-component.js:16:12)
    at callComponentAsTemplateResultOrResponse (file:///C:/code/zentala.eu/node_modules/astro/dist/runtime/server/render/astro/render.js:90:31)
    at renderToAsyncIterable (file:///C:/code/zentala.eu/node_modules/astro/dist/runtime/server/render/astro/render.js:132:32)
    at renderPage (file:///C:/code/zentala.eu/node_modules/astro/dist/runtime/server/render/page.js:31:30)
    at lastNext (file:///C:/code/zentala.eu/node_modules/astro/dist/core/render-context.js:133:31)
    at process.processTicksAndRejections (node:internal/process/task_queues:105:5)
    at async callMiddleware (file:///C:/code/zentala.eu/node_modules/astro/dist/core/middleware/callMiddleware.js:21:10) @ http://localhost:4322/@vite/client:1385
[ 1160096ms] [ERROR] Failed to load resource: the server responded with a status of 500 (Internal Server Error) @ http://localhost:4322/resources:0
[ 1160205ms] [ERROR] Failed to load resource: the server responded with a status of 500 (Internal Server Error) @ http://localhost:4322/resources:0
[ 1160304ms] [ERROR] [vite] Internal Server Error
Cannot read properties of undefined (reading &#39;localeCompare&#39;)
TypeError: Cannot read properties of undefined (reading 'localeCompare')
    at C:\code\zentala.eu\src\pages\resources\index.astro:13:30
    at Array.sort (<anonymous>)
    at C:\code\zentala.eu\src\pages\resources\index.astro:13:4
    at index (C:\code\zentala.eu\node_modules\astro\dist\runtime\server\astro-component.js:16:12)
    at callComponentAsTemplateResultOrResponse (file:///C:/code/zentala.eu/node_modules/astro/dist/runtime/server/render/astro/render.js:90:31)
    at renderToAsyncIterable (file:///C:/code/zentala.eu/node_modules/astro/dist/runtime/server/render/astro/render.js:132:32)
    at renderPage (file:///C:/code/zentala.eu/node_modules/astro/dist/runtime/server/render/page.js:31:30)
    at lastNext (file:///C:/code/zentala.eu/node_modules/astro/dist/core/render-context.js:133:31)
    at process.processTicksAndRejections (node:internal/process/task_queues:105:5)
    at async callMiddleware (file:///C:/code/zentala.eu/node_modules/astro/dist/core/middleware/callMiddleware.js:21:10) @ http://localhost:4322/@vite/client:1385
[ 1160311ms] [ERROR] Failed to load resource: the server responded with a status of 500 (Internal Server Error) @ http://localhost:4322/resources:0
[ 1160409ms] [ERROR] [vite] Internal Server Error
Cannot read properties of undefined (reading &#39;localeCompare&#39;)
TypeError: Cannot read properties of undefined (reading 'localeCompare')
    at C:\code\zentala.eu\src\pages\resources\index.astro:13:30
    at Array.sort (<anonymous>)
    at C:\code\zentala.eu\src\pages\resources\index.astro:13:4
    at index (C:\code\zentala.eu\node_modules\astro\dist\runtime\server\astro-component.js:16:12)
    at callComponentAsTemplateResultOrResponse (file:///C:/code/zentala.eu/node_modules/astro/dist/runtime/server/render/astro/render.js:90:31)
    at renderToAsyncIterable (file:///C:/code/zentala.eu/node_modules/astro/dist/runtime/server/render/astro/render.js:132:32)
    at renderPage (file:///C:/code/zentala.eu/node_modules/astro/dist/runtime/server/render/page.js:31:30)
    at lastNext (file:///C:/code/zentala.eu/node_modules/astro/dist/core/render-context.js:133:31)
    at process.processTicksAndRejections (node:internal/process/task_queues:105:5)
    at async callMiddleware (file:///C:/code/zentala.eu/node_modules/astro/dist/core/middleware/callMiddleware.js:21:10) @ http://localhost:4322/@vite/client:1385
[ 1160418ms] [ERROR] Failed to load resource: the server responded with a status of 500 (Internal Server Error) @ http://localhost:4322/resources:0
[ 1160511ms] [ERROR] [vite] Internal Server Error
Cannot read properties of undefined (reading &#39;localeCompare&#39;)
TypeError: Cannot read properties of undefined (reading 'localeCompare')
    at C:\code\zentala.eu\src\pages\resources\index.astro:13:30
    at Array.sort (<anonymous>)
    at C:\code\zentala.eu\src\pages\resources\index.astro:13:4
    at index (C:\code\zentala.eu\node_modules\astro\dist\runtime\server\astro-component.js:16:12)
    at callComponentAsTemplateResultOrResponse (file:///C:/code/zentala.eu/node_modules/astro/dist/runtime/server/render/astro/render.js:90:31)
    at renderToAsyncIterable (file:///C:/code/zentala.eu/node_modules/astro/dist/runtime/server/render/astro/render.js:132:32)
    at renderPage (file:///C:/code/zentala.eu/node_modules/astro/dist/runtime/server/render/page.js:31:30)
    at lastNext (file:///C:/code/zentala.eu/node_modules/astro/dist/core/render-context.js:133:31)
    at process.processTicksAndRejections (node:internal/process/task_queues:105:5)
    at async callMiddleware (file:///C:/code/zentala.eu/node_modules/astro/dist/core/middleware/callMiddleware.js:21:10) @ http://localhost:4322/@vite/client:1385
[ 1160522ms] [ERROR] Failed to load resource: the server responded with a status of 500 (Internal Server Error) @ http://localhost:4322/resources:0
[ 1160626ms] [ERROR] [vite] Internal Server Error
Cannot read properties of undefined (reading &#39;localeCompare&#39;)
TypeError: Cannot read properties of undefined (reading 'localeCompare')
    at C:\code\zentala.eu\src\pages\resources\index.astro:13:30
    at Array.sort (<anonymous>)
    at C:\code\zentala.eu\src\pages\resources\index.astro:13:4
    at index (C:\code\zentala.eu\node_modules\astro\dist\runtime\server\astro-component.js:16:12)
    at callComponentAsTemplateResultOrResponse (file:///C:/code/zentala.eu/node_modules/astro/dist/runtime/server/render/astro/render.js:90:31)
    at renderToAsyncIterable (file:///C:/code/zentala.eu/node_modules/astro/dist/runtime/server/render/astro/render.js:132:32)
    at renderPage (file:///C:/code/zentala.eu/node_modules/astro/dist/runtime/server/render/page.js:31:30)
    at lastNext (file:///C:/code/zentala.eu/node_modules/astro/dist/core/render-context.js:133:31)
    at process.processTicksAndRejections (node:internal/process/task_queues:105:5)
    at async callMiddleware (file:///C:/code/zentala.eu/node_modules/astro/dist/core/middleware/callMiddleware.js:21:10) @ http://localhost:4322/@vite/client:1385
[ 1160633ms] [ERROR] Failed to load resource: the server responded with a status of 500 (Internal Server Error) @ http://localhost:4322/resources:0
[ 1160736ms] [ERROR] [vite] Internal Server Error
Cannot read properties of undefined (reading &#39;localeCompare&#39;)
TypeError: Cannot read properties of undefined (reading 'localeCompare')
    at C:\code\zentala.eu\src\pages\resources\index.astro:13:30
    at Array.sort (<anonymous>)
    at C:\code\zentala.eu\src\pages\resources\index.astro:13:4
    at index (C:\code\zentala.eu\node_modules\astro\dist\runtime\server\astro-component.js:16:12)
    at callComponentAsTemplateResultOrResponse (file:///C:/code/zentala.eu/node_modules/astro/dist/runtime/server/render/astro/render.js:90:31)
    at renderToAsyncIterable (file:///C:/code/zentala.eu/node_modules/astro/dist/runtime/server/render/astro/render.js:132:32)
    at renderPage (file:///C:/code/zentala.eu/node_modules/astro/dist/runtime/server/render/page.js:31:30)
    at lastNext (file:///C:/code/zentala.eu/node_modules/astro/dist/core/render-context.js:133:31)
    at process.processTicksAndRejections (node:internal/process/task_queues:105:5)
    at async callMiddleware (file:///C:/code/zentala.eu/node_modules/astro/dist/core/middleware/callMiddleware.js:21:10) @ http://localhost:4322/@vite/client:1385
[ 1160743ms] [ERROR] Failed to load resource: the server responded with a status of 500 (Internal Server Error) @ http://localhost:4322/resources:0
[ 1160842ms] [ERROR] [vite] Internal Server Error
Cannot read properties of undefined (reading &#39;localeCompare&#39;)
TypeError: Cannot read properties of undefined (reading 'localeCompare')
    at C:\code\zentala.eu\src\pages\resources\index.astro:13:30
    at Array.sort (<anonymous>)
    at C:\code\zentala.eu\src\pages\resources\index.astro:13:4
    at index (C:\code\zentala.eu\node_modules\astro\dist\runtime\server\astro-component.js:16:12)
    at callComponentAsTemplateResultOrResponse (file:///C:/code/zentala.eu/node_modules/astro/dist/runtime/server/render/astro/render.js:90:31)
    at renderToAsyncIterable (file:///C:/code/zentala.eu/node_modules/astro/dist/runtime/server/render/astro/render.js:132:32)
    at renderPage (file:///C:/code/zentala.eu/node_modules/astro/dist/runtime/server/render/page.js:31:30)
    at lastNext (file:///C:/code/zentala.eu/node_modules/astro/dist/core/render-context.js:133:31)
    at process.processTicksAndRejections (node:internal/process/task_queues:105:5)
    at async callMiddleware (file:///C:/code/zentala.eu/node_modules/astro/dist/core/middleware/callMiddleware.js:21:10) @ http://localhost:4322/@vite/client:1385
[ 1160849ms] [ERROR] Failed to load resource: the server responded with a status of 500 (Internal Server Error) @ http://localhost:4322/resources:0
[ 1160949ms] [ERROR] [vite] Internal Server Error
Cannot read properties of undefined (reading &#39;localeCompare&#39;)
TypeError: Cannot read properties of undefined (reading 'localeCompare')
    at C:\code\zentala.eu\src\pages\resources\index.astro:13:30
    at Array.sort (<anonymous>)
    at C:\code\zentala.eu\src\pages\resources\index.astro:13:4
    at index (C:\code\zentala.eu\node_modules\astro\dist\runtime\server\astro-component.js:16:12)
    at callComponentAsTemplateResultOrResponse (file:///C:/code/zentala.eu/node_modules/astro/dist/runtime/server/render/astro/render.js:90:31)
    at renderToAsyncIterable (file:///C:/code/zentala.eu/node_modules/astro/dist/runtime/server/render/astro/render.js:132:32)
    at renderPage (file:///C:/code/zentala.eu/node_modules/astro/dist/runtime/server/render/page.js:31:30)
    at lastNext (file:///C:/code/zentala.eu/node_modules/astro/dist/core/render-context.js:133:31)
    at process.processTicksAndRejections (node:internal/process/task_queues:105:5)
    at async callMiddleware (file:///C:/code/zentala.eu/node_modules/astro/dist/core/middleware/callMiddleware.js:21:10) @ http://localhost:4322/@vite/client:1385
[ 1160961ms] [ERROR] Failed to load resource: the server responded with a status of 500 (Internal Server Error) @ http://localhost:4322/resources:0
[ 1161055ms] [ERROR] [vite] Internal Server Error
Cannot read properties of undefined (reading &#39;localeCompare&#39;)
TypeError: Cannot read properties of undefined (reading 'localeCompare')
    at C:\code\zentala.eu\src\pages\resources\index.astro:13:30
    at Array.sort (<anonymous>)
    at C:\code\zentala.eu\src\pages\resources\index.astro:13:4
    at index (C:\code\zentala.eu\node_modules\astro\dist\runtime\server\astro-component.js:16:12)
    at callComponentAsTemplateResultOrResponse (file:///C:/code/zentala.eu/node_modules/astro/dist/runtime/server/render/astro/render.js:90:31)
    at renderToAsyncIterable (file:///C:/code/zentala.eu/node_modules/astro/dist/runtime/server/render/astro/render.js:132:32)
    at renderPage (file:///C:/code/zentala.eu/node_modules/astro/dist/runtime/server/render/page.js:31:30)
    at lastNext (file:///C:/code/zentala.eu/node_modules/astro/dist/core/render-context.js:133:31)
    at process.processTicksAndRejections (node:internal/process/task_queues:105:5)
    at async callMiddleware (file:///C:/code/zentala.eu/node_modules/astro/dist/core/middleware/callMiddleware.js:21:10) @ http://localhost:4322/@vite/client:1385
[ 1161062ms] [ERROR] Failed to load resource: the server responded with a status of 500 (Internal Server Error) @ http://localhost:4322/resources:0
[ 1161164ms] [ERROR] [vite] Internal Server Error
Cannot read properties of undefined (reading &#39;localeCompare&#39;)
TypeError: Cannot read properties of undefined (reading 'localeCompare')
    at C:\code\zentala.eu\src\pages\resources\index.astro:13:30
    at Array.sort (<anonymous>)
    at C:\code\zentala.eu\src\pages\resources\index.astro:13:4
    at index (C:\code\zentala.eu\node_modules\astro\dist\runtime\server\astro-component.js:16:12)
    at callComponentAsTemplateResultOrResponse (file:///C:/code/zentala.eu/node_modules/astro/dist/runtime/server/render/astro/render.js:90:31)
    at renderToAsyncIterable (file:///C:/code/zentala.eu/node_modules/astro/dist/runtime/server/render/astro/render.js:132:32)
    at renderPage (file:///C:/code/zentala.eu/node_modules/astro/dist/runtime/server/render/page.js:31:30)
    at lastNext (file:///C:/code/zentala.eu/node_modules/astro/dist/core/render-context.js:133:31)
    at process.processTicksAndRejections (node:internal/process/task_queues:105:5)
    at async callMiddleware (file:///C:/code/zentala.eu/node_modules/astro/dist/core/middleware/callMiddleware.js:21:10) @ http://localhost:4322/@vite/client:1385
[ 1161171ms] [ERROR] Failed to load resource: the server responded with a status of 500 (Internal Server Error) @ http://localhost:4322/resources:0
[ 1161270ms] [ERROR] [vite] Internal Server Error
Cannot read properties of undefined (reading &#39;localeCompare&#39;)
TypeError: Cannot read properties of undefined (reading 'localeCompare')
    at C:\code\zentala.eu\src\pages\resources\index.astro:13:30
    at Array.sort (<anonymous>)
    at C:\code\zentala.eu\src\pages\resources\index.astro:13:4
    at index (C:\code\zentala.eu\node_modules\astro\dist\runtime\server\astro-component.js:16:12)
    at callComponentAsTemplateResultOrResponse (file:///C:/code/zentala.eu/node_modules/astro/dist/runtime/server/render/astro/render.js:90:31)
    at renderToAsyncIterable (file:///C:/code/zentala.eu/node_modules/astro/dist/runtime/server/render/astro/render.js:132:32)
    at renderPage (file:///C:/code/zentala.eu/node_modules/astro/dist/runtime/server/render/page.js:31:30)
    at lastNext (file:///C:/code/zentala.eu/node_modules/astro/dist/core/render-context.js:133:31)
    at process.processTicksAndRejections (node:internal/process/task_queues:105:5)
    at async callMiddleware (file:///C:/code/zentala.eu/node_modules/astro/dist/core/middleware/callMiddleware.js:21:10) @ http://localhost:4322/@vite/client:1385
[ 1161277ms] [ERROR] Failed to load resource: the server responded with a status of 500 (Internal Server Error) @ http://localhost:4322/resources:0
[ 1161378ms] [ERROR] [vite] Internal Server Error
Cannot read properties of undefined (reading &#39;localeCompare&#39;)
TypeError: Cannot read properties of undefined (reading 'localeCompare')
    at C:\code\zentala.eu\src\pages\resources\index.astro:13:30
    at Array.sort (<anonymous>)
    at C:\code\zentala.eu\src\pages\resources\index.astro:13:4
    at index (C:\code\zentala.eu\node_modules\astro\dist\runtime\server\astro-component.js:16:12)
    at callComponentAsTemplateResultOrResponse (file:///C:/code/zentala.eu/node_modules/astro/dist/runtime/server/render/astro/render.js:90:31)
    at renderToAsyncIterable (file:///C:/code/zentala.eu/node_modules/astro/dist/runtime/server/render/astro/render.js:132:32)
    at renderPage (file:///C:/code/zentala.eu/node_modules/astro/dist/runtime/server/render/page.js:31:30)
    at lastNext (file:///C:/code/zentala.eu/node_modules/astro/dist/core/render-context.js:133:31)
    at process.processTicksAndRejections (node:internal/process/task_queues:105:5)
    at async callMiddleware (file:///C:/code/zentala.eu/node_modules/astro/dist/core/middleware/callMiddleware.js:21:10) @ http://localhost:4322/@vite/client:1385
[ 1161384ms] [ERROR] Failed to load resource: the server responded with a status of 500 (Internal Server Error) @ http://localhost:4322/resources:0
[ 1161486ms] [ERROR] [vite] Internal Server Error
Cannot read properties of undefined (reading &#39;localeCompare&#39;)
TypeError: Cannot read properties of undefined (reading 'localeCompare')
    at C:\code\zentala.eu\src\pages\resources\index.astro:13:30
    at Array.sort (<anonymous>)
    at C:\code\zentala.eu\src\pages\resources\index.astro:13:4
    at index (C:\code\zentala.eu\node_modules\astro\dist\runtime\server\astro-component.js:16:12)
    at callComponentAsTemplateResultOrResponse (file:///C:/code/zentala.eu/node_modules/astro/dist/runtime/server/render/astro/render.js:90:31)
    at renderToAsyncIterable (file:///C:/code/zentala.eu/node_modules/astro/dist/runtime/server/render/astro/render.js:132:32)
    at renderPage (file:///C:/code/zentala.eu/node_modules/astro/dist/runtime/server/render/page.js:31:30)
    at lastNext (file:///C:/code/zentala.eu/node_modules/astro/dist/core/render-context.js:133:31)
    at process.processTicksAndRejections (node:internal/process/task_queues:105:5)
    at async callMiddleware (file:///C:/code/zentala.eu/node_modules/astro/dist/core/middleware/callMiddleware.js:21:10) @ http://localhost:4322/@vite/client:1385
[ 1161492ms] [ERROR] Failed to load resource: the server responded with a status of 500 (Internal Server Error) @ http://localhost:4322/resources:0
[ 1161595ms] [ERROR] [vite] Internal Server Error
Cannot read properties of undefined (reading &#39;localeCompare&#39;)
TypeError: Cannot read properties of undefined (reading 'localeCompare')
    at C:\code\zentala.eu\src\pages\resources\index.astro:13:30
    at Array.sort (<anonymous>)
    at C:\code\zentala.eu\src\pages\resources\index.astro:13:4
    at index (C:\code\zentala.eu\node_modules\astro\dist\runtime\server\astro-component.js:16:12)
    at callComponentAsTemplateResultOrResponse (file:///C:/code/zentala.eu/node_modules/astro/dist/runtime/server/render/astro/render.js:90:31)
    at renderToAsyncIterable (file:///C:/code/zentala.eu/node_modules/astro/dist/runtime/server/render/astro/render.js:132:32)
    at renderPage (file:///C:/code/zentala.eu/node_modules/astro/dist/runtime/server/render/page.js:31:30)
    at lastNext (file:///C:/code/zentala.eu/node_modules/astro/dist/core/render-context.js:133:31)
    at process.processTicksAndRejections (node:internal/process/task_queues:105:5)
    at async callMiddleware (file:///C:/code/zentala.eu/node_modules/astro/dist/core/middleware/callMiddleware.js:21:10) @ http://localhost:4322/@vite/client:1385
[ 1161602ms] [ERROR] Failed to load resource: the server responded with a status of 500 (Internal Server Error) @ http://localhost:4322/resources:0
[ 1161702ms] [ERROR] [vite] Internal Server Error
Cannot read properties of undefined (reading &#39;localeCompare&#39;)
TypeError: Cannot read properties of undefined (reading 'localeCompare')
    at C:\code\zentala.eu\src\pages\resources\index.astro:13:30
    at Array.sort (<anonymous>)
    at C:\code\zentala.eu\src\pages\resources\index.astro:13:4
    at index (C:\code\zentala.eu\node_modules\astro\dist\runtime\server\astro-component.js:16:12)
    at callComponentAsTemplateResultOrResponse (file:///C:/code/zentala.eu/node_modules/astro/dist/runtime/server/render/astro/render.js:90:31)
    at renderToAsyncIterable (file:///C:/code/zentala.eu/node_modules/astro/dist/runtime/server/render/astro/render.js:132:32)
    at renderPage (file:///C:/code/zentala.eu/node_modules/astro/dist/runtime/server/render/page.js:31:30)
    at lastNext (file:///C:/code/zentala.eu/node_modules/astro/dist/core/render-context.js:133:31)
    at process.processTicksAndRejections (node:internal/process/task_queues:105:5)
    at async callMiddleware (file:///C:/code/zentala.eu/node_modules/astro/dist/core/middleware/callMiddleware.js:21:10) @ http://localhost:4322/@vite/client:1385
[ 1161709ms] [ERROR] Failed to load resource: the server responded with a status of 500 (Internal Server Error) @ http://localhost:4322/resources:0
[ 1161804ms] [ERROR] Failed to load resource: the server responded with a status of 500 (Internal Server Error) @ http://localhost:4322/resources:0
[ 1161823ms] [ERROR] [vite] Internal Server Error
Cannot read properties of undefined (reading &#39;localeCompare&#39;)
TypeError: Cannot read properties of undefined (reading 'localeCompare')
    at C:\code\zentala.eu\src\pages\resources\index.astro:13:30
    at Array.sort (<anonymous>)
    at C:\code\zentala.eu\src\pages\resources\index.astro:13:4
    at index (C:\code\zentala.eu\node_modules\astro\dist\runtime\server\astro-component.js:16:12)
    at callComponentAsTemplateResultOrResponse (file:///C:/code/zentala.eu/node_modules/astro/dist/runtime/server/render/astro/render.js:90:31)
    at renderToAsyncIterable (file:///C:/code/zentala.eu/node_modules/astro/dist/runtime/server/render/astro/render.js:132:32)
    at renderPage (file:///C:/code/zentala.eu/node_modules/astro/dist/runtime/server/render/page.js:31:30)
    at lastNext (file:///C:/code/zentala.eu/node_modules/astro/dist/core/render-context.js:133:31)
    at process.processTicksAndRejections (node:internal/process/task_queues:105:5)
    at async callMiddleware (file:///C:/code/zentala.eu/node_modules/astro/dist/core/middleware/callMiddleware.js:21:10) @ http://localhost:4322/@vite/client:1385
[ 1161916ms] [ERROR] [vite] Internal Server Error
Cannot read properties of undefined (reading &#39;localeCompare&#39;)
TypeError: Cannot read properties of undefined (reading 'localeCompare')
    at C:\code\zentala.eu\src\pages\resources\index.astro:13:30
    at Array.sort (<anonymous>)
    at C:\code\zentala.eu\src\pages\resources\index.astro:13:4
    at index (C:\code\zentala.eu\node_modules\astro\dist\runtime\server\astro-component.js:16:12)
    at callComponentAsTemplateResultOrResponse (file:///C:/code/zentala.eu/node_modules/astro/dist/runtime/server/render/astro/render.js:90:31)
    at renderToAsyncIterable (file:///C:/code/zentala.eu/node_modules/astro/dist/runtime/server/render/astro/render.js:132:32)
    at renderPage (file:///C:/code/zentala.eu/node_modules/astro/dist/runtime/server/render/page.js:31:30)
    at lastNext (file:///C:/code/zentala.eu/node_modules/astro/dist/core/render-context.js:133:31)
    at process.processTicksAndRejections (node:internal/process/task_queues:105:5)
    at async callMiddleware (file:///C:/code/zentala.eu/node_modules/astro/dist/core/middleware/callMiddleware.js:21:10) @ http://localhost:4322/@vite/client:1385
[ 1161923ms] [ERROR] Failed to load resource: the server responded with a status of 500 (Internal Server Error) @ http://localhost:4322/resources:0
[ 1162009ms] [ERROR] [vite] Internal Server Error
Cannot read properties of undefined (reading &#39;localeCompare&#39;)
TypeError: Cannot read properties of undefined (reading 'localeCompare')
    at C:\code\zentala.eu\src\pages\resources\index.astro:13:30
    at Array.sort (<anonymous>)
    at C:\code\zentala.eu\src\pages\resources\index.astro:13:4
    at index (C:\code\zentala.eu\node_modules\astro\dist\runtime\server\astro-component.js:16:12)
    at callComponentAsTemplateResultOrResponse (file:///C:/code/zentala.eu/node_modules/astro/dist/runtime/server/render/astro/render.js:90:31)
    at renderToAsyncIterable (file:///C:/code/zentala.eu/node_modules/astro/dist/runtime/server/render/astro/render.js:132:32)
    at renderPage (file:///C:/code/zentala.eu/node_modules/astro/dist/runtime/server/render/page.js:31:30)
    at lastNext (file:///C:/code/zentala.eu/node_modules/astro/dist/core/render-context.js:133:31)
    at process.processTicksAndRejections (node:internal/process/task_queues:105:5)
    at async callMiddleware (file:///C:/code/zentala.eu/node_modules/astro/dist/core/middleware/callMiddleware.js:21:10) @ http://localhost:4322/@vite/client:1385
[ 1162020ms] [ERROR] Failed to load resource: the server responded with a status of 500 (Internal Server Error) @ http://localhost:4322/resources:0
[ 1162132ms] [ERROR] [vite] Internal Server Error
Cannot read properties of undefined (reading &#39;localeCompare&#39;)
TypeError: Cannot read properties of undefined (reading 'localeCompare')
    at C:\code\zentala.eu\src\pages\resources\index.astro:13:30
    at Array.sort (<anonymous>)
    at C:\code\zentala.eu\src\pages\resources\index.astro:13:4
    at index (C:\code\zentala.eu\node_modules\astro\dist\runtime\server\astro-component.js:16:12)
    at callComponentAsTemplateResultOrResponse (file:///C:/code/zentala.eu/node_modules/astro/dist/runtime/server/render/astro/render.js:90:31)
    at renderToAsyncIterable (file:///C:/code/zentala.eu/node_modules/astro/dist/runtime/server/render/astro/render.js:132:32)
    at renderPage (file:///C:/code/zentala.eu/node_modules/astro/dist/runtime/server/render/page.js:31:30)
    at lastNext (file:///C:/code/zentala.eu/node_modules/astro/dist/core/render-context.js:133:31)
    at process.processTicksAndRejections (node:internal/process/task_queues:105:5)
    at async callMiddleware (file:///C:/code/zentala.eu/node_modules/astro/dist/core/middleware/callMiddleware.js:21:10) @ http://localhost:4322/@vite/client:1385
[ 1162139ms] [ERROR] Failed to load resource: the server responded with a status of 500 (Internal Server Error) @ http://localhost:4322/resources:0
[ 1162230ms] [ERROR] [vite] Internal Server Error
Cannot read properties of undefined (reading &#39;localeCompare&#39;)
TypeError: Cannot read properties of undefined (reading 'localeCompare')
    at C:\code\zentala.eu\src\pages\resources\index.astro:13:30
    at Array.sort (<anonymous>)
    at C:\code\zentala.eu\src\pages\resources\index.astro:13:4
    at index (C:\code\zentala.eu\node_modules\astro\dist\runtime\server\astro-component.js:16:12)
    at callComponentAsTemplateResultOrResponse (file:///C:/code/zentala.eu/node_modules/astro/dist/runtime/server/render/astro/render.js:90:31)
    at renderToAsyncIterable (file:///C:/code/zentala.eu/node_modules/astro/dist/runtime/server/render/astro/render.js:132:32)
    at renderPage (file:///C:/code/zentala.eu/node_modules/astro/dist/runtime/server/render/page.js:31:30)
    at lastNext (file:///C:/code/zentala.eu/node_modules/astro/dist/core/render-context.js:133:31)
    at process.processTicksAndRejections (node:internal/process/task_queues:105:5)
    at async callMiddleware (file:///C:/code/zentala.eu/node_modules/astro/dist/core/middleware/callMiddleware.js:21:10) @ http://localhost:4322/@vite/client:1385
[ 1162249ms] [ERROR] Failed to load resource: the server responded with a status of 500 (Internal Server Error) @ http://localhost:4322/resources:0
[ 1162347ms] [ERROR] [vite] Internal Server Error
Cannot read properties of undefined (reading &#39;localeCompare&#39;)
TypeError: Cannot read properties of undefined (reading 'localeCompare')
    at C:\code\zentala.eu\src\pages\resources\index.astro:13:30
    at Array.sort (<anonymous>)
    at C:\code\zentala.eu\src\pages\resources\index.astro:13:4
    at index (C:\code\zentala.eu\node_modules\astro\dist\runtime\server\astro-component.js:16:12)
    at callComponentAsTemplateResultOrResponse (file:///C:/code/zentala.eu/node_modules/astro/dist/runtime/server/render/astro/render.js:90:31)
    at renderToAsyncIterable (file:///C:/code/zentala.eu/node_modules/astro/dist/runtime/server/render/astro/render.js:132:32)
    at renderPage (file:///C:/code/zentala.eu/node_modules/astro/dist/runtime/server/render/page.js:31:30)
    at lastNext (file:///C:/code/zentala.eu/node_modules/astro/dist/core/render-context.js:133:31)
    at process.processTicksAndRejections (node:internal/process/task_queues:105:5)
    at async callMiddleware (file:///C:/code/zentala.eu/node_modules/astro/dist/core/middleware/callMiddleware.js:21:10) @ http://localhost:4322/@vite/client:1385
[ 1162354ms] [ERROR] Failed to load resource: the server responded with a status of 500 (Internal Server Error) @ http://localhost:4322/resources:0
[ 1162456ms] [ERROR] [vite] Internal Server Error
Cannot read properties of undefined (reading &#39;localeCompare&#39;)
TypeError: Cannot read properties of undefined (reading 'localeCompare')
    at C:\code\zentala.eu\src\pages\resources\index.astro:13:30
    at Array.sort (<anonymous>)
    at C:\code\zentala.eu\src\pages\resources\index.astro:13:4
    at index (C:\code\zentala.eu\node_modules\astro\dist\runtime\server\astro-component.js:16:12)
    at callComponentAsTemplateResultOrResponse (file:///C:/code/zentala.eu/node_modules/astro/dist/runtime/server/render/astro/render.js:90:31)
    at renderToAsyncIterable (file:///C:/code/zentala.eu/node_modules/astro/dist/runtime/server/render/astro/render.js:132:32)
    at renderPage (file:///C:/code/zentala.eu/node_modules/astro/dist/runtime/server/render/page.js:31:30)
    at lastNext (file:///C:/code/zentala.eu/node_modules/astro/dist/core/render-context.js:133:31)
    at process.processTicksAndRejections (node:internal/process/task_queues:105:5)
    at async callMiddleware (file:///C:/code/zentala.eu/node_modules/astro/dist/core/middleware/callMiddleware.js:21:10) @ http://localhost:4322/@vite/client:1385
[ 1162463ms] [ERROR] Failed to load resource: the server responded with a status of 500 (Internal Server Error) @ http://localhost:4322/resources:0
[ 1162565ms] [ERROR] [vite] Internal Server Error
Cannot read properties of undefined (reading &#39;localeCompare&#39;)
TypeError: Cannot read properties of undefined (reading 'localeCompare')
    at C:\code\zentala.eu\src\pages\resources\index.astro:13:30
    at Array.sort (<anonymous>)
    at C:\code\zentala.eu\src\pages\resources\index.astro:13:4
    at index (C:\code\zentala.eu\node_modules\astro\dist\runtime\server\astro-component.js:16:12)
    at callComponentAsTemplateResultOrResponse (file:///C:/code/zentala.eu/node_modules/astro/dist/runtime/server/render/astro/render.js:90:31)
    at renderToAsyncIterable (file:///C:/code/zentala.eu/node_modules/astro/dist/runtime/server/render/astro/render.js:132:32)
    at renderPage (file:///C:/code/zentala.eu/node_modules/astro/dist/runtime/server/render/page.js:31:30)
    at lastNext (file:///C:/code/zentala.eu/node_modules/astro/dist/core/render-context.js:133:31)
    at process.processTicksAndRejections (node:internal/process/task_queues:105:5)
    at async callMiddleware (file:///C:/code/zentala.eu/node_modules/astro/dist/core/middleware/callMiddleware.js:21:10) @ http://localhost:4322/@vite/client:1385
[ 1162572ms] [ERROR] Failed to load resource: the server responded with a status of 500 (Internal Server Error) @ http://localhost:4322/resources:0
[ 1162672ms] [ERROR] [vite] Internal Server Error
Cannot read properties of undefined (reading &#39;localeCompare&#39;)
TypeError: Cannot read properties of undefined (reading 'localeCompare')
    at C:\code\zentala.eu\src\pages\resources\index.astro:13:30
    at Array.sort (<anonymous>)
    at C:\code\zentala.eu\src\pages\resources\index.astro:13:4
    at index (C:\code\zentala.eu\node_modules\astro\dist\runtime\server\astro-component.js:16:12)
    at callComponentAsTemplateResultOrResponse (file:///C:/code/zentala.eu/node_modules/astro/dist/runtime/server/render/astro/render.js:90:31)
    at renderToAsyncIterable (file:///C:/code/zentala.eu/node_modules/astro/dist/runtime/server/render/astro/render.js:132:32)
    at renderPage (file:///C:/code/zentala.eu/node_modules/astro/dist/runtime/server/render/page.js:31:30)
    at lastNext (file:///C:/code/zentala.eu/node_modules/astro/dist/core/render-context.js:133:31)
    at process.processTicksAndRejections (node:internal/process/task_queues:105:5)
    at async callMiddleware (file:///C:/code/zentala.eu/node_modules/astro/dist/core/middleware/callMiddleware.js:21:10) @ http://localhost:4322/@vite/client:1385
[ 1162678ms] [ERROR] Failed to load resource: the server responded with a status of 500 (Internal Server Error) @ http://localhost:4322/resources:0
[ 1162782ms] [ERROR] [vite] Internal Server Error
Cannot read properties of undefined (reading &#39;localeCompare&#39;)
TypeError: Cannot read properties of undefined (reading 'localeCompare')
    at C:\code\zentala.eu\src\pages\resources\index.astro:13:30
    at Array.sort (<anonymous>)
    at C:\code\zentala.eu\src\pages\resources\index.astro:13:4
    at index (C:\code\zentala.eu\node_modules\astro\dist\runtime\server\astro-component.js:16:12)
    at callComponentAsTemplateResultOrResponse (file:///C:/code/zentala.eu/node_modules/astro/dist/runtime/server/render/astro/render.js:90:31)
    at renderToAsyncIterable (file:///C:/code/zentala.eu/node_modules/astro/dist/runtime/server/render/astro/render.js:132:32)
    at renderPage (file:///C:/code/zentala.eu/node_modules/astro/dist/runtime/server/render/page.js:31:30)
    at lastNext (file:///C:/code/zentala.eu/node_modules/astro/dist/core/render-context.js:133:31)
    at process.processTicksAndRejections (node:internal/process/task_queues:105:5)
    at async callMiddleware (file:///C:/code/zentala.eu/node_modules/astro/dist/core/middleware/callMiddleware.js:21:10) @ http://localhost:4322/@vite/client:1385
[ 1162789ms] [ERROR] Failed to load resource: the server responded with a status of 500 (Internal Server Error) @ http://localhost:4322/resources:0
[ 1162891ms] [ERROR] [vite] Internal Server Error
Cannot read properties of undefined (reading &#39;localeCompare&#39;)
TypeError: Cannot read properties of undefined (reading 'localeCompare')
    at C:\code\zentala.eu\src\pages\resources\index.astro:13:30
    at Array.sort (<anonymous>)
    at C:\code\zentala.eu\src\pages\resources\index.astro:13:4
    at index (C:\code\zentala.eu\node_modules\astro\dist\runtime\server\astro-component.js:16:12)
    at callComponentAsTemplateResultOrResponse (file:///C:/code/zentala.eu/node_modules/astro/dist/runtime/server/render/astro/render.js:90:31)
    at renderToAsyncIterable (file:///C:/code/zentala.eu/node_modules/astro/dist/runtime/server/render/astro/render.js:132:32)
    at renderPage (file:///C:/code/zentala.eu/node_modules/astro/dist/runtime/server/render/page.js:31:30)
    at lastNext (file:///C:/code/zentala.eu/node_modules/astro/dist/core/render-context.js:133:31)
    at process.processTicksAndRejections (node:internal/process/task_queues:105:5)
    at async callMiddleware (file:///C:/code/zentala.eu/node_modules/astro/dist/core/middleware/callMiddleware.js:21:10) @ http://localhost:4322/@vite/client:1385
[ 1162900ms] [ERROR] Failed to load resource: the server responded with a status of 500 (Internal Server Error) @ http://localhost:4322/resources:0
[ 1163005ms] [ERROR] [vite] Internal Server Error
Cannot read properties of undefined (reading &#39;localeCompare&#39;)
TypeError: Cannot read properties of undefined (reading 'localeCompare')
    at C:\code\zentala.eu\src\pages\resources\index.astro:13:30
    at Array.sort (<anonymous>)
    at C:\code\zentala.eu\src\pages\resources\index.astro:13:4
    at index (C:\code\zentala.eu\node_modules\astro\dist\runtime\server\astro-component.js:16:12)
    at callComponentAsTemplateResultOrResponse (file:///C:/code/zentala.eu/node_modules/astro/dist/runtime/server/render/astro/render.js:90:31)
    at renderToAsyncIterable (file:///C:/code/zentala.eu/node_modules/astro/dist/runtime/server/render/astro/render.js:132:32)
    at renderPage (file:///C:/code/zentala.eu/node_modules/astro/dist/runtime/server/render/page.js:31:30)
    at lastNext (file:///C:/code/zentala.eu/node_modules/astro/dist/core/render-context.js:133:31)
    at process.processTicksAndRejections (node:internal/process/task_queues:105:5)
    at async callMiddleware (file:///C:/code/zentala.eu/node_modules/astro/dist/core/middleware/callMiddleware.js:21:10) @ http://localhost:4322/@vite/client:1385
[ 1163011ms] [ERROR] Failed to load resource: the server responded with a status of 500 (Internal Server Error) @ http://localhost:4322/resources:0
[ 1163101ms] [ERROR] [vite] Internal Server Error
Cannot read properties of undefined (reading &#39;localeCompare&#39;)
TypeError: Cannot read properties of undefined (reading 'localeCompare')
    at C:\code\zentala.eu\src\pages\resources\index.astro:13:30
    at Array.sort (<anonymous>)
    at C:\code\zentala.eu\src\pages\resources\index.astro:13:4
    at index (C:\code\zentala.eu\node_modules\astro\dist\runtime\server\astro-component.js:16:12)
    at callComponentAsTemplateResultOrResponse (file:///C:/code/zentala.eu/node_modules/astro/dist/runtime/server/render/astro/render.js:90:31)
    at renderToAsyncIterable (file:///C:/code/zentala.eu/node_modules/astro/dist/runtime/server/render/astro/render.js:132:32)
    at renderPage (file:///C:/code/zentala.eu/node_modules/astro/dist/runtime/server/render/page.js:31:30)
    at lastNext (file:///C:/code/zentala.eu/node_modules/astro/dist/core/render-context.js:133:31)
    at process.processTicksAndRejections (node:internal/process/task_queues:105:5)
    at async callMiddleware (file:///C:/code/zentala.eu/node_modules/astro/dist/core/middleware/callMiddleware.js:21:10) @ http://localhost:4322/@vite/client:1385
[ 1163112ms] [ERROR] Failed to load resource: the server responded with a status of 500 (Internal Server Error) @ http://localhost:4322/resources:0
[ 1163217ms] [ERROR] [vite] Internal Server Error
Cannot read properties of undefined (reading &#39;localeCompare&#39;)
TypeError: Cannot read properties of undefined (reading 'localeCompare')
    at C:\code\zentala.eu\src\pages\resources\index.astro:13:30
    at Array.sort (<anonymous>)
    at C:\code\zentala.eu\src\pages\resources\index.astro:13:4
    at index (C:\code\zentala.eu\node_modules\astro\dist\runtime\server\astro-component.js:16:12)
    at callComponentAsTemplateResultOrResponse (file:///C:/code/zentala.eu/node_modules/astro/dist/runtime/server/render/astro/render.js:90:31)
    at renderToAsyncIterable (file:///C:/code/zentala.eu/node_modules/astro/dist/runtime/server/render/astro/render.js:132:32)
    at renderPage (file:///C:/code/zentala.eu/node_modules/astro/dist/runtime/server/render/page.js:31:30)
    at lastNext (file:///C:/code/zentala.eu/node_modules/astro/dist/core/render-context.js:133:31)
    at process.processTicksAndRejections (node:internal/process/task_queues:105:5)
    at async callMiddleware (file:///C:/code/zentala.eu/node_modules/astro/dist/core/middleware/callMiddleware.js:21:10) @ http://localhost:4322/@vite/client:1385
[ 1163225ms] [ERROR] Failed to load resource: the server responded with a status of 500 (Internal Server Error) @ http://localhost:4322/resources:0
[ 1163323ms] [ERROR] [vite] Internal Server Error
Cannot read properties of undefined (reading &#39;localeCompare&#39;)
TypeError: Cannot read properties of undefined (reading 'localeCompare')
    at C:\code\zentala.eu\src\pages\resources\index.astro:13:30
    at Array.sort (<anonymous>)
    at C:\code\zentala.eu\src\pages\resources\index.astro:13:4
    at index (C:\code\zentala.eu\node_modules\astro\dist\runtime\server\astro-component.js:16:12)
    at callComponentAsTemplateResultOrResponse (file:///C:/code/zentala.eu/node_modules/astro/dist/runtime/server/render/astro/render.js:90:31)
    at renderToAsyncIterable (file:///C:/code/zentala.eu/node_modules/astro/dist/runtime/server/render/astro/render.js:132:32)
    at renderPage (file:///C:/code/zentala.eu/node_modules/astro/dist/runtime/server/render/page.js:31:30)
    at lastNext (file:///C:/code/zentala.eu/node_modules/astro/dist/core/render-context.js:133:31)
    at process.processTicksAndRejections (node:internal/process/task_queues:105:5)
    at async callMiddleware (file:///C:/code/zentala.eu/node_modules/astro/dist/core/middleware/callMiddleware.js:21:10) @ http://localhost:4322/@vite/client:1385
[ 1163330ms] [ERROR] Failed to load resource: the server responded with a status of 500 (Internal Server Error) @ http://localhost:4322/resources:0
[ 1163431ms] [ERROR] [vite] Internal Server Error
Cannot read properties of undefined (reading &#39;localeCompare&#39;)
TypeError: Cannot read properties of undefined (reading 'localeCompare')
    at C:\code\zentala.eu\src\pages\resources\index.astro:13:30
    at Array.sort (<anonymous>)
    at C:\code\zentala.eu\src\pages\resources\index.astro:13:4
    at index (C:\code\zentala.eu\node_modules\astro\dist\runtime\server\astro-component.js:16:12)
    at callComponentAsTemplateResultOrResponse (file:///C:/code/zentala.eu/node_modules/astro/dist/runtime/server/render/astro/render.js:90:31)
    at renderToAsyncIterable (file:///C:/code/zentala.eu/node_modules/astro/dist/runtime/server/render/astro/render.js:132:32)
    at renderPage (file:///C:/code/zentala.eu/node_modules/astro/dist/runtime/server/render/page.js:31:30)
    at lastNext (file:///C:/code/zentala.eu/node_modules/astro/dist/core/render-context.js:133:31)
    at process.processTicksAndRejections (node:internal/process/task_queues:105:5)
    at async callMiddleware (file:///C:/code/zentala.eu/node_modules/astro/dist/core/middleware/callMiddleware.js:21:10) @ http://localhost:4322/@vite/client:1385
[ 1163438ms] [ERROR] Failed to load resource: the server responded with a status of 500 (Internal Server Error) @ http://localhost:4322/resources:0
[ 1163539ms] [ERROR] [vite] Internal Server Error
Cannot read properties of undefined (reading &#39;localeCompare&#39;)
TypeError: Cannot read properties of undefined (reading 'localeCompare')
    at C:\code\zentala.eu\src\pages\resources\index.astro:13:30
    at Array.sort (<anonymous>)
    at C:\code\zentala.eu\src\pages\resources\index.astro:13:4
    at index (C:\code\zentala.eu\node_modules\astro\dist\runtime\server\astro-component.js:16:12)
    at callComponentAsTemplateResultOrResponse (file:///C:/code/zentala.eu/node_modules/astro/dist/runtime/server/render/astro/render.js:90:31)
    at renderToAsyncIterable (file:///C:/code/zentala.eu/node_modules/astro/dist/runtime/server/render/astro/render.js:132:32)
    at renderPage (file:///C:/code/zentala.eu/node_modules/astro/dist/runtime/server/render/page.js:31:30)
    at lastNext (file:///C:/code/zentala.eu/node_modules/astro/dist/core/render-context.js:133:31)
    at process.processTicksAndRejections (node:internal/process/task_queues:105:5)
    at async callMiddleware (file:///C:/code/zentala.eu/node_modules/astro/dist/core/middleware/callMiddleware.js:21:10) @ http://localhost:4322/@vite/client:1385
[ 1163545ms] [ERROR] Failed to load resource: the server responded with a status of 500 (Internal Server Error) @ http://localhost:4322/resources:0
[ 1163646ms] [ERROR] [vite] Internal Server Error
Cannot read properties of undefined (reading &#39;localeCompare&#39;)
TypeError: Cannot read properties of undefined (reading 'localeCompare')
    at C:\code\zentala.eu\src\pages\resources\index.astro:13:30
    at Array.sort (<anonymous>)
    at C:\code\zentala.eu\src\pages\resources\index.astro:13:4
    at index (C:\code\zentala.eu\node_modules\astro\dist\runtime\server\astro-component.js:16:12)
    at callComponentAsTemplateResultOrResponse (file:///C:/code/zentala.eu/node_modules/astro/dist/runtime/server/render/astro/render.js:90:31)
    at renderToAsyncIterable (file:///C:/code/zentala.eu/node_modules/astro/dist/runtime/server/render/astro/render.js:132:32)
    at renderPage (file:///C:/code/zentala.eu/node_modules/astro/dist/runtime/server/render/page.js:31:30)
    at lastNext (file:///C:/code/zentala.eu/node_modules/astro/dist/core/render-context.js:133:31)
    at process.processTicksAndRejections (node:internal/process/task_queues:105:5)
    at async callMiddleware (file:///C:/code/zentala.eu/node_modules/astro/dist/core/middleware/callMiddleware.js:21:10) @ http://localhost:4322/@vite/client:1385
[ 1163655ms] [ERROR] Failed to load resource: the server responded with a status of 500 (Internal Server Error) @ http://localhost:4322/resources:0
[ 1163754ms] [ERROR] [vite] Internal Server Error
Cannot read properties of undefined (reading &#39;localeCompare&#39;)
TypeError: Cannot read properties of undefined (reading 'localeCompare')
    at C:\code\zentala.eu\src\pages\resources\index.astro:13:30
    at Array.sort (<anonymous>)
    at C:\code\zentala.eu\src\pages\resources\index.astro:13:4
    at index (C:\code\zentala.eu\node_modules\astro\dist\runtime\server\astro-component.js:16:12)
    at callComponentAsTemplateResultOrResponse (file:///C:/code/zentala.eu/node_modules/astro/dist/runtime/server/render/astro/render.js:90:31)
    at renderToAsyncIterable (file:///C:/code/zentala.eu/node_modules/astro/dist/runtime/server/render/astro/render.js:132:32)
    at renderPage (file:///C:/code/zentala.eu/node_modules/astro/dist/runtime/server/render/page.js:31:30)
    at lastNext (file:///C:/code/zentala.eu/node_modules/astro/dist/core/render-context.js:133:31)
    at process.processTicksAndRejections (node:internal/process/task_queues:105:5)
    at async callMiddleware (file:///C:/code/zentala.eu/node_modules/astro/dist/core/middleware/callMiddleware.js:21:10) @ http://localhost:4322/@vite/client:1385
[ 1163761ms] [ERROR] Failed to load resource: the server responded with a status of 500 (Internal Server Error) @ http://localhost:4322/resources:0
[ 1163863ms] [ERROR] [vite] Internal Server Error
Cannot read properties of undefined (reading &#39;localeCompare&#39;)
TypeError: Cannot read properties of undefined (reading 'localeCompare')
    at C:\code\zentala.eu\src\pages\resources\index.astro:13:30
    at Array.sort (<anonymous>)
    at C:\code\zentala.eu\src\pages\resources\index.astro:13:4
    at index (C:\code\zentala.eu\node_modules\astro\dist\runtime\server\astro-component.js:16:12)
    at callComponentAsTemplateResultOrResponse (file:///C:/code/zentala.eu/node_modules/astro/dist/runtime/server/render/astro/render.js:90:31)
    at renderToAsyncIterable (file:///C:/code/zentala.eu/node_modules/astro/dist/runtime/server/render/astro/render.js:132:32)
    at renderPage (file:///C:/code/zentala.eu/node_modules/astro/dist/runtime/server/render/page.js:31:30)
    at lastNext (file:///C:/code/zentala.eu/node_modules/astro/dist/core/render-context.js:133:31)
    at process.processTicksAndRejections (node:internal/process/task_queues:105:5)
    at async callMiddleware (file:///C:/code/zentala.eu/node_modules/astro/dist/core/middleware/callMiddleware.js:21:10) @ http://localhost:4322/@vite/client:1385
[ 1163872ms] [ERROR] Failed to load resource: the server responded with a status of 500 (Internal Server Error) @ http://localhost:4322/resources:0
[ 1163971ms] [ERROR] [vite] Internal Server Error
Cannot read properties of undefined (reading &#39;localeCompare&#39;)
TypeError: Cannot read properties of undefined (reading 'localeCompare')
    at C:\code\zentala.eu\src\pages\resources\index.astro:13:30
    at Array.sort (<anonymous>)
    at C:\code\zentala.eu\src\pages\resources\index.astro:13:4
    at index (C:\code\zentala.eu\node_modules\astro\dist\runtime\server\astro-component.js:16:12)
    at callComponentAsTemplateResultOrResponse (file:///C:/code/zentala.eu/node_modules/astro/dist/runtime/server/render/astro/render.js:90:31)
    at renderToAsyncIterable (file:///C:/code/zentala.eu/node_modules/astro/dist/runtime/server/render/astro/render.js:132:32)
    at renderPage (file:///C:/code/zentala.eu/node_modules/astro/dist/runtime/server/render/page.js:31:30)
    at lastNext (file:///C:/code/zentala.eu/node_modules/astro/dist/core/render-context.js:133:31)
    at process.processTicksAndRejections (node:internal/process/task_queues:105:5)
    at async callMiddleware (file:///C:/code/zentala.eu/node_modules/astro/dist/core/middleware/callMiddleware.js:21:10) @ http://localhost:4322/@vite/client:1385
[ 1163980ms] [ERROR] Failed to load resource: the server responded with a status of 500 (Internal Server Error) @ http://localhost:4322/resources:0
[ 1164078ms] [ERROR] [vite] Internal Server Error
Cannot read properties of undefined (reading &#39;localeCompare&#39;)
TypeError: Cannot read properties of undefined (reading 'localeCompare')
    at C:\code\zentala.eu\src\pages\resources\index.astro:13:30
    at Array.sort (<anonymous>)
    at C:\code\zentala.eu\src\pages\resources\index.astro:13:4
    at index (C:\code\zentala.eu\node_modules\astro\dist\runtime\server\astro-component.js:16:12)
    at callComponentAsTemplateResultOrResponse (file:///C:/code/zentala.eu/node_modules/astro/dist/runtime/server/render/astro/render.js:90:31)
    at renderToAsyncIterable (file:///C:/code/zentala.eu/node_modules/astro/dist/runtime/server/render/astro/render.js:132:32)
    at renderPage (file:///C:/code/zentala.eu/node_modules/astro/dist/runtime/server/render/page.js:31:30)
    at lastNext (file:///C:/code/zentala.eu/node_modules/astro/dist/core/render-context.js:133:31)
    at process.processTicksAndRejections (node:internal/process/task_queues:105:5)
    at async callMiddleware (file:///C:/code/zentala.eu/node_modules/astro/dist/core/middleware/callMiddleware.js:21:10) @ http://localhost:4322/@vite/client:1385
[ 1164084ms] [ERROR] Failed to load resource: the server responded with a status of 500 (Internal Server Error) @ http://localhost:4322/resources:0
[ 1164187ms] [ERROR] [vite] Internal Server Error
Cannot read properties of undefined (reading &#39;localeCompare&#39;)
TypeError: Cannot read properties of undefined (reading 'localeCompare')
    at C:\code\zentala.eu\src\pages\resources\index.astro:13:30
    at Array.sort (<anonymous>)
    at C:\code\zentala.eu\src\pages\resources\index.astro:13:4
    at index (C:\code\zentala.eu\node_modules\astro\dist\runtime\server\astro-component.js:16:12)
    at callComponentAsTemplateResultOrResponse (file:///C:/code/zentala.eu/node_modules/astro/dist/runtime/server/render/astro/render.js:90:31)
    at renderToAsyncIterable (file:///C:/code/zentala.eu/node_modules/astro/dist/runtime/server/render/astro/render.js:132:32)
    at renderPage (file:///C:/code/zentala.eu/node_modules/astro/dist/runtime/server/render/page.js:31:30)
    at lastNext (file:///C:/code/zentala.eu/node_modules/astro/dist/core/render-context.js:133:31)
    at process.processTicksAndRejections (node:internal/process/task_queues:105:5)
    at async callMiddleware (file:///C:/code/zentala.eu/node_modules/astro/dist/core/middleware/callMiddleware.js:21:10) @ http://localhost:4322/@vite/client:1385
[ 1164195ms] [ERROR] Failed to load resource: the server responded with a status of 500 (Internal Server Error) @ http://localhost:4322/resources:0
[ 1164295ms] [ERROR] [vite] Internal Server Error
Cannot read properties of undefined (reading &#39;localeCompare&#39;)
TypeError: Cannot read properties of undefined (reading 'localeCompare')
    at C:\code\zentala.eu\src\pages\resources\index.astro:13:30
    at Array.sort (<anonymous>)
    at C:\code\zentala.eu\src\pages\resources\index.astro:13:4
    at index (C:\code\zentala.eu\node_modules\astro\dist\runtime\server\astro-component.js:16:12)
    at callComponentAsTemplateResultOrResponse (file:///C:/code/zentala.eu/node_modules/astro/dist/runtime/server/render/astro/render.js:90:31)
    at renderToAsyncIterable (file:///C:/code/zentala.eu/node_modules/astro/dist/runtime/server/render/astro/render.js:132:32)
    at renderPage (file:///C:/code/zentala.eu/node_modules/astro/dist/runtime/server/render/page.js:31:30)
    at lastNext (file:///C:/code/zentala.eu/node_modules/astro/dist/core/render-context.js:133:31)
    at process.processTicksAndRejections (node:internal/process/task_queues:105:5)
    at async callMiddleware (file:///C:/code/zentala.eu/node_modules/astro/dist/core/middleware/callMiddleware.js:21:10) @ http://localhost:4322/@vite/client:1385
[ 1164302ms] [ERROR] Failed to load resource: the server responded with a status of 500 (Internal Server Error) @ http://localhost:4322/resources:0
[ 1164404ms] [ERROR] [vite] Internal Server Error
Cannot read properties of undefined (reading &#39;localeCompare&#39;)
TypeError: Cannot read properties of undefined (reading 'localeCompare')
    at C:\code\zentala.eu\src\pages\resources\index.astro:13:30
    at Array.sort (<anonymous>)
    at C:\code\zentala.eu\src\pages\resources\index.astro:13:4
    at index (C:\code\zentala.eu\node_modules\astro\dist\runtime\server\astro-component.js:16:12)
    at callComponentAsTemplateResultOrResponse (file:///C:/code/zentala.eu/node_modules/astro/dist/runtime/server/render/astro/render.js:90:31)
    at renderToAsyncIterable (file:///C:/code/zentala.eu/node_modules/astro/dist/runtime/server/render/astro/render.js:132:32)
    at renderPage (file:///C:/code/zentala.eu/node_modules/astro/dist/runtime/server/render/page.js:31:30)
    at lastNext (file:///C:/code/zentala.eu/node_modules/astro/dist/core/render-context.js:133:31)
    at process.processTicksAndRejections (node:internal/process/task_queues:105:5)
    at async callMiddleware (file:///C:/code/zentala.eu/node_modules/astro/dist/core/middleware/callMiddleware.js:21:10) @ http://localhost:4322/@vite/client:1385
[ 1164417ms] [ERROR] Failed to load resource: the server responded with a status of 500 (Internal Server Error) @ http://localhost:4322/resources:0
[ 1164511ms] [ERROR] [vite] Internal Server Error
Cannot read properties of undefined (reading &#39;localeCompare&#39;)
TypeError: Cannot read properties of undefined (reading 'localeCompare')
    at C:\code\zentala.eu\src\pages\resources\index.astro:13:30
    at Array.sort (<anonymous>)
    at C:\code\zentala.eu\src\pages\resources\index.astro:13:4
    at index (C:\code\zentala.eu\node_modules\astro\dist\runtime\server\astro-component.js:16:12)
    at callComponentAsTemplateResultOrResponse (file:///C:/code/zentala.eu/node_modules/astro/dist/runtime/server/render/astro/render.js:90:31)
    at renderToAsyncIterable (file:///C:/code/zentala.eu/node_modules/astro/dist/runtime/server/render/astro/render.js:132:32)
    at renderPage (file:///C:/code/zentala.eu/node_modules/astro/dist/runtime/server/render/page.js:31:30)
    at lastNext (file:///C:/code/zentala.eu/node_modules/astro/dist/core/render-context.js:133:31)
    at process.processTicksAndRejections (node:internal/process/task_queues:105:5)
    at async callMiddleware (file:///C:/code/zentala.eu/node_modules/astro/dist/core/middleware/callMiddleware.js:21:10) @ http://localhost:4322/@vite/client:1385
[ 1164517ms] [ERROR] Failed to load resource: the server responded with a status of 500 (Internal Server Error) @ http://localhost:4322/resources:0
[ 1164620ms] [ERROR] [vite] Internal Server Error
Cannot read properties of undefined (reading &#39;localeCompare&#39;)
TypeError: Cannot read properties of undefined (reading 'localeCompare')
    at C:\code\zentala.eu\src\pages\resources\index.astro:13:30
    at Array.sort (<anonymous>)
    at C:\code\zentala.eu\src\pages\resources\index.astro:13:4
    at index (C:\code\zentala.eu\node_modules\astro\dist\runtime\server\astro-component.js:16:12)
    at callComponentAsTemplateResultOrResponse (file:///C:/code/zentala.eu/node_modules/astro/dist/runtime/server/render/astro/render.js:90:31)
    at renderToAsyncIterable (file:///C:/code/zentala.eu/node_modules/astro/dist/runtime/server/render/astro/render.js:132:32)
    at renderPage (file:///C:/code/zentala.eu/node_modules/astro/dist/runtime/server/render/page.js:31:30)
    at lastNext (file:///C:/code/zentala.eu/node_modules/astro/dist/core/render-context.js:133:31)
    at process.processTicksAndRejections (node:internal/process/task_queues:105:5)
    at async callMiddleware (file:///C:/code/zentala.eu/node_modules/astro/dist/core/middleware/callMiddleware.js:21:10) @ http://localhost:4322/@vite/client:1385
[ 1164634ms] [ERROR] Failed to load resource: the server responded with a status of 500 (Internal Server Error) @ http://localhost:4322/resources:0
[ 1164729ms] [ERROR] [vite] Internal Server Error
Cannot read properties of undefined (reading &#39;localeCompare&#39;)
TypeError: Cannot read properties of undefined (reading 'localeCompare')
    at C:\code\zentala.eu\src\pages\resources\index.astro:13:30
    at Array.sort (<anonymous>)
    at C:\code\zentala.eu\src\pages\resources\index.astro:13:4
    at index (C:\code\zentala.eu\node_modules\astro\dist\runtime\server\astro-component.js:16:12)
    at callComponentAsTemplateResultOrResponse (file:///C:/code/zentala.eu/node_modules/astro/dist/runtime/server/render/astro/render.js:90:31)
    at renderToAsyncIterable (file:///C:/code/zentala.eu/node_modules/astro/dist/runtime/server/render/astro/render.js:132:32)
    at renderPage (file:///C:/code/zentala.eu/node_modules/astro/dist/runtime/server/render/page.js:31:30)
    at lastNext (file:///C:/code/zentala.eu/node_modules/astro/dist/core/render-context.js:133:31)
    at process.processTicksAndRejections (node:internal/process/task_queues:105:5)
    at async callMiddleware (file:///C:/code/zentala.eu/node_modules/astro/dist/core/middleware/callMiddleware.js:21:10) @ http://localhost:4322/@vite/client:1385
[ 1164740ms] [ERROR] Failed to load resource: the server responded with a status of 500 (Internal Server Error) @ http://localhost:4322/resources:0
[ 1164838ms] [ERROR] [vite] Internal Server Error
Cannot read properties of undefined (reading &#39;localeCompare&#39;)
TypeError: Cannot read properties of undefined (reading 'localeCompare')
    at C:\code\zentala.eu\src\pages\resources\index.astro:13:30
    at Array.sort (<anonymous>)
    at C:\code\zentala.eu\src\pages\resources\index.astro:13:4
    at index (C:\code\zentala.eu\node_modules\astro\dist\runtime\server\astro-component.js:16:12)
    at callComponentAsTemplateResultOrResponse (file:///C:/code/zentala.eu/node_modules/astro/dist/runtime/server/render/astro/render.js:90:31)
    at renderToAsyncIterable (file:///C:/code/zentala.eu/node_modules/astro/dist/runtime/server/render/astro/render.js:132:32)
    at renderPage (file:///C:/code/zentala.eu/node_modules/astro/dist/runtime/server/render/page.js:31:30)
    at lastNext (file:///C:/code/zentala.eu/node_modules/astro/dist/core/render-context.js:133:31)
    at process.processTicksAndRejections (node:internal/process/task_queues:105:5)
    at async callMiddleware (file:///C:/code/zentala.eu/node_modules/astro/dist/core/middleware/callMiddleware.js:21:10) @ http://localhost:4322/@vite/client:1385
[ 1164845ms] [ERROR] Failed to load resource: the server responded with a status of 500 (Internal Server Error) @ http://localhost:4322/resources:0
[ 1164949ms] [ERROR] [vite] Internal Server Error
Cannot read properties of undefined (reading &#39;localeCompare&#39;)
TypeError: Cannot read properties of undefined (reading 'localeCompare')
    at C:\code\zentala.eu\src\pages\resources\index.astro:13:30
    at Array.sort (<anonymous>)
    at C:\code\zentala.eu\src\pages\resources\index.astro:13:4
    at index (C:\code\zentala.eu\node_modules\astro\dist\runtime\server\astro-component.js:16:12)
    at callComponentAsTemplateResultOrResponse (file:///C:/code/zentala.eu/node_modules/astro/dist/runtime/server/render/astro/render.js:90:31)
    at renderToAsyncIterable (file:///C:/code/zentala.eu/node_modules/astro/dist/runtime/server/render/astro/render.js:132:32)
    at renderPage (file:///C:/code/zentala.eu/node_modules/astro/dist/runtime/server/render/page.js:31:30)
    at lastNext (file:///C:/code/zentala.eu/node_modules/astro/dist/core/render-context.js:133:31)
    at process.processTicksAndRejections (node:internal/process/task_queues:105:5)
    at async callMiddleware (file:///C:/code/zentala.eu/node_modules/astro/dist/core/middleware/callMiddleware.js:21:10) @ http://localhost:4322/@vite/client:1385
[ 1164959ms] [ERROR] Failed to load resource: the server responded with a status of 500 (Internal Server Error) @ http://localhost:4322/resources:0
[ 1165057ms] [ERROR] [vite] Internal Server Error
Cannot read properties of undefined (reading &#39;localeCompare&#39;)
TypeError: Cannot read properties of undefined (reading 'localeCompare')
    at C:\code\zentala.eu\src\pages\resources\index.astro:13:30
    at Array.sort (<anonymous>)
    at C:\code\zentala.eu\src\pages\resources\index.astro:13:4
    at index (C:\code\zentala.eu\node_modules\astro\dist\runtime\server\astro-component.js:16:12)
    at callComponentAsTemplateResultOrResponse (file:///C:/code/zentala.eu/node_modules/astro/dist/runtime/server/render/astro/render.js:90:31)
    at renderToAsyncIterable (file:///C:/code/zentala.eu/node_modules/astro/dist/runtime/server/render/astro/render.js:132:32)
    at renderPage (file:///C:/code/zentala.eu/node_modules/astro/dist/runtime/server/render/page.js:31:30)
    at lastNext (file:///C:/code/zentala.eu/node_modules/astro/dist/core/render-context.js:133:31)
    at process.processTicksAndRejections (node:internal/process/task_queues:105:5)
    at async callMiddleware (file:///C:/code/zentala.eu/node_modules/astro/dist/core/middleware/callMiddleware.js:21:10) @ http://localhost:4322/@vite/client:1385
[ 1165064ms] [ERROR] Failed to load resource: the server responded with a status of 500 (Internal Server Error) @ http://localhost:4322/resources:0
[ 1165165ms] [ERROR] [vite] Internal Server Error
Cannot read properties of undefined (reading &#39;localeCompare&#39;)
TypeError: Cannot read properties of undefined (reading 'localeCompare')
    at C:\code\zentala.eu\src\pages\resources\index.astro:13:30
    at Array.sort (<anonymous>)
    at C:\code\zentala.eu\src\pages\resources\index.astro:13:4
    at index (C:\code\zentala.eu\node_modules\astro\dist\runtime\server\astro-component.js:16:12)
    at callComponentAsTemplateResultOrResponse (file:///C:/code/zentala.eu/node_modules/astro/dist/runtime/server/render/astro/render.js:90:31)
    at renderToAsyncIterable (file:///C:/code/zentala.eu/node_modules/astro/dist/runtime/server/render/astro/render.js:132:32)
    at renderPage (file:///C:/code/zentala.eu/node_modules/astro/dist/runtime/server/render/page.js:31:30)
    at lastNext (file:///C:/code/zentala.eu/node_modules/astro/dist/core/render-context.js:133:31)
    at process.processTicksAndRejections (node:internal/process/task_queues:105:5)
    at async callMiddleware (file:///C:/code/zentala.eu/node_modules/astro/dist/core/middleware/callMiddleware.js:21:10) @ http://localhost:4322/@vite/client:1385
[ 1165173ms] [ERROR] Failed to load resource: the server responded with a status of 500 (Internal Server Error) @ http://localhost:4322/resources:0
[ 1165271ms] [ERROR] [vite] Internal Server Error
Cannot read properties of undefined (reading &#39;localeCompare&#39;)
TypeError: Cannot read properties of undefined (reading 'localeCompare')
    at C:\code\zentala.eu\src\pages\resources\index.astro:13:30
    at Array.sort (<anonymous>)
    at C:\code\zentala.eu\src\pages\resources\index.astro:13:4
    at index (C:\code\zentala.eu\node_modules\astro\dist\runtime\server\astro-component.js:16:12)
    at callComponentAsTemplateResultOrResponse (file:///C:/code/zentala.eu/node_modules/astro/dist/runtime/server/render/astro/render.js:90:31)
    at renderToAsyncIterable (file:///C:/code/zentala.eu/node_modules/astro/dist/runtime/server/render/astro/render.js:132:32)
    at renderPage (file:///C:/code/zentala.eu/node_modules/astro/dist/runtime/server/render/page.js:31:30)
    at lastNext (file:///C:/code/zentala.eu/node_modules/astro/dist/core/render-context.js:133:31)
    at process.processTicksAndRejections (node:internal/process/task_queues:105:5)
    at async callMiddleware (file:///C:/code/zentala.eu/node_modules/astro/dist/core/middleware/callMiddleware.js:21:10) @ http://localhost:4322/@vite/client:1385
[ 1165278ms] [ERROR] Failed to load resource: the server responded with a status of 500 (Internal Server Error) @ http://localhost:4322/resources:0
[ 1165379ms] [ERROR] [vite] Internal Server Error
Cannot read properties of undefined (reading &#39;localeCompare&#39;)
TypeError: Cannot read properties of undefined (reading 'localeCompare')
    at C:\code\zentala.eu\src\pages\resources\index.astro:13:30
    at Array.sort (<anonymous>)
    at C:\code\zentala.eu\src\pages\resources\index.astro:13:4
    at index (C:\code\zentala.eu\node_modules\astro\dist\runtime\server\astro-component.js:16:12)
    at callComponentAsTemplateResultOrResponse (file:///C:/code/zentala.eu/node_modules/astro/dist/runtime/server/render/astro/render.js:90:31)
    at renderToAsyncIterable (file:///C:/code/zentala.eu/node_modules/astro/dist/runtime/server/render/astro/render.js:132:32)
    at renderPage (file:///C:/code/zentala.eu/node_modules/astro/dist/runtime/server/render/page.js:31:30)
    at lastNext (file:///C:/code/zentala.eu/node_modules/astro/dist/core/render-context.js:133:31)
    at process.processTicksAndRejections (node:internal/process/task_queues:105:5)
    at async callMiddleware (file:///C:/code/zentala.eu/node_modules/astro/dist/core/middleware/callMiddleware.js:21:10) @ http://localhost:4322/@vite/client:1385
[ 1165386ms] [ERROR] Failed to load resource: the server responded with a status of 500 (Internal Server Error) @ http://localhost:4322/resources:0
[ 1165488ms] [ERROR] [vite] Internal Server Error
Cannot read properties of undefined (reading &#39;localeCompare&#39;)
TypeError: Cannot read properties of undefined (reading 'localeCompare')
    at C:\code\zentala.eu\src\pages\resources\index.astro:13:30
    at Array.sort (<anonymous>)
    at C:\code\zentala.eu\src\pages\resources\index.astro:13:4
    at index (C:\code\zentala.eu\node_modules\astro\dist\runtime\server\astro-component.js:16:12)
    at callComponentAsTemplateResultOrResponse (file:///C:/code/zentala.eu/node_modules/astro/dist/runtime/server/render/astro/render.js:90:31)
    at renderToAsyncIterable (file:///C:/code/zentala.eu/node_modules/astro/dist/runtime/server/render/astro/render.js:132:32)
    at renderPage (file:///C:/code/zentala.eu/node_modules/astro/dist/runtime/server/render/page.js:31:30)
    at lastNext (file:///C:/code/zentala.eu/node_modules/astro/dist/core/render-context.js:133:31)
    at process.processTicksAndRejections (node:internal/process/task_queues:105:5)
    at async callMiddleware (file:///C:/code/zentala.eu/node_modules/astro/dist/core/middleware/callMiddleware.js:21:10) @ http://localhost:4322/@vite/client:1385
[ 1165494ms] [ERROR] Failed to load resource: the server responded with a status of 500 (Internal Server Error) @ http://localhost:4322/resources:0
[ 1165596ms] [ERROR] [vite] Internal Server Error
Cannot read properties of undefined (reading &#39;localeCompare&#39;)
TypeError: Cannot read properties of undefined (reading 'localeCompare')
    at C:\code\zentala.eu\src\pages\resources\index.astro:13:30
    at Array.sort (<anonymous>)
    at C:\code\zentala.eu\src\pages\resources\index.astro:13:4
    at index (C:\code\zentala.eu\node_modules\astro\dist\runtime\server\astro-component.js:16:12)
    at callComponentAsTemplateResultOrResponse (file:///C:/code/zentala.eu/node_modules/astro/dist/runtime/server/render/astro/render.js:90:31)
    at renderToAsyncIterable (file:///C:/code/zentala.eu/node_modules/astro/dist/runtime/server/render/astro/render.js:132:32)
    at renderPage (file:///C:/code/zentala.eu/node_modules/astro/dist/runtime/server/render/page.js:31:30)
    at lastNext (file:///C:/code/zentala.eu/node_modules/astro/dist/core/render-context.js:133:31)
    at process.processTicksAndRejections (node:internal/process/task_queues:105:5)
    at async callMiddleware (file:///C:/code/zentala.eu/node_modules/astro/dist/core/middleware/callMiddleware.js:21:10) @ http://localhost:4322/@vite/client:1385
[ 1165608ms] [ERROR] Failed to load resource: the server responded with a status of 500 (Internal Server Error) @ http://localhost:4322/resources:0
[ 1165703ms] [ERROR] [vite] Internal Server Error
Cannot read properties of undefined (reading &#39;localeCompare&#39;)
TypeError: Cannot read properties of undefined (reading 'localeCompare')
    at C:\code\zentala.eu\src\pages\resources\index.astro:13:30
    at Array.sort (<anonymous>)
    at C:\code\zentala.eu\src\pages\resources\index.astro:13:4
    at index (C:\code\zentala.eu\node_modules\astro\dist\runtime\server\astro-component.js:16:12)
    at callComponentAsTemplateResultOrResponse (file:///C:/code/zentala.eu/node_modules/astro/dist/runtime/server/render/astro/render.js:90:31)
    at renderToAsyncIterable (file:///C:/code/zentala.eu/node_modules/astro/dist/runtime/server/render/astro/render.js:132:32)
    at renderPage (file:///C:/code/zentala.eu/node_modules/astro/dist/runtime/server/render/page.js:31:30)
    at lastNext (file:///C:/code/zentala.eu/node_modules/astro/dist/core/render-context.js:133:31)
    at process.processTicksAndRejections (node:internal/process/task_queues:105:5)
    at async callMiddleware (file:///C:/code/zentala.eu/node_modules/astro/dist/core/middleware/callMiddleware.js:21:10) @ http://localhost:4322/@vite/client:1385
[ 1165710ms] [ERROR] Failed to load resource: the server responded with a status of 500 (Internal Server Error) @ http://localhost:4322/resources:0
[ 1165811ms] [ERROR] [vite] Internal Server Error
Cannot read properties of undefined (reading &#39;localeCompare&#39;)
TypeError: Cannot read properties of undefined (reading 'localeCompare')
    at C:\code\zentala.eu\src\pages\resources\index.astro:13:30
    at Array.sort (<anonymous>)
    at C:\code\zentala.eu\src\pages\resources\index.astro:13:4
    at index (C:\code\zentala.eu\node_modules\astro\dist\runtime\server\astro-component.js:16:12)
    at callComponentAsTemplateResultOrResponse (file:///C:/code/zentala.eu/node_modules/astro/dist/runtime/server/render/astro/render.js:90:31)
    at renderToAsyncIterable (file:///C:/code/zentala.eu/node_modules/astro/dist/runtime/server/render/astro/render.js:132:32)
    at renderPage (file:///C:/code/zentala.eu/node_modules/astro/dist/runtime/server/render/page.js:31:30)
    at lastNext (file:///C:/code/zentala.eu/node_modules/astro/dist/core/render-context.js:133:31)
    at process.processTicksAndRejections (node:internal/process/task_queues:105:5)
    at async callMiddleware (file:///C:/code/zentala.eu/node_modules/astro/dist/core/middleware/callMiddleware.js:21:10) @ http://localhost:4322/@vite/client:1385
[ 1165822ms] [ERROR] Failed to load resource: the server responded with a status of 500 (Internal Server Error) @ http://localhost:4322/resources:0
[ 1165920ms] [ERROR] [vite] Internal Server Error
Cannot read properties of undefined (reading &#39;localeCompare&#39;)
TypeError: Cannot read properties of undefined (reading 'localeCompare')
    at C:\code\zentala.eu\src\pages\resources\index.astro:13:30
    at Array.sort (<anonymous>)
    at C:\code\zentala.eu\src\pages\resources\index.astro:13:4
    at index (C:\code\zentala.eu\node_modules\astro\dist\runtime\server\astro-component.js:16:12)
    at callComponentAsTemplateResultOrResponse (file:///C:/code/zentala.eu/node_modules/astro/dist/runtime/server/render/astro/render.js:90:31)
    at renderToAsyncIterable (file:///C:/code/zentala.eu/node_modules/astro/dist/runtime/server/render/astro/render.js:132:32)
    at renderPage (file:///C:/code/zentala.eu/node_modules/astro/dist/runtime/server/render/page.js:31:30)
    at lastNext (file:///C:/code/zentala.eu/node_modules/astro/dist/core/render-context.js:133:31)
    at process.processTicksAndRejections (node:internal/process/task_queues:105:5)
    at async callMiddleware (file:///C:/code/zentala.eu/node_modules/astro/dist/core/middleware/callMiddleware.js:21:10) @ http://localhost:4322/@vite/client:1385
[ 1165928ms] [ERROR] Failed to load resource: the server responded with a status of 500 (Internal Server Error) @ http://localhost:4322/resources:0
[ 1166028ms] [ERROR] [vite] Internal Server Error
Cannot read properties of undefined (reading &#39;localeCompare&#39;)
TypeError: Cannot read properties of undefined (reading 'localeCompare')
    at C:\code\zentala.eu\src\pages\resources\index.astro:13:30
    at Array.sort (<anonymous>)
    at C:\code\zentala.eu\src\pages\resources\index.astro:13:4
    at index (C:\code\zentala.eu\node_modules\astro\dist\runtime\server\astro-component.js:16:12)
    at callComponentAsTemplateResultOrResponse (file:///C:/code/zentala.eu/node_modules/astro/dist/runtime/server/render/astro/render.js:90:31)
    at renderToAsyncIterable (file:///C:/code/zentala.eu/node_modules/astro/dist/runtime/server/render/astro/render.js:132:32)
    at renderPage (file:///C:/code/zentala.eu/node_modules/astro/dist/runtime/server/render/page.js:31:30)
    at lastNext (file:///C:/code/zentala.eu/node_modules/astro/dist/core/render-context.js:133:31)
    at process.processTicksAndRejections (node:internal/process/task_queues:105:5)
    at async callMiddleware (file:///C:/code/zentala.eu/node_modules/astro/dist/core/middleware/callMiddleware.js:21:10) @ http://localhost:4322/@vite/client:1385
[ 1166037ms] [ERROR] Failed to load resource: the server responded with a status of 500 (Internal Server Error) @ http://localhost:4322/resources:0
[ 1166136ms] [ERROR] [vite] Internal Server Error
Cannot read properties of undefined (reading &#39;localeCompare&#39;)
TypeError: Cannot read properties of undefined (reading 'localeCompare')
    at C:\code\zentala.eu\src\pages\resources\index.astro:13:30
    at Array.sort (<anonymous>)
    at C:\code\zentala.eu\src\pages\resources\index.astro:13:4
    at index (C:\code\zentala.eu\node_modules\astro\dist\runtime\server\astro-component.js:16:12)
    at callComponentAsTemplateResultOrResponse (file:///C:/code/zentala.eu/node_modules/astro/dist/runtime/server/render/astro/render.js:90:31)
    at renderToAsyncIterable (file:///C:/code/zentala.eu/node_modules/astro/dist/runtime/server/render/astro/render.js:132:32)
    at renderPage (file:///C:/code/zentala.eu/node_modules/astro/dist/runtime/server/render/page.js:31:30)
    at lastNext (file:///C:/code/zentala.eu/node_modules/astro/dist/core/render-context.js:133:31)
    at process.processTicksAndRejections (node:internal/process/task_queues:105:5)
    at async callMiddleware (file:///C:/code/zentala.eu/node_modules/astro/dist/core/middleware/callMiddleware.js:21:10) @ http://localhost:4322/@vite/client:1385
[ 1166142ms] [ERROR] Failed to load resource: the server responded with a status of 500 (Internal Server Error) @ http://localhost:4322/resources:0
[ 1166246ms] [ERROR] [vite] Internal Server Error
Cannot read properties of undefined (reading &#39;localeCompare&#39;)
TypeError: Cannot read properties of undefined (reading 'localeCompare')
    at C:\code\zentala.eu\src\pages\resources\index.astro:13:30
    at Array.sort (<anonymous>)
    at C:\code\zentala.eu\src\pages\resources\index.astro:13:4
    at index (C:\code\zentala.eu\node_modules\astro\dist\runtime\server\astro-component.js:16:12)
    at callComponentAsTemplateResultOrResponse (file:///C:/code/zentala.eu/node_modules/astro/dist/runtime/server/render/astro/render.js:90:31)
    at renderToAsyncIterable (file:///C:/code/zentala.eu/node_modules/astro/dist/runtime/server/render/astro/render.js:132:32)
    at renderPage (file:///C:/code/zentala.eu/node_modules/astro/dist/runtime/server/render/page.js:31:30)
    at lastNext (file:///C:/code/zentala.eu/node_modules/astro/dist/core/render-context.js:133:31)
    at process.processTicksAndRejections (node:internal/process/task_queues:105:5)
    at async callMiddleware (file:///C:/code/zentala.eu/node_modules/astro/dist/core/middleware/callMiddleware.js:21:10) @ http://localhost:4322/@vite/client:1385
[ 1166255ms] [ERROR] Failed to load resource: the server responded with a status of 500 (Internal Server Error) @ http://localhost:4322/resources:0
[ 1166354ms] [ERROR] [vite] Internal Server Error
Cannot read properties of undefined (reading &#39;localeCompare&#39;)
TypeError: Cannot read properties of undefined (reading 'localeCompare')
    at C:\code\zentala.eu\src\pages\resources\index.astro:13:30
    at Array.sort (<anonymous>)
    at C:\code\zentala.eu\src\pages\resources\index.astro:13:4
    at index (C:\code\zentala.eu\node_modules\astro\dist\runtime\server\astro-component.js:16:12)
    at callComponentAsTemplateResultOrResponse (file:///C:/code/zentala.eu/node_modules/astro/dist/runtime/server/render/astro/render.js:90:31)
    at renderToAsyncIterable (file:///C:/code/zentala.eu/node_modules/astro/dist/runtime/server/render/astro/render.js:132:32)
    at renderPage (file:///C:/code/zentala.eu/node_modules/astro/dist/runtime/server/render/page.js:31:30)
    at lastNext (file:///C:/code/zentala.eu/node_modules/astro/dist/core/render-context.js:133:31)
    at process.processTicksAndRejections (node:internal/process/task_queues:105:5)
    at async callMiddleware (file:///C:/code/zentala.eu/node_modules/astro/dist/core/middleware/callMiddleware.js:21:10) @ http://localhost:4322/@vite/client:1385
[ 1166361ms] [ERROR] Failed to load resource: the server responded with a status of 500 (Internal Server Error) @ http://localhost:4322/resources:0
[ 1166462ms] [ERROR] [vite] Internal Server Error
Cannot read properties of undefined (reading &#39;localeCompare&#39;)
TypeError: Cannot read properties of undefined (reading 'localeCompare')
    at C:\code\zentala.eu\src\pages\resources\index.astro:13:30
    at Array.sort (<anonymous>)
    at C:\code\zentala.eu\src\pages\resources\index.astro:13:4
    at index (C:\code\zentala.eu\node_modules\astro\dist\runtime\server\astro-component.js:16:12)
    at callComponentAsTemplateResultOrResponse (file:///C:/code/zentala.eu/node_modules/astro/dist/runtime/server/render/astro/render.js:90:31)
    at renderToAsyncIterable (file:///C:/code/zentala.eu/node_modules/astro/dist/runtime/server/render/astro/render.js:132:32)
    at renderPage (file:///C:/code/zentala.eu/node_modules/astro/dist/runtime/server/render/page.js:31:30)
    at lastNext (file:///C:/code/zentala.eu/node_modules/astro/dist/core/render-context.js:133:31)
    at process.processTicksAndRejections (node:internal/process/task_queues:105:5)
    at async callMiddleware (file:///C:/code/zentala.eu/node_modules/astro/dist/core/middleware/callMiddleware.js:21:10) @ http://localhost:4322/@vite/client:1385
[ 1166472ms] [ERROR] Failed to load resource: the server responded with a status of 500 (Internal Server Error) @ http://localhost:4322/resources:0
[ 1166569ms] [ERROR] [vite] Internal Server Error
Cannot read properties of undefined (reading &#39;localeCompare&#39;)
TypeError: Cannot read properties of undefined (reading 'localeCompare')
    at C:\code\zentala.eu\src\pages\resources\index.astro:13:30
    at Array.sort (<anonymous>)
    at C:\code\zentala.eu\src\pages\resources\index.astro:13:4
    at index (C:\code\zentala.eu\node_modules\astro\dist\runtime\server\astro-component.js:16:12)
    at callComponentAsTemplateResultOrResponse (file:///C:/code/zentala.eu/node_modules/astro/dist/runtime/server/render/astro/render.js:90:31)
    at renderToAsyncIterable (file:///C:/code/zentala.eu/node_modules/astro/dist/runtime/server/render/astro/render.js:132:32)
    at renderPage (file:///C:/code/zentala.eu/node_modules/astro/dist/runtime/server/render/page.js:31:30)
    at lastNext (file:///C:/code/zentala.eu/node_modules/astro/dist/core/render-context.js:133:31)
    at process.processTicksAndRejections (node:internal/process/task_queues:105:5)
    at async callMiddleware (file:///C:/code/zentala.eu/node_modules/astro/dist/core/middleware/callMiddleware.js:21:10) @ http://localhost:4322/@vite/client:1385
[ 1166576ms] [ERROR] Failed to load resource: the server responded with a status of 500 (Internal Server Error) @ http://localhost:4322/resources:0
[ 1166678ms] [ERROR] [vite] Internal Server Error
Cannot read properties of undefined (reading &#39;localeCompare&#39;)
TypeError: Cannot read properties of undefined (reading 'localeCompare')
    at C:\code\zentala.eu\src\pages\resources\index.astro:13:30
    at Array.sort (<anonymous>)
    at C:\code\zentala.eu\src\pages\resources\index.astro:13:4
    at index (C:\code\zentala.eu\node_modules\astro\dist\runtime\server\astro-component.js:16:12)
    at callComponentAsTemplateResultOrResponse (file:///C:/code/zentala.eu/node_modules/astro/dist/runtime/server/render/astro/render.js:90:31)
    at renderToAsyncIterable (file:///C:/code/zentala.eu/node_modules/astro/dist/runtime/server/render/astro/render.js:132:32)
    at renderPage (file:///C:/code/zentala.eu/node_modules/astro/dist/runtime/server/render/page.js:31:30)
    at lastNext (file:///C:/code/zentala.eu/node_modules/astro/dist/core/render-context.js:133:31)
    at process.processTicksAndRejections (node:internal/process/task_queues:105:5)
    at async callMiddleware (file:///C:/code/zentala.eu/node_modules/astro/dist/core/middleware/callMiddleware.js:21:10) @ http://localhost:4322/@vite/client:1385
[ 1166684ms] [ERROR] Failed to load resource: the server responded with a status of 500 (Internal Server Error) @ http://localhost:4322/resources:0
[ 1166788ms] [ERROR] [vite] Internal Server Error
Cannot read properties of undefined (reading &#39;localeCompare&#39;)
TypeError: Cannot read properties of undefined (reading 'localeCompare')
    at C:\code\zentala.eu\src\pages\resources\index.astro:13:30
    at Array.sort (<anonymous>)
    at C:\code\zentala.eu\src\pages\resources\index.astro:13:4
    at index (C:\code\zentala.eu\node_modules\astro\dist\runtime\server\astro-component.js:16:12)
    at callComponentAsTemplateResultOrResponse (file:///C:/code/zentala.eu/node_modules/astro/dist/runtime/server/render/astro/render.js:90:31)
    at renderToAsyncIterable (file:///C:/code/zentala.eu/node_modules/astro/dist/runtime/server/render/astro/render.js:132:32)
    at renderPage (file:///C:/code/zentala.eu/node_modules/astro/dist/runtime/server/render/page.js:31:30)
    at lastNext (file:///C:/code/zentala.eu/node_modules/astro/dist/core/render-context.js:133:31)
    at process.processTicksAndRejections (node:internal/process/task_queues:105:5)
    at async callMiddleware (file:///C:/code/zentala.eu/node_modules/astro/dist/core/middleware/callMiddleware.js:21:10) @ http://localhost:4322/@vite/client:1385
[ 1166794ms] [ERROR] Failed to load resource: the server responded with a status of 500 (Internal Server Error) @ http://localhost:4322/resources:0
[ 1166896ms] [ERROR] [vite] Internal Server Error
Cannot read properties of undefined (reading &#39;localeCompare&#39;)
TypeError: Cannot read properties of undefined (reading 'localeCompare')
    at C:\code\zentala.eu\src\pages\resources\index.astro:13:30
    at Array.sort (<anonymous>)
    at C:\code\zentala.eu\src\pages\resources\index.astro:13:4
    at index (C:\code\zentala.eu\node_modules\astro\dist\runtime\server\astro-component.js:16:12)
    at callComponentAsTemplateResultOrResponse (file:///C:/code/zentala.eu/node_modules/astro/dist/runtime/server/render/astro/render.js:90:31)
    at renderToAsyncIterable (file:///C:/code/zentala.eu/node_modules/astro/dist/runtime/server/render/astro/render.js:132:32)
    at renderPage (file:///C:/code/zentala.eu/node_modules/astro/dist/runtime/server/render/page.js:31:30)
    at lastNext (file:///C:/code/zentala.eu/node_modules/astro/dist/core/render-context.js:133:31)
    at process.processTicksAndRejections (node:internal/process/task_queues:105:5)
    at async callMiddleware (file:///C:/code/zentala.eu/node_modules/astro/dist/core/middleware/callMiddleware.js:21:10) @ http://localhost:4322/@vite/client:1385
[ 1166902ms] [ERROR] Failed to load resource: the server responded with a status of 500 (Internal Server Error) @ http://localhost:4322/resources:0
[ 1167005ms] [ERROR] [vite] Internal Server Error
Cannot read properties of undefined (reading &#39;localeCompare&#39;)
TypeError: Cannot read properties of undefined (reading 'localeCompare')
    at C:\code\zentala.eu\src\pages\resources\index.astro:13:30
    at Array.sort (<anonymous>)
    at C:\code\zentala.eu\src\pages\resources\index.astro:13:4
    at index (C:\code\zentala.eu\node_modules\astro\dist\runtime\server\astro-component.js:16:12)
    at callComponentAsTemplateResultOrResponse (file:///C:/code/zentala.eu/node_modules/astro/dist/runtime/server/render/astro/render.js:90:31)
    at renderToAsyncIterable (file:///C:/code/zentala.eu/node_modules/astro/dist/runtime/server/render/astro/render.js:132:32)
    at renderPage (file:///C:/code/zentala.eu/node_modules/astro/dist/runtime/server/render/page.js:31:30)
    at lastNext (file:///C:/code/zentala.eu/node_modules/astro/dist/core/render-context.js:133:31)
    at process.processTicksAndRejections (node:internal/process/task_queues:105:5)
    at async callMiddleware (file:///C:/code/zentala.eu/node_modules/astro/dist/core/middleware/callMiddleware.js:21:10) @ http://localhost:4322/@vite/client:1385
[ 1167012ms] [ERROR] Failed to load resource: the server responded with a status of 500 (Internal Server Error) @ http://localhost:4322/resources:0
[ 1167111ms] [ERROR] [vite] Internal Server Error
Cannot read properties of undefined (reading &#39;localeCompare&#39;)
TypeError: Cannot read properties of undefined (reading 'localeCompare')
    at C:\code\zentala.eu\src\pages\resources\index.astro:13:30
    at Array.sort (<anonymous>)
    at C:\code\zentala.eu\src\pages\resources\index.astro:13:4
    at index (C:\code\zentala.eu\node_modules\astro\dist\runtime\server\astro-component.js:16:12)
    at callComponentAsTemplateResultOrResponse (file:///C:/code/zentala.eu/node_modules/astro/dist/runtime/server/render/astro/render.js:90:31)
    at renderToAsyncIterable (file:///C:/code/zentala.eu/node_modules/astro/dist/runtime/server/render/astro/render.js:132:32)
    at renderPage (file:///C:/code/zentala.eu/node_modules/astro/dist/runtime/server/render/page.js:31:30)
    at lastNext (file:///C:/code/zentala.eu/node_modules/astro/dist/core/render-context.js:133:31)
    at process.processTicksAndRejections (node:internal/process/task_queues:105:5)
    at async callMiddleware (file:///C:/code/zentala.eu/node_modules/astro/dist/core/middleware/callMiddleware.js:21:10) @ http://localhost:4322/@vite/client:1385
[ 1167119ms] [ERROR] Failed to load resource: the server responded with a status of 500 (Internal Server Error) @ http://localhost:4322/resources:0
[ 1167220ms] [ERROR] [vite] Internal Server Error
Cannot read properties of undefined (reading &#39;localeCompare&#39;)
TypeError: Cannot read properties of undefined (reading 'localeCompare')
    at C:\code\zentala.eu\src\pages\resources\index.astro:13:30
    at Array.sort (<anonymous>)
    at C:\code\zentala.eu\src\pages\resources\index.astro:13:4
    at index (C:\code\zentala.eu\node_modules\astro\dist\runtime\server\astro-component.js:16:12)
    at callComponentAsTemplateResultOrResponse (file:///C:/code/zentala.eu/node_modules/astro/dist/runtime/server/render/astro/render.js:90:31)
    at renderToAsyncIterable (file:///C:/code/zentala.eu/node_modules/astro/dist/runtime/server/render/astro/render.js:132:32)
    at renderPage (file:///C:/code/zentala.eu/node_modules/astro/dist/runtime/server/render/page.js:31:30)
    at lastNext (file:///C:/code/zentala.eu/node_modules/astro/dist/core/render-context.js:133:31)
    at process.processTicksAndRejections (node:internal/process/task_queues:105:5)
    at async callMiddleware (file:///C:/code/zentala.eu/node_modules/astro/dist/core/middleware/callMiddleware.js:21:10) @ http://localhost:4322/@vite/client:1385
[ 1167229ms] [ERROR] Failed to load resource: the server responded with a status of 500 (Internal Server Error) @ http://localhost:4322/resources:0
[ 1167330ms] [ERROR] [vite] Internal Server Error
Cannot read properties of undefined (reading &#39;localeCompare&#39;)
TypeError: Cannot read properties of undefined (reading 'localeCompare')
    at C:\code\zentala.eu\src\pages\resources\index.astro:13:30
    at Array.sort (<anonymous>)
    at C:\code\zentala.eu\src\pages\resources\index.astro:13:4
    at index (C:\code\zentala.eu\node_modules\astro\dist\runtime\server\astro-component.js:16:12)
    at callComponentAsTemplateResultOrResponse (file:///C:/code/zentala.eu/node_modules/astro/dist/runtime/server/render/astro/render.js:90:31)
    at renderToAsyncIterable (file:///C:/code/zentala.eu/node_modules/astro/dist/runtime/server/render/astro/render.js:132:32)
    at renderPage (file:///C:/code/zentala.eu/node_modules/astro/dist/runtime/server/render/page.js:31:30)
    at lastNext (file:///C:/code/zentala.eu/node_modules/astro/dist/core/render-context.js:133:31)
    at process.processTicksAndRejections (node:internal/process/task_queues:105:5)
    at async callMiddleware (file:///C:/code/zentala.eu/node_modules/astro/dist/core/middleware/callMiddleware.js:21:10) @ http://localhost:4322/@vite/client:1385
[ 1167341ms] [ERROR] Failed to load resource: the server responded with a status of 500 (Internal Server Error) @ http://localhost:4322/resources:0
[ 1167437ms] [ERROR] [vite] Internal Server Error
Cannot read properties of undefined (reading &#39;localeCompare&#39;)
TypeError: Cannot read properties of undefined (reading 'localeCompare')
    at C:\code\zentala.eu\src\pages\resources\index.astro:13:30
    at Array.sort (<anonymous>)
    at C:\code\zentala.eu\src\pages\resources\index.astro:13:4
    at index (C:\code\zentala.eu\node_modules\astro\dist\runtime\server\astro-component.js:16:12)
    at callComponentAsTemplateResultOrResponse (file:///C:/code/zentala.eu/node_modules/astro/dist/runtime/server/render/astro/render.js:90:31)
    at renderToAsyncIterable (file:///C:/code/zentala.eu/node_modules/astro/dist/runtime/server/render/astro/render.js:132:32)
    at renderPage (file:///C:/code/zentala.eu/node_modules/astro/dist/runtime/server/render/page.js:31:30)
    at lastNext (file:///C:/code/zentala.eu/node_modules/astro/dist/core/render-context.js:133:31)
    at process.processTicksAndRejections (node:internal/process/task_queues:105:5)
    at async callMiddleware (file:///C:/code/zentala.eu/node_modules/astro/dist/core/middleware/callMiddleware.js:21:10) @ http://localhost:4322/@vite/client:1385
[ 1167446ms] [ERROR] Failed to load resource: the server responded with a status of 500 (Internal Server Error) @ http://localhost:4322/resources:0
[ 1167549ms] [ERROR] [vite] Internal Server Error
Cannot read properties of undefined (reading &#39;localeCompare&#39;)
TypeError: Cannot read properties of undefined (reading 'localeCompare')
    at C:\code\zentala.eu\src\pages\resources\index.astro:13:30
    at Array.sort (<anonymous>)
    at C:\code\zentala.eu\src\pages\resources\index.astro:13:4
    at index (C:\code\zentala.eu\node_modules\astro\dist\runtime\server\astro-component.js:16:12)
    at callComponentAsTemplateResultOrResponse (file:///C:/code/zentala.eu/node_modules/astro/dist/runtime/server/render/astro/render.js:90:31)
    at renderToAsyncIterable (file:///C:/code/zentala.eu/node_modules/astro/dist/runtime/server/render/astro/render.js:132:32)
    at renderPage (file:///C:/code/zentala.eu/node_modules/astro/dist/runtime/server/render/page.js:31:30)
    at lastNext (file:///C:/code/zentala.eu/node_modules/astro/dist/core/render-context.js:133:31)
    at process.processTicksAndRejections (node:internal/process/task_queues:105:5)
    at async callMiddleware (file:///C:/code/zentala.eu/node_modules/astro/dist/core/middleware/callMiddleware.js:21:10) @ http://localhost:4322/@vite/client:1385
[ 1167556ms] [ERROR] Failed to load resource: the server responded with a status of 500 (Internal Server Error) @ http://localhost:4322/resources:0
[ 1167660ms] [ERROR] [vite] Internal Server Error
Cannot read properties of undefined (reading &#39;localeCompare&#39;)
TypeError: Cannot read properties of undefined (reading 'localeCompare')
    at C:\code\zentala.eu\src\pages\resources\index.astro:13:30
    at Array.sort (<anonymous>)
    at C:\code\zentala.eu\src\pages\resources\index.astro:13:4
    at index (C:\code\zentala.eu\node_modules\astro\dist\runtime\server\astro-component.js:16:12)
    at callComponentAsTemplateResultOrResponse (file:///C:/code/zentala.eu/node_modules/astro/dist/runtime/server/render/astro/render.js:90:31)
    at renderToAsyncIterable (file:///C:/code/zentala.eu/node_modules/astro/dist/runtime/server/render/astro/render.js:132:32)
    at renderPage (file:///C:/code/zentala.eu/node_modules/astro/dist/runtime/server/render/page.js:31:30)
    at lastNext (file:///C:/code/zentala.eu/node_modules/astro/dist/core/render-context.js:133:31)
    at process.processTicksAndRejections (node:internal/process/task_queues:105:5)
    at async callMiddleware (file:///C:/code/zentala.eu/node_modules/astro/dist/core/middleware/callMiddleware.js:21:10) @ http://localhost:4322/@vite/client:1385
[ 1167666ms] [ERROR] Failed to load resource: the server responded with a status of 500 (Internal Server Error) @ http://localhost:4322/resources:0
[ 1167768ms] [ERROR] [vite] Internal Server Error
Cannot read properties of undefined (reading &#39;localeCompare&#39;)
TypeError: Cannot read properties of undefined (reading 'localeCompare')
    at C:\code\zentala.eu\src\pages\resources\index.astro:13:30
    at Array.sort (<anonymous>)
    at C:\code\zentala.eu\src\pages\resources\index.astro:13:4
    at index (C:\code\zentala.eu\node_modules\astro\dist\runtime\server\astro-component.js:16:12)
    at callComponentAsTemplateResultOrResponse (file:///C:/code/zentala.eu/node_modules/astro/dist/runtime/server/render/astro/render.js:90:31)
    at renderToAsyncIterable (file:///C:/code/zentala.eu/node_modules/astro/dist/runtime/server/render/astro/render.js:132:32)
    at renderPage (file:///C:/code/zentala.eu/node_modules/astro/dist/runtime/server/render/page.js:31:30)
    at lastNext (file:///C:/code/zentala.eu/node_modules/astro/dist/core/render-context.js:133:31)
    at process.processTicksAndRejections (node:internal/process/task_queues:105:5)
    at async callMiddleware (file:///C:/code/zentala.eu/node_modules/astro/dist/core/middleware/callMiddleware.js:21:10) @ http://localhost:4322/@vite/client:1385
[ 1167775ms] [ERROR] Failed to load resource: the server responded with a status of 500 (Internal Server Error) @ http://localhost:4322/resources:0
[ 1167881ms] [ERROR] [vite] Internal Server Error
Cannot read properties of undefined (reading &#39;localeCompare&#39;)
TypeError: Cannot read properties of undefined (reading 'localeCompare')
    at C:\code\zentala.eu\src\pages\resources\index.astro:13:30
    at Array.sort (<anonymous>)
    at C:\code\zentala.eu\src\pages\resources\index.astro:13:4
    at index (C:\code\zentala.eu\node_modules\astro\dist\runtime\server\astro-component.js:16:12)
    at callComponentAsTemplateResultOrResponse (file:///C:/code/zentala.eu/node_modules/astro/dist/runtime/server/render/astro/render.js:90:31)
    at renderToAsyncIterable (file:///C:/code/zentala.eu/node_modules/astro/dist/runtime/server/render/astro/render.js:132:32)
    at renderPage (file:///C:/code/zentala.eu/node_modules/astro/dist/runtime/server/render/page.js:31:30)
    at lastNext (file:///C:/code/zentala.eu/node_modules/astro/dist/core/render-context.js:133:31)
    at process.processTicksAndRejections (node:internal/process/task_queues:105:5)
    at async callMiddleware (file:///C:/code/zentala.eu/node_modules/astro/dist/core/middleware/callMiddleware.js:21:10) @ http://localhost:4322/@vite/client:1385
[ 1167906ms] [ERROR] Failed to load resource: the server responded with a status of 500 (Internal Server Error) @ http://localhost:4322/resources:0
[ 1167984ms] [ERROR] [vite] Internal Server Error
Cannot read properties of undefined (reading &#39;localeCompare&#39;)
TypeError: Cannot read properties of undefined (reading 'localeCompare')
    at C:\code\zentala.eu\src\pages\resources\index.astro:13:30
    at Array.sort (<anonymous>)
    at C:\code\zentala.eu\src\pages\resources\index.astro:13:4
    at index (C:\code\zentala.eu\node_modules\astro\dist\runtime\server\astro-component.js:16:12)
    at callComponentAsTemplateResultOrResponse (file:///C:/code/zentala.eu/node_modules/astro/dist/runtime/server/render/astro/render.js:90:31)
    at renderToAsyncIterable (file:///C:/code/zentala.eu/node_modules/astro/dist/runtime/server/render/astro/render.js:132:32)
    at renderPage (file:///C:/code/zentala.eu/node_modules/astro/dist/runtime/server/render/page.js:31:30)
    at lastNext (file:///C:/code/zentala.eu/node_modules/astro/dist/core/render-context.js:133:31)
    at process.processTicksAndRejections (node:internal/process/task_queues:105:5)
    at async callMiddleware (file:///C:/code/zentala.eu/node_modules/astro/dist/core/middleware/callMiddleware.js:21:10) @ http://localhost:4322/@vite/client:1385
[ 1168082ms] [ERROR] Failed to load resource: the server responded with a status of 500 (Internal Server Error) @ http://localhost:4322/resources:0
[ 1168107ms] [ERROR] [vite] Internal Server Error
Cannot read properties of undefined (reading &#39;localeCompare&#39;)
TypeError: Cannot read properties of undefined (reading 'localeCompare')
    at C:\code\zentala.eu\src\pages\resources\index.astro:13:30
    at Array.sort (<anonymous>)
    at C:\code\zentala.eu\src\pages\resources\index.astro:13:4
    at index (C:\code\zentala.eu\node_modules\astro\dist\runtime\server\astro-component.js:16:12)
    at callComponentAsTemplateResultOrResponse (file:///C:/code/zentala.eu/node_modules/astro/dist/runtime/server/render/astro/render.js:90:31)
    at renderToAsyncIterable (file:///C:/code/zentala.eu/node_modules/astro/dist/runtime/server/render/astro/render.js:132:32)
    at renderPage (file:///C:/code/zentala.eu/node_modules/astro/dist/runtime/server/render/page.js:31:30)
    at lastNext (file:///C:/code/zentala.eu/node_modules/astro/dist/core/render-context.js:133:31)
    at process.processTicksAndRejections (node:internal/process/task_queues:105:5)
    at async callMiddleware (file:///C:/code/zentala.eu/node_modules/astro/dist/core/middleware/callMiddleware.js:21:10) @ http://localhost:4322/@vite/client:1385
[ 1168190ms] [ERROR] Failed to load resource: the server responded with a status of 500 (Internal Server Error) @ http://localhost:4322/resources:0
[ 1168293ms] [ERROR] [vite] Internal Server Error
Cannot read properties of undefined (reading &#39;localeCompare&#39;)
TypeError: Cannot read properties of undefined (reading 'localeCompare')
    at C:\code\zentala.eu\src\pages\resources\index.astro:13:30
    at Array.sort (<anonymous>)
    at C:\code\zentala.eu\src\pages\resources\index.astro:13:4
    at index (C:\code\zentala.eu\node_modules\astro\dist\runtime\server\astro-component.js:16:12)
    at callComponentAsTemplateResultOrResponse (file:///C:/code/zentala.eu/node_modules/astro/dist/runtime/server/render/astro/render.js:90:31)
    at renderToAsyncIterable (file:///C:/code/zentala.eu/node_modules/astro/dist/runtime/server/render/astro/render.js:132:32)
    at renderPage (file:///C:/code/zentala.eu/node_modules/astro/dist/runtime/server/render/page.js:31:30)
    at lastNext (file:///C:/code/zentala.eu/node_modules/astro/dist/core/render-context.js:133:31)
    at process.processTicksAndRejections (node:internal/process/task_queues:105:5)
    at async callMiddleware (file:///C:/code/zentala.eu/node_modules/astro/dist/core/middleware/callMiddleware.js:21:10) @ http://localhost:4322/@vite/client:1385
[ 1168299ms] [ERROR] Failed to load resource: the server responded with a status of 500 (Internal Server Error) @ http://localhost:4322/resources:0
[ 1168394ms] [ERROR] Failed to load resource: the server responded with a status of 500 (Internal Server Error) @ http://localhost:4322/resources:0
[ 1168499ms] [ERROR] Failed to load resource: the server responded with a status of 500 (Internal Server Error) @ http://localhost:4322/resources:0
[ 1168601ms] [ERROR] [vite] Internal Server Error
Cannot read properties of undefined (reading &#39;localeCompare&#39;)
TypeError: Cannot read properties of undefined (reading 'localeCompare')
    at C:\code\zentala.eu\src\pages\resources\index.astro:13:30
    at Array.sort (<anonymous>)
    at C:\code\zentala.eu\src\pages\resources\index.astro:13:4
    at index (C:\code\zentala.eu\node_modules\astro\dist\runtime\server\astro-component.js:16:12)
    at callComponentAsTemplateResultOrResponse (file:///C:/code/zentala.eu/node_modules/astro/dist/runtime/server/render/astro/render.js:90:31)
    at renderToAsyncIterable (file:///C:/code/zentala.eu/node_modules/astro/dist/runtime/server/render/astro/render.js:132:32)
    at renderPage (file:///C:/code/zentala.eu/node_modules/astro/dist/runtime/server/render/page.js:31:30)
    at lastNext (file:///C:/code/zentala.eu/node_modules/astro/dist/core/render-context.js:133:31)
    at process.processTicksAndRejections (node:internal/process/task_queues:105:5)
    at async callMiddleware (file:///C:/code/zentala.eu/node_modules/astro/dist/core/middleware/callMiddleware.js:21:10) @ http://localhost:4322/@vite/client:1385
[ 1168608ms] [ERROR] Failed to load resource: the server responded with a status of 500 (Internal Server Error) @ http://localhost:4322/resources:0
[ 1168710ms] [ERROR] [vite] Internal Server Error
Cannot read properties of undefined (reading &#39;localeCompare&#39;)
TypeError: Cannot read properties of undefined (reading 'localeCompare')
    at C:\code\zentala.eu\src\pages\resources\index.astro:13:30
    at Array.sort (<anonymous>)
    at C:\code\zentala.eu\src\pages\resources\index.astro:13:4
    at index (C:\code\zentala.eu\node_modules\astro\dist\runtime\server\astro-component.js:16:12)
    at callComponentAsTemplateResultOrResponse (file:///C:/code/zentala.eu/node_modules/astro/dist/runtime/server/render/astro/render.js:90:31)
    at renderToAsyncIterable (file:///C:/code/zentala.eu/node_modules/astro/dist/runtime/server/render/astro/render.js:132:32)
    at renderPage (file:///C:/code/zentala.eu/node_modules/astro/dist/runtime/server/render/page.js:31:30)
    at lastNext (file:///C:/code/zentala.eu/node_modules/astro/dist/core/render-context.js:133:31)
    at process.processTicksAndRejections (node:internal/process/task_queues:105:5)
    at async callMiddleware (file:///C:/code/zentala.eu/node_modules/astro/dist/core/middleware/callMiddleware.js:21:10) @ http://localhost:4322/@vite/client:1385
[ 1168716ms] [ERROR] Failed to load resource: the server responded with a status of 500 (Internal Server Error) @ http://localhost:4322/resources:0
[ 1168818ms] [ERROR] [vite] Internal Server Error
Cannot read properties of undefined (reading &#39;localeCompare&#39;)
TypeError: Cannot read properties of undefined (reading 'localeCompare')
    at C:\code\zentala.eu\src\pages\resources\index.astro:13:30
    at Array.sort (<anonymous>)
    at C:\code\zentala.eu\src\pages\resources\index.astro:13:4
    at index (C:\code\zentala.eu\node_modules\astro\dist\runtime\server\astro-component.js:16:12)
    at callComponentAsTemplateResultOrResponse (file:///C:/code/zentala.eu/node_modules/astro/dist/runtime/server/render/astro/render.js:90:31)
    at renderToAsyncIterable (file:///C:/code/zentala.eu/node_modules/astro/dist/runtime/server/render/astro/render.js:132:32)
    at renderPage (file:///C:/code/zentala.eu/node_modules/astro/dist/runtime/server/render/page.js:31:30)
    at lastNext (file:///C:/code/zentala.eu/node_modules/astro/dist/core/render-context.js:133:31)
    at process.processTicksAndRejections (node:internal/process/task_queues:105:5)
    at async callMiddleware (file:///C:/code/zentala.eu/node_modules/astro/dist/core/middleware/callMiddleware.js:21:10) @ http://localhost:4322/@vite/client:1385
[ 1168825ms] [ERROR] Failed to load resource: the server responded with a status of 500 (Internal Server Error) @ http://localhost:4322/resources:0
[ 1168925ms] [ERROR] [vite] Internal Server Error
Cannot read properties of undefined (reading &#39;localeCompare&#39;)
TypeError: Cannot read properties of undefined (reading 'localeCompare')
    at C:\code\zentala.eu\src\pages\resources\index.astro:13:30
    at Array.sort (<anonymous>)
    at C:\code\zentala.eu\src\pages\resources\index.astro:13:4
    at index (C:\code\zentala.eu\node_modules\astro\dist\runtime\server\astro-component.js:16:12)
    at callComponentAsTemplateResultOrResponse (file:///C:/code/zentala.eu/node_modules/astro/dist/runtime/server/render/astro/render.js:90:31)
    at renderToAsyncIterable (file:///C:/code/zentala.eu/node_modules/astro/dist/runtime/server/render/astro/render.js:132:32)
    at renderPage (file:///C:/code/zentala.eu/node_modules/astro/dist/runtime/server/render/page.js:31:30)
    at lastNext (file:///C:/code/zentala.eu/node_modules/astro/dist/core/render-context.js:133:31)
    at process.processTicksAndRejections (node:internal/process/task_queues:105:5)
    at async callMiddleware (file:///C:/code/zentala.eu/node_modules/astro/dist/core/middleware/callMiddleware.js:21:10) @ http://localhost:4322/@vite/client:1385
[ 1168932ms] [ERROR] Failed to load resource: the server responded with a status of 500 (Internal Server Error) @ http://localhost:4322/resources:0
[ 1169035ms] [ERROR] [vite] Internal Server Error
Cannot read properties of undefined (reading &#39;localeCompare&#39;)
TypeError: Cannot read properties of undefined (reading 'localeCompare')
    at C:\code\zentala.eu\src\pages\resources\index.astro:13:30
    at Array.sort (<anonymous>)
    at C:\code\zentala.eu\src\pages\resources\index.astro:13:4
    at index (C:\code\zentala.eu\node_modules\astro\dist\runtime\server\astro-component.js:16:12)
    at callComponentAsTemplateResultOrResponse (file:///C:/code/zentala.eu/node_modules/astro/dist/runtime/server/render/astro/render.js:90:31)
    at renderToAsyncIterable (file:///C:/code/zentala.eu/node_modules/astro/dist/runtime/server/render/astro/render.js:132:32)
    at renderPage (file:///C:/code/zentala.eu/node_modules/astro/dist/runtime/server/render/page.js:31:30)
    at lastNext (file:///C:/code/zentala.eu/node_modules/astro/dist/core/render-context.js:133:31)
    at process.processTicksAndRejections (node:internal/process/task_queues:105:5)
    at async callMiddleware (file:///C:/code/zentala.eu/node_modules/astro/dist/core/middleware/callMiddleware.js:21:10) @ http://localhost:4322/@vite/client:1385
[ 1169045ms] [ERROR] Failed to load resource: the server responded with a status of 500 (Internal Server Error) @ http://localhost:4322/resources:0
[ 1169133ms] [ERROR] Failed to load resource: the server responded with a status of 500 (Internal Server Error) @ http://localhost:4322/resources:0
[ 1169239ms] [ERROR] Failed to load resource: the server responded with a status of 500 (Internal Server Error) @ http://localhost:4322/resources:0
[ 1169254ms] [ERROR] [vite] Internal Server Error
Cannot read properties of undefined (reading &#39;localeCompare&#39;)
TypeError: Cannot read properties of undefined (reading 'localeCompare')
    at C:\code\zentala.eu\src\pages\resources\index.astro:13:30
    at Array.sort (<anonymous>)
    at C:\code\zentala.eu\src\pages\resources\index.astro:13:4
    at index (C:\code\zentala.eu\node_modules\astro\dist\runtime\server\astro-component.js:16:12)
    at callComponentAsTemplateResultOrResponse (file:///C:/code/zentala.eu/node_modules/astro/dist/runtime/server/render/astro/render.js:90:31)
    at renderToAsyncIterable (file:///C:/code/zentala.eu/node_modules/astro/dist/runtime/server/render/astro/render.js:132:32)
    at renderPage (file:///C:/code/zentala.eu/node_modules/astro/dist/runtime/server/render/page.js:31:30)
    at lastNext (file:///C:/code/zentala.eu/node_modules/astro/dist/core/render-context.js:133:31)
    at process.processTicksAndRejections (node:internal/process/task_queues:105:5)
    at async callMiddleware (file:///C:/code/zentala.eu/node_modules/astro/dist/core/middleware/callMiddleware.js:21:10) @ http://localhost:4322/@vite/client:1385
[ 1169343ms] [ERROR] [vite] Internal Server Error
Cannot read properties of undefined (reading &#39;localeCompare&#39;)
TypeError: Cannot read properties of undefined (reading 'localeCompare')
    at C:\code\zentala.eu\src\pages\resources\index.astro:13:30
    at Array.sort (<anonymous>)
    at C:\code\zentala.eu\src\pages\resources\index.astro:13:4
    at index (C:\code\zentala.eu\node_modules\astro\dist\runtime\server\astro-component.js:16:12)
    at callComponentAsTemplateResultOrResponse (file:///C:/code/zentala.eu/node_modules/astro/dist/runtime/server/render/astro/render.js:90:31)
    at renderToAsyncIterable (file:///C:/code/zentala.eu/node_modules/astro/dist/runtime/server/render/astro/render.js:132:32)
    at renderPage (file:///C:/code/zentala.eu/node_modules/astro/dist/runtime/server/render/page.js:31:30)
    at lastNext (file:///C:/code/zentala.eu/node_modules/astro/dist/core/render-context.js:133:31)
    at process.processTicksAndRejections (node:internal/process/task_queues:105:5)
    at async callMiddleware (file:///C:/code/zentala.eu/node_modules/astro/dist/core/middleware/callMiddleware.js:21:10) @ http://localhost:4322/@vite/client:1385
[ 1169353ms] [ERROR] Failed to load resource: the server responded with a status of 500 (Internal Server Error) @ http://localhost:4322/resources:0
[ 1169451ms] [ERROR] [vite] Internal Server Error
Cannot read properties of undefined (reading &#39;localeCompare&#39;)
TypeError: Cannot read properties of undefined (reading 'localeCompare')
    at C:\code\zentala.eu\src\pages\resources\index.astro:13:30
    at Array.sort (<anonymous>)
    at C:\code\zentala.eu\src\pages\resources\index.astro:13:4
    at index (C:\code\zentala.eu\node_modules\astro\dist\runtime\server\astro-component.js:16:12)
    at callComponentAsTemplateResultOrResponse (file:///C:/code/zentala.eu/node_modules/astro/dist/runtime/server/render/astro/render.js:90:31)
    at renderToAsyncIterable (file:///C:/code/zentala.eu/node_modules/astro/dist/runtime/server/render/astro/render.js:132:32)
    at renderPage (file:///C:/code/zentala.eu/node_modules/astro/dist/runtime/server/render/page.js:31:30)
    at lastNext (file:///C:/code/zentala.eu/node_modules/astro/dist/core/render-context.js:133:31)
    at process.processTicksAndRejections (node:internal/process/task_queues:105:5)
    at async callMiddleware (file:///C:/code/zentala.eu/node_modules/astro/dist/core/middleware/callMiddleware.js:21:10) @ http://localhost:4322/@vite/client:1385
[ 1169459ms] [ERROR] Failed to load resource: the server responded with a status of 500 (Internal Server Error) @ http://localhost:4322/resources:0
[ 1169558ms] [ERROR] [vite] Internal Server Error
Cannot read properties of undefined (reading &#39;localeCompare&#39;)
TypeError: Cannot read properties of undefined (reading 'localeCompare')
    at C:\code\zentala.eu\src\pages\resources\index.astro:13:30
    at Array.sort (<anonymous>)
    at C:\code\zentala.eu\src\pages\resources\index.astro:13:4
    at index (C:\code\zentala.eu\node_modules\astro\dist\runtime\server\astro-component.js:16:12)
    at callComponentAsTemplateResultOrResponse (file:///C:/code/zentala.eu/node_modules/astro/dist/runtime/server/render/astro/render.js:90:31)
    at renderToAsyncIterable (file:///C:/code/zentala.eu/node_modules/astro/dist/runtime/server/render/astro/render.js:132:32)
    at renderPage (file:///C:/code/zentala.eu/node_modules/astro/dist/runtime/server/render/page.js:31:30)
    at lastNext (file:///C:/code/zentala.eu/node_modules/astro/dist/core/render-context.js:133:31)
    at process.processTicksAndRejections (node:internal/process/task_queues:105:5)
    at async callMiddleware (file:///C:/code/zentala.eu/node_modules/astro/dist/core/middleware/callMiddleware.js:21:10) @ http://localhost:4322/@vite/client:1385
[ 1169566ms] [ERROR] Failed to load resource: the server responded with a status of 500 (Internal Server Error) @ http://localhost:4322/resources:0
[ 1169671ms] [ERROR] [vite] Internal Server Error
Cannot read properties of undefined (reading &#39;localeCompare&#39;)
TypeError: Cannot read properties of undefined (reading 'localeCompare')
    at C:\code\zentala.eu\src\pages\resources\index.astro:13:30
    at Array.sort (<anonymous>)
    at C:\code\zentala.eu\src\pages\resources\index.astro:13:4
    at index (C:\code\zentala.eu\node_modules\astro\dist\runtime\server\astro-component.js:16:12)
    at callComponentAsTemplateResultOrResponse (file:///C:/code/zentala.eu/node_modules/astro/dist/runtime/server/render/astro/render.js:90:31)
    at renderToAsyncIterable (file:///C:/code/zentala.eu/node_modules/astro/dist/runtime/server/render/astro/render.js:132:32)
    at renderPage (file:///C:/code/zentala.eu/node_modules/astro/dist/runtime/server/render/page.js:31:30)
    at lastNext (file:///C:/code/zentala.eu/node_modules/astro/dist/core/render-context.js:133:31)
    at process.processTicksAndRejections (node:internal/process/task_queues:105:5)
    at async callMiddleware (file:///C:/code/zentala.eu/node_modules/astro/dist/core/middleware/callMiddleware.js:21:10) @ http://localhost:4322/@vite/client:1385
[ 1169678ms] [ERROR] Failed to load resource: the server responded with a status of 500 (Internal Server Error) @ http://localhost:4322/resources:0
[ 1169773ms] [ERROR] [vite] Internal Server Error
Cannot read properties of undefined (reading &#39;localeCompare&#39;)
TypeError: Cannot read properties of undefined (reading 'localeCompare')
    at C:\code\zentala.eu\src\pages\resources\index.astro:13:30
    at Array.sort (<anonymous>)
    at C:\code\zentala.eu\src\pages\resources\index.astro:13:4
    at index (C:\code\zentala.eu\node_modules\astro\dist\runtime\server\astro-component.js:16:12)
    at callComponentAsTemplateResultOrResponse (file:///C:/code/zentala.eu/node_modules/astro/dist/runtime/server/render/astro/render.js:90:31)
    at renderToAsyncIterable (file:///C:/code/zentala.eu/node_modules/astro/dist/runtime/server/render/astro/render.js:132:32)
    at renderPage (file:///C:/code/zentala.eu/node_modules/astro/dist/runtime/server/render/page.js:31:30)
    at lastNext (file:///C:/code/zentala.eu/node_modules/astro/dist/core/render-context.js:133:31)
    at process.processTicksAndRejections (node:internal/process/task_queues:105:5)
    at async callMiddleware (file:///C:/code/zentala.eu/node_modules/astro/dist/core/middleware/callMiddleware.js:21:10) @ http://localhost:4322/@vite/client:1385
[ 1169780ms] [ERROR] Failed to load resource: the server responded with a status of 500 (Internal Server Error) @ http://localhost:4322/resources:0
[ 1169886ms] [ERROR] Failed to load resource: the server responded with a status of 500 (Internal Server Error) @ http://localhost:4322/resources:0
[ 1169988ms] [ERROR] [vite] Internal Server Error
Cannot read properties of undefined (reading &#39;localeCompare&#39;)
TypeError: Cannot read properties of undefined (reading 'localeCompare')
    at C:\code\zentala.eu\src\pages\resources\index.astro:13:30
    at Array.sort (<anonymous>)
    at C:\code\zentala.eu\src\pages\resources\index.astro:13:4
    at index (C:\code\zentala.eu\node_modules\astro\dist\runtime\server\astro-component.js:16:12)
    at callComponentAsTemplateResultOrResponse (file:///C:/code/zentala.eu/node_modules/astro/dist/runtime/server/render/astro/render.js:90:31)
    at renderToAsyncIterable (file:///C:/code/zentala.eu/node_modules/astro/dist/runtime/server/render/astro/render.js:132:32)
    at renderPage (file:///C:/code/zentala.eu/node_modules/astro/dist/runtime/server/render/page.js:31:30)
    at lastNext (file:///C:/code/zentala.eu/node_modules/astro/dist/core/render-context.js:133:31)
    at process.processTicksAndRejections (node:internal/process/task_queues:105:5)
    at async callMiddleware (file:///C:/code/zentala.eu/node_modules/astro/dist/core/middleware/callMiddleware.js:21:10) @ http://localhost:4322/@vite/client:1385
[ 1169999ms] [ERROR] Failed to load resource: the server responded with a status of 500 (Internal Server Error) @ http://localhost:4322/resources:0
[ 1170094ms] [ERROR] [vite] Internal Server Error
Cannot read properties of undefined (reading &#39;localeCompare&#39;)
TypeError: Cannot read properties of undefined (reading 'localeCompare')
    at C:\code\zentala.eu\src\pages\resources\index.astro:13:30
    at Array.sort (<anonymous>)
    at C:\code\zentala.eu\src\pages\resources\index.astro:13:4
    at index (C:\code\zentala.eu\node_modules\astro\dist\runtime\server\astro-component.js:16:12)
    at callComponentAsTemplateResultOrResponse (file:///C:/code/zentala.eu/node_modules/astro/dist/runtime/server/render/astro/render.js:90:31)
    at renderToAsyncIterable (file:///C:/code/zentala.eu/node_modules/astro/dist/runtime/server/render/astro/render.js:132:32)
    at renderPage (file:///C:/code/zentala.eu/node_modules/astro/dist/runtime/server/render/page.js:31:30)
    at lastNext (file:///C:/code/zentala.eu/node_modules/astro/dist/core/render-context.js:133:31)
    at process.processTicksAndRejections (node:internal/process/task_queues:105:5)
    at async callMiddleware (file:///C:/code/zentala.eu/node_modules/astro/dist/core/middleware/callMiddleware.js:21:10) @ http://localhost:4322/@vite/client:1385
[ 1170104ms] [ERROR] Failed to load resource: the server responded with a status of 500 (Internal Server Error) @ http://localhost:4322/resources:0
[ 1170207ms] [ERROR] Failed to load resource: the server responded with a status of 500 (Internal Server Error) @ http://localhost:4322/resources:0
[ 1170309ms] [ERROR] [vite] Internal Server Error
Cannot read properties of undefined (reading &#39;localeCompare&#39;)
TypeError: Cannot read properties of undefined (reading 'localeCompare')
    at C:\code\zentala.eu\src\pages\resources\index.astro:13:30
    at Array.sort (<anonymous>)
    at C:\code\zentala.eu\src\pages\resources\index.astro:13:4
    at index (C:\code\zentala.eu\node_modules\astro\dist\runtime\server\astro-component.js:16:12)
    at callComponentAsTemplateResultOrResponse (file:///C:/code/zentala.eu/node_modules/astro/dist/runtime/server/render/astro/render.js:90:31)
    at renderToAsyncIterable (file:///C:/code/zentala.eu/node_modules/astro/dist/runtime/server/render/astro/render.js:132:32)
    at renderPage (file:///C:/code/zentala.eu/node_modules/astro/dist/runtime/server/render/page.js:31:30)
    at lastNext (file:///C:/code/zentala.eu/node_modules/astro/dist/core/render-context.js:133:31)
    at process.processTicksAndRejections (node:internal/process/task_queues:105:5)
    at async callMiddleware (file:///C:/code/zentala.eu/node_modules/astro/dist/core/middleware/callMiddleware.js:21:10) @ http://localhost:4322/@vite/client:1385
[ 1170317ms] [ERROR] Failed to load resource: the server responded with a status of 500 (Internal Server Error) @ http://localhost:4322/resources:0
[ 1170419ms] [ERROR] [vite] Internal Server Error
Cannot read properties of undefined (reading &#39;localeCompare&#39;)
TypeError: Cannot read properties of undefined (reading 'localeCompare')
    at C:\code\zentala.eu\src\pages\resources\index.astro:13:30
    at Array.sort (<anonymous>)
    at C:\code\zentala.eu\src\pages\resources\index.astro:13:4
    at index (C:\code\zentala.eu\node_modules\astro\dist\runtime\server\astro-component.js:16:12)
    at callComponentAsTemplateResultOrResponse (file:///C:/code/zentala.eu/node_modules/astro/dist/runtime/server/render/astro/render.js:90:31)
    at renderToAsyncIterable (file:///C:/code/zentala.eu/node_modules/astro/dist/runtime/server/render/astro/render.js:132:32)
    at renderPage (file:///C:/code/zentala.eu/node_modules/astro/dist/runtime/server/render/page.js:31:30)
    at lastNext (file:///C:/code/zentala.eu/node_modules/astro/dist/core/render-context.js:133:31)
    at process.processTicksAndRejections (node:internal/process/task_queues:105:5)
    at async callMiddleware (file:///C:/code/zentala.eu/node_modules/astro/dist/core/middleware/callMiddleware.js:21:10) @ http://localhost:4322/@vite/client:1385
[ 1170428ms] [ERROR] Failed to load resource: the server responded with a status of 500 (Internal Server Error) @ http://localhost:4322/resources:0
[ 1170526ms] [ERROR] [vite] Internal Server Error
Cannot read properties of undefined (reading &#39;localeCompare&#39;)
TypeError: Cannot read properties of undefined (reading 'localeCompare')
    at C:\code\zentala.eu\src\pages\resources\index.astro:13:30
    at Array.sort (<anonymous>)
    at C:\code\zentala.eu\src\pages\resources\index.astro:13:4
    at index (C:\code\zentala.eu\node_modules\astro\dist\runtime\server\astro-component.js:16:12)
    at callComponentAsTemplateResultOrResponse (file:///C:/code/zentala.eu/node_modules/astro/dist/runtime/server/render/astro/render.js:90:31)
    at renderToAsyncIterable (file:///C:/code/zentala.eu/node_modules/astro/dist/runtime/server/render/astro/render.js:132:32)
    at renderPage (file:///C:/code/zentala.eu/node_modules/astro/dist/runtime/server/render/page.js:31:30)
    at lastNext (file:///C:/code/zentala.eu/node_modules/astro/dist/core/render-context.js:133:31)
    at process.processTicksAndRejections (node:internal/process/task_queues:105:5)
    at async callMiddleware (file:///C:/code/zentala.eu/node_modules/astro/dist/core/middleware/callMiddleware.js:21:10) @ http://localhost:4322/@vite/client:1385
[ 1170533ms] [ERROR] Failed to load resource: the server responded with a status of 500 (Internal Server Error) @ http://localhost:4322/resources:0
[ 1170636ms] [ERROR] [vite] Internal Server Error
Cannot read properties of undefined (reading &#39;localeCompare&#39;)
TypeError: Cannot read properties of undefined (reading 'localeCompare')
    at C:\code\zentala.eu\src\pages\resources\index.astro:13:30
    at Array.sort (<anonymous>)
    at C:\code\zentala.eu\src\pages\resources\index.astro:13:4
    at index (C:\code\zentala.eu\node_modules\astro\dist\runtime\server\astro-component.js:16:12)
    at callComponentAsTemplateResultOrResponse (file:///C:/code/zentala.eu/node_modules/astro/dist/runtime/server/render/astro/render.js:90:31)
    at renderToAsyncIterable (file:///C:/code/zentala.eu/node_modules/astro/dist/runtime/server/render/astro/render.js:132:32)
    at renderPage (file:///C:/code/zentala.eu/node_modules/astro/dist/runtime/server/render/page.js:31:30)
    at lastNext (file:///C:/code/zentala.eu/node_modules/astro/dist/core/render-context.js:133:31)
    at process.processTicksAndRejections (node:internal/process/task_queues:105:5)
    at async callMiddleware (file:///C:/code/zentala.eu/node_modules/astro/dist/core/middleware/callMiddleware.js:21:10) @ http://localhost:4322/@vite/client:1385
[ 1170642ms] [ERROR] Failed to load resource: the server responded with a status of 500 (Internal Server Error) @ http://localhost:4322/resources:0
[ 1170742ms] [ERROR] [vite] Internal Server Error
Cannot read properties of undefined (reading &#39;localeCompare&#39;)
TypeError: Cannot read properties of undefined (reading 'localeCompare')
    at C:\code\zentala.eu\src\pages\resources\index.astro:13:30
    at Array.sort (<anonymous>)
    at C:\code\zentala.eu\src\pages\resources\index.astro:13:4
    at index (C:\code\zentala.eu\node_modules\astro\dist\runtime\server\astro-component.js:16:12)
    at callComponentAsTemplateResultOrResponse (file:///C:/code/zentala.eu/node_modules/astro/dist/runtime/server/render/astro/render.js:90:31)
    at renderToAsyncIterable (file:///C:/code/zentala.eu/node_modules/astro/dist/runtime/server/render/astro/render.js:132:32)
    at renderPage (file:///C:/code/zentala.eu/node_modules/astro/dist/runtime/server/render/page.js:31:30)
    at lastNext (file:///C:/code/zentala.eu/node_modules/astro/dist/core/render-context.js:133:31)
    at process.processTicksAndRejections (node:internal/process/task_queues:105:5)
    at async callMiddleware (file:///C:/code/zentala.eu/node_modules/astro/dist/core/middleware/callMiddleware.js:21:10) @ http://localhost:4322/@vite/client:1385
[ 1170751ms] [ERROR] Failed to load resource: the server responded with a status of 500 (Internal Server Error) @ http://localhost:4322/resources:0
[ 1170848ms] [ERROR] [vite] Internal Server Error
Cannot read properties of undefined (reading &#39;localeCompare&#39;)
TypeError: Cannot read properties of undefined (reading 'localeCompare')
    at C:\code\zentala.eu\src\pages\resources\index.astro:13:30
    at Array.sort (<anonymous>)
    at C:\code\zentala.eu\src\pages\resources\index.astro:13:4
    at index (C:\code\zentala.eu\node_modules\astro\dist\runtime\server\astro-component.js:16:12)
    at callComponentAsTemplateResultOrResponse (file:///C:/code/zentala.eu/node_modules/astro/dist/runtime/server/render/astro/render.js:90:31)
    at renderToAsyncIterable (file:///C:/code/zentala.eu/node_modules/astro/dist/runtime/server/render/astro/render.js:132:32)
    at renderPage (file:///C:/code/zentala.eu/node_modules/astro/dist/runtime/server/render/page.js:31:30)
    at lastNext (file:///C:/code/zentala.eu/node_modules/astro/dist/core/render-context.js:133:31)
    at process.processTicksAndRejections (node:internal/process/task_queues:105:5)
    at async callMiddleware (file:///C:/code/zentala.eu/node_modules/astro/dist/core/middleware/callMiddleware.js:21:10) @ http://localhost:4322/@vite/client:1385
[ 1170856ms] [ERROR] Failed to load resource: the server responded with a status of 500 (Internal Server Error) @ http://localhost:4322/resources:0
[ 1170958ms] [ERROR] [vite] Internal Server Error
Cannot read properties of undefined (reading &#39;localeCompare&#39;)
TypeError: Cannot read properties of undefined (reading 'localeCompare')
    at C:\code\zentala.eu\src\pages\resources\index.astro:13:30
    at Array.sort (<anonymous>)
    at C:\code\zentala.eu\src\pages\resources\index.astro:13:4
    at index (C:\code\zentala.eu\node_modules\astro\dist\runtime\server\astro-component.js:16:12)
    at callComponentAsTemplateResultOrResponse (file:///C:/code/zentala.eu/node_modules/astro/dist/runtime/server/render/astro/render.js:90:31)
    at renderToAsyncIterable (file:///C:/code/zentala.eu/node_modules/astro/dist/runtime/server/render/astro/render.js:132:32)
    at renderPage (file:///C:/code/zentala.eu/node_modules/astro/dist/runtime/server/render/page.js:31:30)
    at lastNext (file:///C:/code/zentala.eu/node_modules/astro/dist/core/render-context.js:133:31)
    at process.processTicksAndRejections (node:internal/process/task_queues:105:5)
    at async callMiddleware (file:///C:/code/zentala.eu/node_modules/astro/dist/core/middleware/callMiddleware.js:21:10) @ http://localhost:4322/@vite/client:1385
[ 1170968ms] [ERROR] Failed to load resource: the server responded with a status of 500 (Internal Server Error) @ http://localhost:4322/resources:0
[ 1171058ms] [ERROR] [vite] Internal Server Error
Cannot read properties of undefined (reading &#39;localeCompare&#39;)
TypeError: Cannot read properties of undefined (reading 'localeCompare')
    at C:\code\zentala.eu\src\pages\resources\index.astro:13:30
    at Array.sort (<anonymous>)
    at C:\code\zentala.eu\src\pages\resources\index.astro:13:4
    at index (C:\code\zentala.eu\node_modules\astro\dist\runtime\server\astro-component.js:16:12)
    at callComponentAsTemplateResultOrResponse (file:///C:/code/zentala.eu/node_modules/astro/dist/runtime/server/render/astro/render.js:90:31)
    at renderToAsyncIterable (file:///C:/code/zentala.eu/node_modules/astro/dist/runtime/server/render/astro/render.js:132:32)
    at renderPage (file:///C:/code/zentala.eu/node_modules/astro/dist/runtime/server/render/page.js:31:30)
    at lastNext (file:///C:/code/zentala.eu/node_modules/astro/dist/core/render-context.js:133:31)
    at process.processTicksAndRejections (node:internal/process/task_queues:105:5)
    at async callMiddleware (file:///C:/code/zentala.eu/node_modules/astro/dist/core/middleware/callMiddleware.js:21:10) @ http://localhost:4322/@vite/client:1385
[ 1171071ms] [ERROR] Failed to load resource: the server responded with a status of 500 (Internal Server Error) @ http://localhost:4322/resources:0
[ 1171171ms] [ERROR] [vite] Internal Server Error
Cannot read properties of undefined (reading &#39;localeCompare&#39;)
TypeError: Cannot read properties of undefined (reading 'localeCompare')
    at C:\code\zentala.eu\src\pages\resources\index.astro:13:30
    at Array.sort (<anonymous>)
    at C:\code\zentala.eu\src\pages\resources\index.astro:13:4
    at index (C:\code\zentala.eu\node_modules\astro\dist\runtime\server\astro-component.js:16:12)
    at callComponentAsTemplateResultOrResponse (file:///C:/code/zentala.eu/node_modules/astro/dist/runtime/server/render/astro/render.js:90:31)
    at renderToAsyncIterable (file:///C:/code/zentala.eu/node_modules/astro/dist/runtime/server/render/astro/render.js:132:32)
    at renderPage (file:///C:/code/zentala.eu/node_modules/astro/dist/runtime/server/render/page.js:31:30)
    at lastNext (file:///C:/code/zentala.eu/node_modules/astro/dist/core/render-context.js:133:31)
    at process.processTicksAndRejections (node:internal/process/task_queues:105:5)
    at async callMiddleware (file:///C:/code/zentala.eu/node_modules/astro/dist/core/middleware/callMiddleware.js:21:10) @ http://localhost:4322/@vite/client:1385
[ 1171179ms] [ERROR] Failed to load resource: the server responded with a status of 500 (Internal Server Error) @ http://localhost:4322/resources:0
[ 1171281ms] [ERROR] [vite] Internal Server Error
Cannot read properties of undefined (reading &#39;localeCompare&#39;)
TypeError: Cannot read properties of undefined (reading 'localeCompare')
    at C:\code\zentala.eu\src\pages\resources\index.astro:13:30
    at Array.sort (<anonymous>)
    at C:\code\zentala.eu\src\pages\resources\index.astro:13:4
    at index (C:\code\zentala.eu\node_modules\astro\dist\runtime\server\astro-component.js:16:12)
    at callComponentAsTemplateResultOrResponse (file:///C:/code/zentala.eu/node_modules/astro/dist/runtime/server/render/astro/render.js:90:31)
    at renderToAsyncIterable (file:///C:/code/zentala.eu/node_modules/astro/dist/runtime/server/render/astro/render.js:132:32)
    at renderPage (file:///C:/code/zentala.eu/node_modules/astro/dist/runtime/server/render/page.js:31:30)
    at lastNext (file:///C:/code/zentala.eu/node_modules/astro/dist/core/render-context.js:133:31)
    at process.processTicksAndRejections (node:internal/process/task_queues:105:5)
    at async callMiddleware (file:///C:/code/zentala.eu/node_modules/astro/dist/core/middleware/callMiddleware.js:21:10) @ http://localhost:4322/@vite/client:1385
[ 1171538ms] [LOG] Initializing Algolia client... @ http://localhost:4322/src/lib/algoliaClient.ts:24
[ 1171538ms] [LOG] Environment variables: {appId: undefined, apiKey: undefined, indexName: undefined} @ http://localhost:4322/src/lib/algoliaClient.ts:28
[ 1171538ms] [LOG] Using mock Algolia client @ http://localhost:4322/src/lib/algoliaClient.ts:37
[ 1171538ms] [LOG] Final searchClient type: object @ http://localhost:4322/src/lib/algoliaClient.ts:43
[ 1171538ms] [LOG] Final searchIndex: eu_zentala_io @ http://localhost:4322/src/lib/algoliaClient.ts:44
[ 1171538ms] [LOG] Final searchClient methods: [search] @ http://localhost:4322/src/lib/algoliaClient.ts:45
[ 1171559ms] [LOG] AlgoliaSearch component initializing... @ http://localhost:4322/src/components/AlgoliaSearch.astro?astro&type=script&index=0&lang.ts:2
[ 1171559ms] [LOG] searchClient type: object @ http://localhost:4322/src/components/AlgoliaSearch.astro?astro&type=script&index=0&lang.ts:3
[ 1171560ms] [LOG] searchClient methods: [search] @ http://localhost:4322/src/components/AlgoliaSearch.astro?astro&type=script&index=0&lang.ts:4
[ 1171560ms] [LOG] searchIndex: eu_zentala_io @ http://localhost:4322/src/components/AlgoliaSearch.astro?astro&type=script&index=0&lang.ts:5
[ 1171560ms] [LOG] AlgoliaSearch component initialized @ http://localhost:4322/src/components/AlgoliaSearch.astro?astro&type=script&index=0&lang.ts:123
[ 1171577ms] [ERROR] [vite] Internal Server Error
Cannot read properties of undefined (reading &#39;localeCompare&#39;)
TypeError: Cannot read properties of undefined (reading 'localeCompare')
    at C:\code\zentala.eu\src\pages\resources\index.astro:13:30
    at Array.sort (<anonymous>)
    at C:\code\zentala.eu\src\pages\resources\index.astro:13:4
    at index (C:\code\zentala.eu\node_modules\astro\dist\runtime\server\astro-component.js:16:12)
    at callComponentAsTemplateResultOrResponse (file:///C:/code/zentala.eu/node_modules/astro/dist/runtime/server/render/astro/render.js:90:31)
    at renderToAsyncIterable (file:///C:/code/zentala.eu/node_modules/astro/dist/runtime/server/render/astro/render.js:132:32)
    at renderPage (file:///C:/code/zentala.eu/node_modules/astro/dist/runtime/server/render/page.js:31:30)
    at lastNext (file:///C:/code/zentala.eu/node_modules/astro/dist/core/render-context.js:133:31)
    at process.processTicksAndRejections (node:internal/process/task_queues:105:5)
    at async callMiddleware (file:///C:/code/zentala.eu/node_modules/astro/dist/core/middleware/callMiddleware.js:21:10) @ http://localhost:4322/@vite/client:1385
[ 1171742ms] [LOG] Initializing Algolia client... @ http://localhost:4322/src/lib/algoliaClient.ts:24
[ 1171742ms] [LOG] Environment variables: {appId: undefined, apiKey: undefined, indexName: undefined} @ http://localhost:4322/src/lib/algoliaClient.ts:28
[ 1171742ms] [LOG] Using mock Algolia client @ http://localhost:4322/src/lib/algoliaClient.ts:37
[ 1171742ms] [LOG] Final searchClient type: object @ http://localhost:4322/src/lib/algoliaClient.ts:43
[ 1171742ms] [LOG] Final searchIndex: eu_zentala_io @ http://localhost:4322/src/lib/algoliaClient.ts:44
[ 1171742ms] [LOG] Final searchClient methods: [search] @ http://localhost:4322/src/lib/algoliaClient.ts:45
[ 1171745ms] [LOG] AlgoliaSearch component initializing... @ http://localhost:4322/src/components/AlgoliaSearch.astro?astro&type=script&index=0&lang.ts:2
[ 1171745ms] [LOG] searchClient type: object @ http://localhost:4322/src/components/AlgoliaSearch.astro?astro&type=script&index=0&lang.ts:3
[ 1171746ms] [LOG] searchClient methods: [search] @ http://localhost:4322/src/components/AlgoliaSearch.astro?astro&type=script&index=0&lang.ts:4
[ 1171746ms] [LOG] searchIndex: eu_zentala_io @ http://localhost:4322/src/components/AlgoliaSearch.astro?astro&type=script&index=0&lang.ts:5
[ 1171746ms] [LOG] AlgoliaSearch component initialized @ http://localhost:4322/src/components/AlgoliaSearch.astro?astro&type=script&index=0&lang.ts:123
[ 1176684ms] [LOG] Initializing Algolia client... @ http://localhost:4322/src/lib/algoliaClient.ts:24
[ 1176684ms] [LOG] Environment variables: {appId: undefined, apiKey: undefined, indexName: undefined} @ http://localhost:4322/src/lib/algoliaClient.ts:28
[ 1176684ms] [LOG] Using mock Algolia client @ http://localhost:4322/src/lib/algoliaClient.ts:37
[ 1176684ms] [LOG] Final searchClient type: object @ http://localhost:4322/src/lib/algoliaClient.ts:43
[ 1176684ms] [LOG] Final searchIndex: eu_zentala_io @ http://localhost:4322/src/lib/algoliaClient.ts:44
[ 1176684ms] [LOG] Final searchClient methods: [search] @ http://localhost:4322/src/lib/algoliaClient.ts:45
[ 1176771ms] [LOG] AlgoliaSearch component initializing... @ http://localhost:4322/src/components/AlgoliaSearch.astro?astro&type=script&index=0&lang.ts:2
[ 1176771ms] [LOG] searchClient type: object @ http://localhost:4322/src/components/AlgoliaSearch.astro?astro&type=script&index=0&lang.ts:3
[ 1176771ms] [LOG] searchClient methods: [search] @ http://localhost:4322/src/components/AlgoliaSearch.astro?astro&type=script&index=0&lang.ts:4
[ 1176771ms] [LOG] searchIndex: eu_zentala_io @ http://localhost:4322/src/components/AlgoliaSearch.astro?astro&type=script&index=0&lang.ts:5
[ 1176772ms] [LOG] AlgoliaSearch component initialized @ http://localhost:4322/src/components/AlgoliaSearch.astro?astro&type=script&index=0&lang.ts:123
[ 1185256ms] [LOG] Initializing Algolia client... @ http://localhost:4322/src/lib/algoliaClient.ts:24
[ 1185256ms] [LOG] Environment variables: {appId: undefined, apiKey: undefined, indexName: undefined} @ http://localhost:4322/src/lib/algoliaClient.ts:28
[ 1185256ms] [LOG] Using mock Algolia client @ http://localhost:4322/src/lib/algoliaClient.ts:37
[ 1185256ms] [LOG] Final searchClient type: object @ http://localhost:4322/src/lib/algoliaClient.ts:43
[ 1185256ms] [LOG] Final searchIndex: eu_zentala_io @ http://localhost:4322/src/lib/algoliaClient.ts:44
[ 1185256ms] [LOG] Final searchClient methods: [search] @ http://localhost:4322/src/lib/algoliaClient.ts:45
[ 1185354ms] [LOG] AlgoliaSearch component initializing... @ http://localhost:4322/src/components/AlgoliaSearch.astro?astro&type=script&index=0&lang.ts:2
[ 1185355ms] [LOG] searchClient type: object @ http://localhost:4322/src/components/AlgoliaSearch.astro?astro&type=script&index=0&lang.ts:3
[ 1185355ms] [LOG] searchClient methods: [search] @ http://localhost:4322/src/components/AlgoliaSearch.astro?astro&type=script&index=0&lang.ts:4
[ 1185355ms] [LOG] searchIndex: eu_zentala_io @ http://localhost:4322/src/components/AlgoliaSearch.astro?astro&type=script&index=0&lang.ts:5
[ 1185355ms] [LOG] AlgoliaSearch component initialized @ http://localhost:4322/src/components/AlgoliaSearch.astro?astro&type=script&index=0&lang.ts:123
[ 1192949ms] [LOG] Initializing Algolia client... @ http://localhost:4322/src/lib/algoliaClient.ts:24
[ 1192949ms] [LOG] Environment variables: {appId: undefined, apiKey: undefined, indexName: undefined} @ http://localhost:4322/src/lib/algoliaClient.ts:28
[ 1192949ms] [LOG] Using mock Algolia client @ http://localhost:4322/src/lib/algoliaClient.ts:37
[ 1192949ms] [LOG] Final searchClient type: object @ http://localhost:4322/src/lib/algoliaClient.ts:43
[ 1192949ms] [LOG] Final searchIndex: eu_zentala_io @ http://localhost:4322/src/lib/algoliaClient.ts:44
[ 1192949ms] [LOG] Final searchClient methods: [search] @ http://localhost:4322/src/lib/algoliaClient.ts:45
[ 1193042ms] [LOG] AlgoliaSearch component initializing... @ http://localhost:4322/src/components/AlgoliaSearch.astro?astro&type=script&index=0&lang.ts:2
[ 1193042ms] [LOG] searchClient type: object @ http://localhost:4322/src/components/AlgoliaSearch.astro?astro&type=script&index=0&lang.ts:3
[ 1193042ms] [LOG] searchClient methods: [search] @ http://localhost:4322/src/components/AlgoliaSearch.astro?astro&type=script&index=0&lang.ts:4
[ 1193042ms] [LOG] searchIndex: eu_zentala_io @ http://localhost:4322/src/components/AlgoliaSearch.astro?astro&type=script&index=0&lang.ts:5
[ 1193042ms] [LOG] AlgoliaSearch component initialized @ http://localhost:4322/src/components/AlgoliaSearch.astro?astro&type=script&index=0&lang.ts:123
[ 1193935ms] [LOG] Initializing Algolia client... @ http://localhost:4322/src/lib/algoliaClient.ts:24
[ 1193935ms] [LOG] Environment variables: {appId: undefined, apiKey: undefined, indexName: undefined} @ http://localhost:4322/src/lib/algoliaClient.ts:28
[ 1193935ms] [LOG] Using mock Algolia client @ http://localhost:4322/src/lib/algoliaClient.ts:37
[ 1193935ms] [LOG] Final searchClient type: object @ http://localhost:4322/src/lib/algoliaClient.ts:43
[ 1193935ms] [LOG] Final searchIndex: eu_zentala_io @ http://localhost:4322/src/lib/algoliaClient.ts:44
[ 1193935ms] [LOG] Final searchClient methods: [search] @ http://localhost:4322/src/lib/algoliaClient.ts:45
[ 1194018ms] [LOG] AlgoliaSearch component initializing... @ http://localhost:4322/src/components/AlgoliaSearch.astro?astro&type=script&index=0&lang.ts:2
[ 1194018ms] [LOG] searchClient type: object @ http://localhost:4322/src/components/AlgoliaSearch.astro?astro&type=script&index=0&lang.ts:3
[ 1194018ms] [LOG] searchClient methods: [search] @ http://localhost:4322/src/components/AlgoliaSearch.astro?astro&type=script&index=0&lang.ts:4
[ 1194018ms] [LOG] searchIndex: eu_zentala_io @ http://localhost:4322/src/components/AlgoliaSearch.astro?astro&type=script&index=0&lang.ts:5
[ 1194018ms] [LOG] AlgoliaSearch component initialized @ http://localhost:4322/src/components/AlgoliaSearch.astro?astro&type=script&index=0&lang.ts:123
